ok
已删除校准缓存: D:\MyProject\kaas-platform\rpa-qianniu\config\vision_calibration.json
2026-03-22 17:39:09 | INFO | ui_selectors | 已加载 UI 选择器: config/selectors.json
D:\MyProject\kaas-platform\rpa-qianniu\.venv\Lib\site-packages\requests\__init__.py:113: RequestsDependencyWarning: urllib3 (2.6.3) or chardet (7.2.0)/charset_normalizer (3.4.6) doesn't match a supported version!
  warnings.warn(
[33mConnectivity check to the model hoster has been skipped because `PADDLE_PDX_DISABLE_MODEL_SOURCE_CHECK` is enabled.[0m
D:\MyProject\kaas-platform\rpa-qianniu\.venv\Lib\site-packages\paddle\utils\cpp_extension\extension_utils.py:718: UserWarning: No ccache found. Please be aware that recompiling all source files may be required. You can download and install ccache from: https://github.com/ccache/ccache/blob/master/doc/INSTALL.md
  warnings.warn(warning_message)
[32mCreating model: ('PP-LCNet_x1_0_doc_ori', None)[0m
[32mModel files already exist. Using cached files. To redownload, please delete the directory manually: `C:\Users\76516\.paddlex\official_models\PP-LCNet_x1_0_doc_ori`.[0m
[32mCreating model: ('UVDoc', None)[0m
[32mModel files already exist. Using cached files. To redownload, please delete the directory manually: `C:\Users\76516\.paddlex\official_models\UVDoc`.[0m
[32mCreating model: ('PP-LCNet_x1_0_textline_ori', None)[0m
[32mModel files already exist. Using cached files. To redownload, please delete the directory manually: `C:\Users\76516\.paddlex\official_models\PP-LCNet_x1_0_textline_ori`.[0m
[32mCreating model: ('PP-OCRv5_server_det', None)[0m
[32mModel files already exist. Using cached files. To redownload, please delete the directory manually: `C:\Users\76516\.paddlex\official_models\PP-OCRv5_server_det`.[0m
[32mCreating model: ('PP-OCRv5_server_rec', None)[0m
[32mModel files already exist. Using cached files. To redownload, please delete the directory manually: `C:\Users\76516\.paddlex\official_models\PP-OCRv5_server_rec`.[0m
已写入: D:\MyProject\kaas-platform\rpa-qianniu\debug\20260322_174038_smoke_vision_regions_calibrate.png | mode=calibrate cal_source=calibration
同目录日志: D:\MyProject\kaas-platform\rpa-qianniu\debug\20260322_174038_smoke_vision_regions_calibrate.log
请检查：左栏是否包住会话列表；紫框 input_area 是否覆盖底栏「输入+发送」；橙框 message_area 是否主要为气泡区。
x
2026-03-22 17:46:56 | INFO | ui_selectors | 已加载 UI 选择器: config/selectors.json
2026-03-22 17:46:56 | INFO | vision_layout | [校准] 复用缓存 window_size=1638x788
已写入: D:\MyProject\kaas-platform\rpa-qianniu\debug\20260322_174656_unread_detect.png | dots=0 cal_source=cache
同目录日志: D:\MyProject\kaas-platform\rpa-qianniu\debug\20260322_174656_unread_detect.log
请确认：黄框为 left_panel；红圈+十字为检测到的未读红点（自上而下 #0,#1,…）。
2026-03-22 17:57:52 | INFO | ui_selectors | 已加载 UI 选择器: config/selectors.json
2026-03-22 17:57:53 | INFO | vision_layout | [校准] 复用缓存 window_size=1638x788
已写入: D:\MyProject\kaas-platform\rpa-qianniu\debug\20260322_175753_unread_detect.png | dots=0 cal_source=cache
同目录日志: D:\MyProject\kaas-platform\rpa-qianniu\debug\20260322_175753_unread_detect.log
请确认：黄框为 left_panel；红圈+十字为检测到的未读红点（自上而下 #0,#1,…）。
2026-03-22 17:59:51 | INFO | ui_selectors | 已加载 UI 选择器: config/selectors.json
2026-03-22 17:59:51 | INFO | vision_layout | [校准] 复用缓存 window_size=1638x788
D:\MyProject\kaas-platform\rpa-qianniu\.venv\Lib\site-packages\requests\__init__.py:113: RequestsDependencyWarning: urllib3 (2.6.3) or chardet (7.2.0)/charset_normalizer (3.4.6) doesn't match a supported version!
  warnings.warn(
[33mConnectivity check to the model hoster has been skipped because `PADDLE_PDX_DISABLE_MODEL_SOURCE_CHECK` is enabled.[0m
D:\MyProject\kaas-platform\rpa-qianniu\.venv\Lib\site-packages\paddle\utils\cpp_extension\extension_utils.py:718: UserWarning: No ccache found. Please be aware that recompiling all source files may be required. You can download and install ccache from: https://github.com/ccache/ccache/blob/master/doc/INSTALL.md
  warnings.warn(warning_message)
[32mCreating model: ('PP-LCNet_x1_0_doc_ori', None)[0m
[32mModel files already exist. Using cached files. To redownload, please delete the directory manually: `C:\Users\76516\.paddlex\official_models\PP-LCNet_x1_0_doc_ori`.[0m
[32mCreating model: ('UVDoc', None)[0m
[32mModel files already exist. Using cached files. To redownload, please delete the directory manually: `C:\Users\76516\.paddlex\official_models\UVDoc`.[0m
[32mCreating model: ('PP-LCNet_x1_0_textline_ori', None)[0m
[32mModel files already exist. Using cached files. To redownload, please delete the directory manually: `C:\Users\76516\.paddlex\official_models\PP-LCNet_x1_0_textline_ori`.[0m
[32mCreating model: ('PP-OCRv5_server_det', None)[0m
[32mModel files already exist. Using cached files. To redownload, please delete the directory manually: `C:\Users\76516\.paddlex\official_models\PP-OCRv5_server_det`.[0m
[32mCreating model: ('PP-OCRv5_server_rec', None)[0m
[32mModel files already exist. Using cached files. To redownload, please delete the directory manually: `C:\Users\76516\.paddlex\official_models\PP-OCRv5_server_rec`.[0m
已写入: D:\MyProject\kaas-platform\rpa-qianniu\debug\20260322_180024_message_extract.png | cal_source=cache latest_buyer=yes
  text: '个'
  timestamp: ''
同目录日志: D:\MyProject\kaas-platform\rpa-qianniu\debug\20260322_180024_message_extract.log
图例：橙框=message_area；绿=买家行；品红=客服；灰=中间/未知；青粗框=最新买家簇。
2026-03-22 20:15:32 | INFO | ui_selectors | 已加载 UI 选择器: config/selectors.json
2026-03-22 20:15:33 | INFO | vision_layout | [校准] 复用缓存 window_size=1638x788
已写入: D:\MyProject\kaas-platform\rpa-qianniu\debug\20260322_201533_unread_detect.png | dots=0 cal_source=cache
同目录日志: D:\MyProject\kaas-platform\rpa-qianniu\debug\20260322_201533_unread_detect.log
请确认：黄框为 left_panel；红圈+十字为检测到的未读红点（自上而下 #0,#1,…）。
2026-03-22 20:15:33 | INFO | ui_selectors | 已加载 UI 选择器: config/selectors.json
2026-03-22 20:15:34 | INFO | vision_layout | [校准] 复用缓存 window_size=1638x788
D:\MyProject\kaas-platform\rpa-qianniu\.venv\Lib\site-packages\requests\__init__.py:113: RequestsDependencyWarning: urllib3 (2.6.3) or chardet (7.2.0)/charset_normalizer (3.4.6) doesn't match a supported version!
  warnings.warn(
[33mConnectivity check to the model hoster has been skipped because `PADDLE_PDX_DISABLE_MODEL_SOURCE_CHECK` is enabled.[0m
D:\MyProject\kaas-platform\rpa-qianniu\.venv\Lib\site-packages\paddle\utils\cpp_extension\extension_utils.py:718: UserWarning: No ccache found. Please be aware that recompiling all source files may be required. You can download and install ccache from: https://github.com/ccache/ccache/blob/master/doc/INSTALL.md
  warnings.warn(warning_message)
[32mCreating model: ('PP-LCNet_x1_0_doc_ori', None)[0m
[32mModel files already exist. Using cached files. To redownload, please delete the directory manually: `C:\Users\76516\.paddlex\official_models\PP-LCNet_x1_0_doc_ori`.[0m
[32mCreating model: ('UVDoc', None)[0m
[32mModel files already exist. Using cached files. To redownload, please delete the directory manually: `C:\Users\76516\.paddlex\official_models\UVDoc`.[0m
[32mCreating model: ('PP-LCNet_x1_0_textline_ori', None)[0m
[32mModel files already exist. Using cached files. To redownload, please delete the directory manually: `C:\Users\76516\.paddlex\official_models\PP-LCNet_x1_0_textline_ori`.[0m
[32mCreating model: ('PP-OCRv5_server_det', None)[0m
[32mModel files already exist. Using cached files. To redownload, please delete the directory manually: `C:\Users\76516\.paddlex\official_models\PP-OCRv5_server_det`.[0m
[32mCreating model: ('PP-OCRv5_server_rec', None)[0m
[32mModel files already exist. Using cached files. To redownload, please delete the directory manually: `C:\Users\76516\.paddlex\official_models\PP-OCRv5_server_rec`.[0m
已写入: D:\MyProject\kaas-platform\rpa-qianniu\debug\20260322_201603_message_extract.png | cal_source=cache latest_buyer=yes
  text: '测试'
  timestamp: ''
同目录日志: D:\MyProject\kaas-platform\rpa-qianniu\debug\20260322_201603_message_extract.log
图例：橙框=message_area；绿=买家行；品红=客服；灰=中间/未知；青粗框=最新买家簇。
2026-03-22 20:16:04 | INFO | ui_selectors | 已加载 UI 选择器: config/selectors.json
2026-03-22 20:16:04 | INFO | vision_layout | [校准] 复用缓存 window_size=1638x788
send_reply_vision ok=True 记录: D:\MyProject\kaas-platform\rpa-qianniu\debug\20260322_201606_reply_smoke.txt
若 ok=True，请在千牛聊天窗口确认是否出现上述文本。
2026-03-22 20:17:31 | INFO | ui_selectors | 已加载 UI 选择器: config/selectors.json
D:\MyProject\kaas-platform\rpa-qianniu\.venv\Lib\site-packages\requests\__init__.py:113: RequestsDependencyWarning: urllib3 (2.6.3) or chardet (7.2.0)/charset_normalizer (3.4.6) doesn't match a supported version!
  warnings.warn(
[33mConnectivity check to the model hoster has been skipped because `PADDLE_PDX_DISABLE_MODEL_SOURCE_CHECK` is enabled.[0m
正在定位千牛主窗口（仅用语义矩形）…
[定位] 第 1 次：已匹配窗口「radiobalabala-接待中心」
2026-03-22 20:17:32 | INFO | main | 定位尝试 1：匹配窗口 radiobalabala-接待中心
[纯视觉] 窗口: radiobalabala-接待中心
2026-03-22 20:17:32 | INFO | main | 纯视觉流水线启动: radiobalabala-接待中心
[桩模式] 回复固定为：'回复测试~'
快捷键：F12 暂停/继续
2026-03-22 20:17:32 | INFO | vision_layout | [校准] 复用缓存 window_size=1638x788
[纯视觉] 左侧无红点；未开启兜底则仅等待。可设 FALLBACK_OPEN_CHAT_WITHOUT_UNREAD=true
2026-03-22 20:17:36 | INFO | vision_layout | [校准] 复用缓存 window_size=1638x788
2026-03-22 20:17:40 | INFO | vision_layout | [校准] 复用缓存 window_size=1638x788
2026-03-22 20:17:44 | INFO | vision_layout | [校准] 复用缓存 window_size=1638x788
2026-03-22 20:17:48 | INFO | vision_layout | [校准] 复用缓存 window_size=1638x788
2026-03-22 20:17:52 | INFO | vision_layout | [校准] 复用缓存 window_size=1638x788
2026-03-22 20:17:57 | INFO | vision_layout | [校准] 复用缓存 window_size=1638x788
2026-03-22 20:18:01 | INFO | vision_layout | [校准] 复用缓存 window_size=1638x788
[纯视觉] 左侧无红点；未开启兜底则仅等待。可设 FALLBACK_OPEN_CHAT_WITHOUT_UNREAD=true
2026-03-22 20:18:05 | INFO | vision_layout | [校准] 复用缓存 window_size=1638x788
2026-03-22 20:18:09 | INFO | vision_layout | [校准] 复用缓存 window_size=1638x788
2026-03-22 20:18:13 | INFO | vision_layout | [校准] 复用缓存 window_size=1638x788
2026-03-22 20:18:17 | INFO | vision_layout | [校准] 复用缓存 window_size=1638x788
2026-03-22 20:18:21 | INFO | vision_layout | [校准] 复用缓存 window_size=1638x788
2026-03-22 20:18:25 | INFO | vision_layout | [校准] 复用缓存 window_size=1638x788
2026-03-22 20:18:29 | INFO | vision_layout | [校准] 复用缓存 window_size=1638x788
[纯视觉] 左侧无红点；未开启兜底则仅等待。可设 FALLBACK_OPEN_CHAT_WITHOUT_UNREAD=true
2026-03-22 20:18:33 | INFO | vision_layout | [校准] 复用缓存 window_size=1638x788
2026-03-22 20:18:37 | INFO | vision_layout | [校准] 复用缓存 window_size=1638x788
2026-03-22 20:18:41 | INFO | vision_layout | [校准] 复用缓存 window_size=1638x788
2026-03-22 20:18:46 | INFO | vision_layout | [校准] 复用缓存 window_size=1638x788
2026-03-22 20:18:50 | INFO | vision_layout | [校准] 复用缓存 window_size=1638x788
2026-03-22 20:18:54 | INFO | vision_layout | [校准] 复用缓存 window_size=1638x788
2026-03-22 20:18:58 | INFO | vision_layout | [校准] 复用缓存 window_size=1638x788
[纯视觉] 左侧无红点；未开启兜底则仅等待。可设 FALLBACK_OPEN_CHAT_WITHOUT_UNREAD=true
2026-03-22 20:19:02 | INFO | vision_layout | [校准] 复用缓存 window_size=1638x788
2026-03-22 20:19:06 | INFO | vision_layout | [校准] 复用缓存 window_size=1638x788
2026-03-22 20:19:10 | INFO | vision_layout | [校准] 复用缓存 window_size=1638x788
2026-03-22 20:19:14 | INFO | vision_layout | [校准] 复用缓存 window_size=1638x788
2026-03-22 20:19:18 | INFO | vision_layout | [校准] 复用缓存 window_size=1638x788
2026-03-22 20:19:22 | INFO | vision_layout | [校准] 复用缓存 window_size=1638x788
2026-03-22 20:19:26 | INFO | vision_layout | [校准] 复用缓存 window_size=1638x788
[纯视觉] 左侧无红点；未开启兜底则仅等待。可设 FALLBACK_OPEN_CHAT_WITHOUT_UNREAD=true
2026-03-22 20:19:30 | INFO | vision_layout | [校准] 复用缓存 window_size=1638x788
2026-03-22 20:19:35 | INFO | vision_layout | [校准] 复用缓存 window_size=1638x788
2026-03-22 20:19:39 | INFO | vision_layout | [校准] 复用缓存 window_size=1638x788
2026-03-22 20:19:43 | INFO | vision_layout | [校准] 复用缓存 window_size=1638x788
2026-03-22 20:19:47 | INFO | vision_layout | [校准] 复用缓存 window_size=1638x788
2026-03-22 20:19:51 | INFO | vision_layout | [校准] 复用缓存 window_size=1638x788
2026-03-22 20:19:55 | INFO | vision_layout | [校准] 复用缓存 window_size=1638x788
[纯视觉] 左侧无红点；未开启兜底则仅等待。可设 FALLBACK_OPEN_CHAT_WITHOUT_UNREAD=true
2026-03-22 20:19:59 | INFO | vision_layout | [校准] 复用缓存 window_size=1638x788
2026-03-22 20:20:03 | INFO | vision_layout | [校准] 复用缓存 window_size=1638x788
2026-03-22 20:20:03 | INFO | ui_selectors | 已加载 UI 选择器: config/selectors.json
D:\MyProject\kaas-platform\rpa-qianniu\.venv\Lib\site-packages\requests\__init__.py:113: RequestsDependencyWarning: urllib3 (2.6.3) or chardet (7.2.0)/charset_normalizer (3.4.6) doesn't match a supported version!
  warnings.warn(
[33mConnectivity check to the model hoster has been skipped because `PADDLE_PDX_DISABLE_MODEL_SOURCE_CHECK` is enabled.[0m
2026-03-22 20:20:07 | INFO | ui_selectors | 已加载 UI 选择器: config/selectors.json
D:\MyProject\kaas-platform\rpa-qianniu\.venv\Lib\site-packages\requests\__init__.py:113: RequestsDependencyWarning: urllib3 (2.6.3) or chardet (7.2.0)/charset_normalizer (3.4.6) doesn't match a supported version!
  warnings.warn(
[33mConnectivity check to the model hoster has been skipped because `PADDLE_PDX_DISABLE_MODEL_SOURCE_CHECK` is enabled.[0m
2026-03-22 20:20:07 | INFO | vision_layout | [校准] 复用缓存 window_size=1638x788
正在定位千牛主窗口（仅用语义矩形）…
[定位] 第 1 次：已匹配窗口「radiobalabala-接待中心」
2026-03-22 20:20:08 | INFO | main | 定位尝试 1：匹配窗口 radiobalabala-接待中心
[纯视觉] 窗口: radiobalabala-接待中心
2026-03-22 20:20:08 | INFO | main | 纯视觉流水线启动: radiobalabala-接待中心
[桩模式] 回复固定为：'回复测试~'
快捷键：F12 暂停/继续
2026-03-22 20:20:09 | INFO | vision_layout | [校准] 复用缓存 window_size=1638x788
[纯视觉] 左侧无红点；未开启兜底则仅等待。可设 FALLBACK_OPEN_CHAT_WITHOUT_UNREAD=true
2026-03-22 20:20:11 | INFO | vision_layout | [校准] 复用缓存 window_size=1638x788
2026-03-22 20:20:13 | INFO | vision_layout | [校准] 复用缓存 window_size=1638x788
2026-03-22 20:20:16 | INFO | vision_layout | [校准] 复用缓存 window_size=1638x788
2026-03-22 20:20:17 | INFO | vision_layout | [校准] 复用缓存 window_size=1638x788
2026-03-22 20:20:20 | INFO | vision_layout | [校准] 复用缓存 window_size=1638x788
2026-03-22 20:20:21 | INFO | vision_layout | [校准] 复用缓存 window_size=1638x788
2026-03-22 20:20:24 | INFO | vision_layout | [校准] 复用缓存 window_size=1638x788
[纯视觉] 左侧无红点；未开启兜底则仅等待。可设 FALLBACK_OPEN_CHAT_WITHOUT_UNREAD=true
2026-03-22 20:20:25 | INFO | vision_layout | [校准] 复用缓存 window_size=1638x788
2026-03-22 20:20:28 | INFO | vision_layout | [校准] 复用缓存 window_size=1638x788
2026-03-22 20:20:29 | INFO | vision_layout | [校准] 复用缓存 window_size=1638x788
2026-03-22 20:20:32 | INFO | vision_layout | [校准] 复用缓存 window_size=1638x788
2026-03-22 20:20:33 | INFO | vision_layout | [校准] 复用缓存 window_size=1638x788
2026-03-22 20:20:36 | INFO | vision_layout | [校准] 复用缓存 window_size=1638x788
2026-03-22 20:20:37 | INFO | vision_layout | [校准] 复用缓存 window_size=1638x788
[纯视觉] 左侧无红点；未开启兜底则仅等待。可设 FALLBACK_OPEN_CHAT_WITHOUT_UNREAD=true
2026-03-22 20:20:40 | INFO | vision_layout | [校准] 复用缓存 window_size=1638x788
2026-03-22 20:20:44 | INFO | vision_layout | [校准] 复用缓存 window_size=1638x788
2026-03-22 20:20:48 | INFO | vision_layout | [校准] 复用缓存 window_size=1638x788
2026-03-22 20:20:52 | INFO | vision_layout | [校准] 复用缓存 window_size=1638x788
[纯视觉] 左侧无红点；未开启兜底则仅等待。可设 FALLBACK_OPEN_CHAT_WITHOUT_UNREAD=true
2026-03-22 20:20:57 | INFO | vision_layout | [校准] 复用缓存 window_size=1638x788
2026-03-22 20:21:01 | INFO | vision_layout | [校准] 复用缓存 window_size=1638x788
2026-03-22 20:21:05 | INFO | vision_layout | [校准] 复用缓存 window_size=1638x788
2026-03-22 20:21:09 | INFO | vision_layout | [校准] 复用缓存 window_size=1638x788
2026-03-22 20:21:13 | INFO | vision_layout | [校准] 复用缓存 window_size=1638x788
2026-03-22 20:21:17 | INFO | vision_layout | [校准] 复用缓存 window_size=1638x788
2026-03-22 20:21:21 | INFO | ui_selectors | 已加载 UI 选择器: config/selectors.json
2026-03-22 20:21:21 | INFO | vision_layout | [校准] 复用缓存 window_size=1638x788
[纯视觉] 左侧无红点；未开启兜底则仅等待。可设 FALLBACK_OPEN_CHAT_WITHOUT_UNREAD=true
d:\MyProject\kaas-platform\rpa-qianniu\.venv\Lib\site-packages\requests\__init__.py:113: RequestsDependencyWarning: urllib3 (2.6.3) or chardet (7.2.0)/charset_normalizer (3.4.6) doesn't match a supported version!
  warnings.warn(
[33mConnectivity check to the model hoster has been skipped because `PADDLE_PDX_DISABLE_MODEL_SOURCE_CHECK` is enabled.[0m
正在定位千牛主窗口（仅用语义矩形）…
[定位] 第 1 次：已匹配窗口「radiobalabala-接待中心」
2026-03-22 20:21:22 | INFO | main | 定位尝试 1：匹配窗口 radiobalabala-接待中心
[纯视觉] 窗口: radiobalabala-接待中心
2026-03-22 20:21:22 | INFO | main | 纯视觉流水线启动: radiobalabala-接待中心
[桩模式] 回复固定为：'回复测试~'
快捷键：F12 暂停/继续
2026-03-22 20:21:22 | INFO | vision_layout | [校准] 复用缓存 window_size=1638x788
[纯视觉] 左侧无红点；未开启兜底则仅等待。可设 FALLBACK_OPEN_CHAT_WITHOUT_UNREAD=true
2026-03-22 20:21:25 | INFO | vision_layout | [校准] 复用缓存 window_size=1638x788
2026-03-22 20:21:26 | INFO | vision_layout | [校准] 复用缓存 window_size=1638x788
2026-03-22 20:21:29 | INFO | vision_layout | [校准] 复用缓存 window_size=1638x788
2026-03-22 20:21:30 | INFO | vision_layout | [校准] 复用缓存 window_size=1638x788
2026-03-22 20:21:33 | INFO | vision_layout | [校准] 复用缓存 window_size=1638x788
2026-03-22 20:21:35 | INFO | vision_layout | [校准] 复用缓存 window_size=1638x788
2026-03-22 20:21:37 | INFO | vision_layout | [校准] 复用缓存 window_size=1638x788
2026-03-22 20:21:39 | INFO | vision_layout | [校准] 复用缓存 window_size=1638x788
2026-03-22 20:21:42 | INFO | vision_layout | [校准] 复用缓存 window_size=1638x788
2026-03-22 20:21:43 | INFO | vision_layout | [校准] 复用缓存 window_size=1638x788
2026-03-22 20:21:46 | INFO | vision_layout | [校准] 复用缓存 window_size=1638x788
2026-03-22 20:21:47 | INFO | vision_layout | [校准] 复用缓存 window_size=1638x788
2026-03-22 20:21:50 | INFO | vision_layout | [校准] 复用缓存 window_size=1638x788
[纯视觉] 左侧无红点；未开启兜底则仅等待。可设 FALLBACK_OPEN_CHAT_WITHOUT_UNREAD=true
2026-03-22 20:21:51 | INFO | vision_layout | [校准] 复用缓存 window_size=1638x788
[纯视觉] 左侧无红点；未开启兜底则仅等待。可设 FALLBACK_OPEN_CHAT_WITHOUT_UNREAD=true
2026-03-22 20:21:54 | INFO | vision_layout | [校准] 复用缓存 window_size=1638x788
2026-03-22 20:21:55 | INFO | vision_layout | [校准] 复用缓存 window_size=1638x788
2026-03-22 20:21:58 | INFO | vision_layout | [校准] 复用缓存 window_size=1638x788
2026-03-22 20:21:59 | INFO | vision_layout | [校准] 复用缓存 window_size=1638x788
2026-03-22 20:22:02 | INFO | vision_layout | [校准] 复用缓存 window_size=1638x788
2026-03-22 20:22:03 | INFO | vision_layout | [校准] 复用缓存 window_size=1638x788
2026-03-22 20:22:06 | INFO | vision_layout | [校准] 复用缓存 window_size=1638x788
2026-03-22 20:22:07 | INFO | vision_layout | [校准] 复用缓存 window_size=1638x788
2026-03-22 20:22:10 | INFO | vision_layout | [校准] 复用缓存 window_size=1638x788
2026-03-22 20:22:11 | INFO | vision_layout | [校准] 复用缓存 window_size=1638x788
2026-03-22 20:22:14 | INFO | vision_layout | [校准] 复用缓存 window_size=1638x788
2026-03-22 20:22:15 | INFO | vision_layout | [校准] 复用缓存 window_size=1638x788
2026-03-22 20:22:19 | INFO | vision_layout | [校准] 复用缓存 window_size=1638x788
[纯视觉] 左侧无红点；未开启兜底则仅等待。可设 FALLBACK_OPEN_CHAT_WITHOUT_UNREAD=true
2026-03-22 20:22:20 | INFO | vision_layout | [校准] 复用缓存 window_size=1638x788
[纯视觉] 左侧无红点；未开启兜底则仅等待。可设 FALLBACK_OPEN_CHAT_WITHOUT_UNREAD=true
2026-03-22 20:22:23 | INFO | vision_layout | [校准] 复用缓存 window_size=1638x788
2026-03-22 20:22:24 | INFO | vision_layout | [校准] 复用缓存 window_size=1638x788
2026-03-22 20:22:27 | INFO | vision_layout | [校准] 复用缓存 window_size=1638x788
2026-03-22 20:22:28 | INFO | vision_layout | [校准] 复用缓存 window_size=1638x788
2026-03-22 20:22:31 | INFO | vision_layout | [校准] 复用缓存 window_size=1638x788
2026-03-22 20:22:32 | INFO | vision_layout | [校准] 复用缓存 window_size=1638x788
2026-03-22 20:22:35 | INFO | vision_layout | [校准] 复用缓存 window_size=1638x788
2026-03-22 20:22:36 | INFO | vision_layout | [校准] 复用缓存 window_size=1638x788
2026-03-22 20:22:39 | INFO | vision_layout | [校准] 复用缓存 window_size=1638x788
2026-03-22 20:22:40 | INFO | vision_layout | [校准] 复用缓存 window_size=1638x788
2026-03-22 20:22:43 | INFO | vision_layout | [校准] 复用缓存 window_size=1638x788
2026-03-22 20:22:44 | INFO | vision_layout | [校准] 复用缓存 window_size=1638x788
2026-03-22 20:22:47 | INFO | vision_layout | [校准] 复用缓存 window_size=1638x788
[纯视觉] 左侧无红点；未开启兜底则仅等待。可设 FALLBACK_OPEN_CHAT_WITHOUT_UNREAD=true
2026-03-22 20:22:48 | INFO | vision_layout | [校准] 复用缓存 window_size=1638x788
[纯视觉] 左侧无红点；未开启兜底则仅等待。可设 FALLBACK_OPEN_CHAT_WITHOUT_UNREAD=true
2026-03-22 20:22:51 | INFO | vision_layout | [校准] 复用缓存 window_size=1638x788
2026-03-22 20:22:52 | INFO | vision_layout | [校准] 复用缓存 window_size=1638x788
2026-03-22 20:22:55 | INFO | vision_layout | [校准] 复用缓存 window_size=1638x788
2026-03-22 20:22:57 | INFO | vision_layout | [校准] 复用缓存 window_size=1638x788
2026-03-22 20:23:00 | INFO | vision_layout | [校准] 复用缓存 window_size=1638x788
2026-03-22 20:23:01 | INFO | vision_layout | [校准] 复用缓存 window_size=1638x788
2026-03-22 20:23:04 | INFO | vision_layout | [校准] 复用缓存 window_size=1638x788
2026-03-22 20:23:05 | INFO | vision_layout | [校准] 复用缓存 window_size=1638x788
2026-03-22 20:23:08 | INFO | vision_layout | [校准] 复用缓存 window_size=1638x788
2026-03-22 20:23:09 | INFO | vision_layout | [校准] 复用缓存 window_size=1638x788
2026-03-22 20:23:12 | INFO | vision_layout | [校准] 复用缓存 window_size=1638x788
2026-03-22 20:23:13 | INFO | vision_layout | [校准] 复用缓存 window_size=1638x788
2026-03-22 20:23:16 | INFO | vision_layout | [校准] 复用缓存 window_size=1638x788
[纯视觉] 左侧无红点；未开启兜底则仅等待。可设 FALLBACK_OPEN_CHAT_WITHOUT_UNREAD=true
2026-03-22 20:23:17 | INFO | vision_layout | [校准] 复用缓存 window_size=1638x788
[纯视觉] 左侧无红点；未开启兜底则仅等待。可设 FALLBACK_OPEN_CHAT_WITHOUT_UNREAD=true
2026-03-22 20:23:20 | INFO | vision_layout | [校准] 复用缓存 window_size=1638x788
2026-03-22 20:23:21 | INFO | vision_layout | [校准] 复用缓存 window_size=1638x788
2026-03-22 20:23:24 | INFO | vision_layout | [校准] 复用缓存 window_size=1638x788
2026-03-22 20:23:25 | INFO | vision_layout | [校准] 复用缓存 window_size=1638x788
2026-03-22 20:23:28 | INFO | vision_layout | [校准] 复用缓存 window_size=1638x788
2026-03-22 20:23:29 | INFO | vision_layout | [校准] 复用缓存 window_size=1638x788
2026-03-22 20:23:32 | INFO | vision_layout | [校准] 复用缓存 window_size=1638x788
2026-03-22 20:23:33 | INFO | vision_layout | [校准] 复用缓存 window_size=1638x788
2026-03-22 20:23:36 | INFO | vision_layout | [校准] 复用缓存 window_size=1638x788
2026-03-22 20:23:37 | INFO | ui_selectors | 已加载 UI 选择器: config/selectors.json
d:\MyProject\kaas-platform\rpa-qianniu\.venv\Lib\site-packages\requests\__init__.py:113: RequestsDependencyWarning: urllib3 (2.6.3) or chardet (7.2.0)/charset_normalizer (3.4.6) doesn't match a supported version!
  warnings.warn(
2026-03-22 20:23:38 | INFO | vision_layout | [校准] 复用缓存 window_size=1638x788
[33mConnectivity check to the model hoster has been skipped because `PADDLE_PDX_DISABLE_MODEL_SOURCE_CHECK` is enabled.[0m
正在定位千牛主窗口（仅用语义矩形）…
[定位] 第 1 次：已匹配窗口「radiobalabala-接待中心」
2026-03-22 20:23:39 | INFO | main | 定位尝试 1：匹配窗口 radiobalabala-接待中心
[纯视觉] 窗口: radiobalabala-接待中心
2026-03-22 20:23:39 | INFO | main | 纯视觉流水线启动: radiobalabala-接待中心
[桩模式] 回复固定为：'回复测试~'
快捷键：F12 暂停/继续
2026-03-22 20:23:39 | INFO | vision_layout | [校准] 复用缓存 window_size=1638x788
d:\MyProject\kaas-platform\rpa-qianniu\.venv\Lib\site-packages\paddle\utils\cpp_extension\extension_utils.py:718: UserWarning: No ccache found. Please be aware that recompiling all source files may be required. You can download and install ccache from: https://github.com/ccache/ccache/blob/master/doc/INSTALL.md
  warnings.warn(warning_message)
[32mCreating model: ('PP-LCNet_x1_0_doc_ori', None)[0m
[32mModel files already exist. Using cached files. To redownload, please delete the directory manually: `C:\Users\76516\.paddlex\official_models\PP-LCNet_x1_0_doc_ori`.[0m
[32mCreating model: ('UVDoc', None)[0m
[32mModel files already exist. Using cached files. To redownload, please delete the directory manually: `C:\Users\76516\.paddlex\official_models\UVDoc`.[0m
[32mCreating model: ('PP-LCNet_x1_0_textline_ori', None)[0m
[32mModel files already exist. Using cached files. To redownload, please delete the directory manually: `C:\Users\76516\.paddlex\official_models\PP-LCNet_x1_0_textline_ori`.[0m
2026-03-22 20:23:41 | INFO | vision_layout | [校准] 复用缓存 window_size=1638x788
[32mCreating model: ('PP-OCRv5_server_det', None)[0m
[32mModel files already exist. Using cached files. To redownload, please delete the directory manually: `C:\Users\76516\.paddlex\official_models\PP-OCRv5_server_det`.[0m
[32mCreating model: ('PP-OCRv5_server_rec', None)[0m
[32mModel files already exist. Using cached files. To redownload, please delete the directory manually: `C:\Users\76516\.paddlex\official_models\PP-OCRv5_server_rec`.[0m
2026-03-22 20:23:42 | INFO | vision_layout | [校准] 复用缓存 window_size=1638x788
2026-03-22 20:23:45 | INFO | vision_layout | [校准] 复用缓存 window_size=1638x788
[纯视觉] 左侧无红点；未开启兜底则仅等待。可设 FALLBACK_OPEN_CHAT_WITHOUT_UNREAD=true
2026-03-22 20:23:46 | INFO | vision_layout | [校准] 复用缓存 window_size=1638x788
[纯视觉] 左侧无红点；未开启兜底则仅等待。可设 FALLBACK_OPEN_CHAT_WITHOUT_UNREAD=true
2026-03-22 20:23:49 | INFO | vision_layout | [校准] 复用缓存 window_size=1638x788
2026-03-22 20:23:50 | INFO | vision_layout | [校准] 复用缓存 window_size=1638x788
2026-03-22 20:23:53 | INFO | vision_layout | [校准] 复用缓存 window_size=1638x788
2026-03-22 20:23:54 | INFO | vision_layout | [校准] 复用缓存 window_size=1638x788
2026-03-22 20:23:57 | INFO | vision_layout | [校准] 复用缓存 window_size=1638x788
2026-03-22 20:24:01 | INFO | vision_layout | [校准] 复用缓存 window_size=1638x788
2026-03-22 20:24:05 | INFO | vision_layout | [校准] 复用缓存 window_size=1638x788
2026-03-22 20:24:09 | INFO | vision_layout | [校准] 复用缓存 window_size=1638x788
2026-03-22 20:24:13 | INFO | vision_layout | [校准] 复用缓存 window_size=1638x788
[纯视觉] 左侧无红点；未开启兜底则仅等待。可设 FALLBACK_OPEN_CHAT_WITHOUT_UNREAD=true
2026-03-22 20:24:17 | INFO | vision_layout | [校准] 复用缓存 window_size=1638x788
2026-03-22 20:24:22 | INFO | vision_layout | [校准] 复用缓存 window_size=1638x788
2026-03-22 20:24:26 | INFO | vision_layout | [校准] 复用缓存 window_size=1638x788
2026-03-22 20:24:30 | INFO | vision_layout | [校准] 复用缓存 window_size=1638x788
2026-03-22 20:24:34 | INFO | vision_layout | [校准] 复用缓存 window_size=1638x788
2026-03-22 20:24:38 | INFO | vision_layout | [校准] 复用缓存 window_size=1638x788
2026-03-22 20:24:40 | INFO | ui_selectors | 已加载 UI 选择器: config/selectors.json
D:\MyProject\kaas-platform\rpa-qianniu\.venv\Lib\site-packages\requests\__init__.py:113: RequestsDependencyWarning: urllib3 (2.6.3) or chardet (7.2.0)/charset_normalizer (3.4.6) doesn't match a supported version!
  warnings.warn(
[33mConnectivity check to the model hoster has been skipped because `PADDLE_PDX_DISABLE_MODEL_SOURCE_CHECK` is enabled.[0m
正在定位千牛主窗口（仅用语义矩形）…
[定位] 第 1 次：已匹配窗口「radiobalabala-接待中心」
2026-03-22 20:24:41 | INFO | main | 定位尝试 1：匹配窗口 radiobalabala-接待中心
[纯视觉] 窗口: radiobalabala-接待中心
2026-03-22 20:24:41 | INFO | main | 纯视觉流水线启动: radiobalabala-接待中心
[桩模式] 回复固定为：'回复测试~'
快捷键：F12 暂停/继续
2026-03-22 20:24:41 | INFO | vision_layout | [校准] 复用缓存 window_size=1638x788
D:\MyProject\kaas-platform\rpa-qianniu\.venv\Lib\site-packages\paddle\utils\cpp_extension\extension_utils.py:718: UserWarning: No ccache found. Please be aware that recompiling all source files may be required. You can download and install ccache from: https://github.com/ccache/ccache/blob/master/doc/INSTALL.md
  warnings.warn(warning_message)
[32mCreating model: ('PP-LCNet_x1_0_doc_ori', None)[0m
[32mModel files already exist. Using cached files. To redownload, please delete the directory manually: `C:\Users\76516\.paddlex\official_models\PP-LCNet_x1_0_doc_ori`.[0m
[32mCreating model: ('UVDoc', None)[0m
[32mModel files already exist. Using cached files. To redownload, please delete the directory manually: `C:\Users\76516\.paddlex\official_models\UVDoc`.[0m
2026-03-22 20:24:42 | INFO | vision_layout | [校准] 复用缓存 window_size=1638x788
[纯视觉] 左侧无红点；未开启兜底则仅等待。可设 FALLBACK_OPEN_CHAT_WITHOUT_UNREAD=true
[32mCreating model: ('PP-LCNet_x1_0_textline_ori', None)[0m
[32mModel files already exist. Using cached files. To redownload, please delete the directory manually: `C:\Users\76516\.paddlex\official_models\PP-LCNet_x1_0_textline_ori`.[0m
[32mCreating model: ('PP-OCRv5_server_det', None)[0m
[32mModel files already exist. Using cached files. To redownload, please delete the directory manually: `C:\Users\76516\.paddlex\official_models\PP-OCRv5_server_det`.[0m
[32mCreating model: ('PP-OCRv5_server_rec', None)[0m
[32mModel files already exist. Using cached files. To redownload, please delete the directory manually: `C:\Users\76516\.paddlex\official_models\PP-OCRv5_server_rec`.[0m
2026-03-22 20:24:46 | INFO | vision_layout | [校准] 复用缓存 window_size=1638x788
2026-03-22 20:24:50 | INFO | vision_layout | [校准] 复用缓存 window_size=1638x788
2026-03-22 20:24:54 | INFO | vision_layout | [校准] 复用缓存 window_size=1638x788
2026-03-22 20:24:58 | INFO | vision_layout | [校准] 复用缓存 window_size=1638x788
2026-03-22 20:25:02 | INFO | vision_layout | [校准] 复用缓存 window_size=1638x788
2026-03-22 20:25:07 | INFO | vision_layout | [校准] 复用缓存 window_size=1638x788
[收到] 买家ID: vision_active | 消息: 访客用账号
测试
[AI回复] 回复测试~ | 耗时: 0ms
[已发送] 买家ID: vision_active
2026-03-22 20:25:11 | INFO | vision_layout | [校准] 复用缓存 window_size=1638x788
[纯视觉] 左侧无红点；未开启兜底则仅等待。可设 FALLBACK_OPEN_CHAT_WITHOUT_UNREAD=true
2026-03-22 20:25:15 | INFO | vision_layout | [校准] 复用缓存 window_size=1638x788
2026-03-22 20:25:19 | INFO | vision_layout | [校准] 复用缓存 window_size=1638x788
2026-03-22 20:25:23 | INFO | vision_layout | [校准] 复用缓存 window_size=1638x788
2026-03-22 20:25:27 | INFO | vision_layout | [校准] 复用缓存 window_size=1638x788
2026-03-22 20:25:31 | INFO | vision_layout | [校准] 复用缓存 window_size=1638x788
2026-03-22 20:25:35 | INFO | vision_layout | [校准] 复用缓存 window_size=1638x788
2026-03-22 20:25:39 | INFO | vision_layout | [校准] 复用缓存 window_size=1638x788
[纯视觉] 左侧无红点；未开启兜底则仅等待。可设 FALLBACK_OPEN_CHAT_WITHOUT_UNREAD=true
2026-03-22 20:25:44 | INFO | vision_layout | [校准] 复用缓存 window_size=1638x788
2026-03-22 20:25:48 | INFO | vision_layout | [校准] 复用缓存 window_size=1638x788
2026-03-22 20:25:52 | INFO | vision_layout | [校准] 复用缓存 window_size=1638x788
2026-03-22 20:25:56 | INFO | vision_layout | [校准] 复用缓存 window_size=1638x788
2026-03-22 20:26:00 | INFO | vision_layout | [校准] 复用缓存 window_size=1638x788
2026-03-22 20:26:04 | INFO | vision_layout | [校准] 复用缓存 window_size=1638x788
[收到] 买家ID: vision_active | 消息: 2026-3-2220:25:24
测试
[AI回复] 回复测试~ | 耗时: 0ms
[已发送] 买家ID: vision_active
2026-03-22 20:26:08 | INFO | vision_layout | [校准] 复用缓存 window_size=1638x788
[纯视觉] 左侧无红点；未开启兜底则仅等待。可设 FALLBACK_OPEN_CHAT_WITHOUT_UNREAD=true
2026-03-22 20:26:12 | INFO | vision_layout | [校准] 复用缓存 window_size=1638x788
2026-03-22 20:26:16 | INFO | vision_layout | [校准] 复用缓存 window_size=1638x788
2026-03-22 20:26:21 | INFO | vision_layout | [校准] 复用缓存 window_size=1638x788
2026-03-22 20:26:25 | INFO | vision_layout | [校准] 复用缓存 window_size=1638x788
2026-03-22 20:26:29 | INFO | vision_layout | [校准] 复用缓存 window_size=1638x788
2026-03-22 20:26:33 | INFO | vision_layout | [校准] 复用缓存 window_size=1638x788
2026-03-22 20:26:37 | INFO | vision_layout | [校准] 复用缓存 window_size=1638x788
[纯视觉] 左侧无红点；未开启兜底则仅等待。可设 FALLBACK_OPEN_CHAT_WITHOUT_UNREAD=true
2026-03-22 20:26:41 | INFO | vision_layout | [校准] 复用缓存 window_size=1638x788
2026-03-22 20:26:45 | INFO | vision_layout | [校准] 复用缓存 window_size=1638x788
2026-03-22 20:26:49 | INFO | vision_layout | [校准] 复用缓存 window_size=1638x788
2026-03-22 20:26:53 | INFO | vision_layout | [校准] 复用缓存 window_size=1638x788
2026-03-22 20:26:57 | INFO | vision_layout | [校准] 复用缓存 window_size=1638x788
2026-03-22 20:27:02 | INFO | vision_layout | [校准] 复用缓存 window_size=1638x788
2026-03-22 20:27:06 | INFO | vision_layout | [校准] 复用缓存 window_size=1638x788
[纯视觉] 左侧无红点；未开启兜底则仅等待。可设 FALLBACK_OPEN_CHAT_WITHOUT_UNREAD=true
2026-03-22 20:27:10 | INFO | vision_layout | [校准] 复用缓存 window_size=1638x788
2026-03-22 20:27:14 | INFO | vision_layout | [校准] 复用缓存 window_size=1638x788
2026-03-22 20:27:18 | INFO | vision_layout | [校准] 复用缓存 window_size=1638x788
2026-03-22 20:27:22 | INFO | vision_layout | [校准] 复用缓存 window_size=1638x788
2026-03-22 20:27:26 | INFO | vision_layout | [校准] 复用缓存 window_size=1638x788
2026-03-22 20:27:30 | INFO | vision_layout | [校准] 复用缓存 window_size=1638x788
2026-03-22 20:27:34 | INFO | vision_layout | [校准] 复用缓存 window_size=1638x788
[纯视觉] 左侧无红点；未开启兜底则仅等待。可设 FALLBACK_OPEN_CHAT_WITHOUT_UNREAD=true
2026-03-22 20:27:38 | INFO | vision_layout | [校准] 复用缓存 window_size=1638x788
2026-03-22 20:27:42 | INFO | vision_layout | [校准] 复用缓存 window_size=1638x788
2026-03-22 20:27:47 | INFO | vision_layout | [校准] 复用缓存 window_size=1638x788
2026-03-22 20:27:51 | INFO | vision_layout | [校准] 复用缓存 window_size=1638x788
2026-03-22 20:27:55 | INFO | vision_layout | [校准] 复用缓存 window_size=1638x788
2026-03-22 20:27:59 | INFO | vision_layout | [校准] 复用缓存 window_size=1638x788
2026-03-22 20:28:03 | INFO | vision_layout | [校准] 复用缓存 window_size=1638x788
[纯视觉] 左侧无红点；未开启兜底则仅等待。可设 FALLBACK_OPEN_CHAT_WITHOUT_UNREAD=true
2026-03-22 20:28:07 | INFO | vision_layout | [校准] 复用缓存 window_size=1638x788
2026-03-22 20:28:11 | INFO | vision_layout | [校准] 复用缓存 window_size=1638x788
2026-03-22 20:28:15 | INFO | vision_layout | [校准] 复用缓存 window_size=1638x788
2026-03-22 20:28:19 | INFO | vision_layout | [校准] 复用缓存 window_size=1638x788
2026-03-22 20:28:23 | INFO | vision_layout | [校准] 复用缓存 window_size=1638x788
2026-03-22 20:28:27 | INFO | vision_layout | [校准] 复用缓存 window_size=1638x788
2026-03-22 20:28:32 | INFO | vision_layout | [校准] 复用缓存 window_size=1638x788
[纯视觉] 左侧无红点；未开启兜底则仅等待。可设 FALLBACK_OPEN_CHAT_WITHOUT_UNREAD=true
2026-03-22 20:28:36 | INFO | vision_layout | [校准] 复用缓存 window_size=1638x788
2026-03-22 20:28:40 | INFO | vision_layout | [校准] 复用缓存 window_size=1638x788
2026-03-22 20:28:44 | INFO | vision_layout | [校准] 复用缓存 window_size=1638x788
2026-03-22 20:28:48 | INFO | vision_layout | [校准] 复用缓存 window_size=1638x788
2026-03-22 20:28:52 | INFO | vision_layout | [校准] 复用缓存 window_size=1638x788
2026-03-22 20:28:56 | INFO | vision_layout | [校准] 复用缓存 window_size=1638x788
2026-03-22 20:29:00 | INFO | vision_layout | [校准] 复用缓存 window_size=1638x788
[纯视觉] 左侧无红点；未开启兜底则仅等待。可设 FALLBACK_OPEN_CHAT_WITHOUT_UNREAD=true
2026-03-22 20:29:04 | INFO | vision_layout | [校准] 复用缓存 window_size=1638x788
2026-03-22 20:29:09 | INFO | vision_layout | [校准] 复用缓存 window_size=1638x788
2026-03-22 20:29:13 | INFO | vision_layout | [校准] 复用缓存 window_size=1638x788
2026-03-22 20:29:17 | INFO | vision_layout | [校准] 复用缓存 window_size=1638x788
2026-03-22 20:29:21 | INFO | vision_layout | [校准] 复用缓存 window_size=1638x788
2026-03-22 20:29:25 | INFO | vision_layout | [校准] 复用缓存 window_size=1638x788
2026-03-22 20:29:29 | INFO | vision_layout | [校准] 复用缓存 window_size=1638x788
[纯视觉] 左侧无红点；未开启兜底则仅等待。可设 FALLBACK_OPEN_CHAT_WITHOUT_UNREAD=true
2026-03-22 20:29:33 | INFO | vision_layout | [校准] 复用缓存 window_size=1638x788
2026-03-22 20:29:37 | INFO | vision_layout | [校准] 复用缓存 window_size=1638x788
2026-03-22 20:29:41 | INFO | vision_layout | [校准] 复用缓存 window_size=1638x788
2026-03-22 20:29:45 | INFO | vision_layout | [校准] 复用缓存 window_size=1638x788
2026-03-22 20:29:50 | INFO | vision_layout | [校准] 复用缓存 window_size=1638x788
2026-03-22 20:29:54 | INFO | vision_layout | [校准] 复用缓存 window_size=1638x788
2026-03-22 20:29:58 | INFO | vision_layout | [校准] 复用缓存 window_size=1638x788
[纯视觉] 左侧无红点；未开启兜底则仅等待。可设 FALLBACK_OPEN_CHAT_WITHOUT_UNREAD=true
2026-03-22 20:30:02 | INFO | vision_layout | [校准] 复用缓存 window_size=1638x788
2026-03-22 20:30:06 | INFO | vision_layout | [校准] 复用缓存 window_size=1638x788
2026-03-22 20:30:10 | INFO | vision_layout | [校准] 复用缓存 window_size=1638x788
2026-03-22 20:30:14 | INFO | vision_layout | [校准] 复用缓存 window_size=1638x788
2026-03-22 20:30:18 | INFO | vision_layout | [校准] 复用缓存 window_size=1638x788
2026-03-22 20:30:23 | INFO | vision_layout | [校准] 复用缓存 window_size=1638x788
2026-03-22 20:30:27 | INFO | vision_layout | [校准] 复用缓存 window_size=1638x788
[纯视觉] 左侧无红点；未开启兜底则仅等待。可设 FALLBACK_OPEN_CHAT_WITHOUT_UNREAD=true
2026-03-22 20:30:31 | INFO | vision_layout | [校准] 复用缓存 window_size=1638x788
2026-03-22 20:30:35 | INFO | vision_layout | [校准] 复用缓存 window_size=1638x788
2026-03-22 20:30:39 | INFO | vision_layout | [校准] 复用缓存 window_size=1638x788
2026-03-22 20:30:43 | INFO | vision_layout | [校准] 复用缓存 window_size=1638x788
2026-03-22 20:30:47 | INFO | vision_layout | [校准] 复用缓存 window_size=1638x788
2026-03-22 20:30:51 | INFO | vision_layout | [校准] 复用缓存 window_size=1638x788
2026-03-22 20:30:55 | INFO | vision_layout | [校准] 复用缓存 window_size=1638x788
[纯视觉] 左侧无红点；未开启兜底则仅等待。可设 FALLBACK_OPEN_CHAT_WITHOUT_UNREAD=true
2026-03-22 20:31:00 | INFO | vision_layout | [校准] 复用缓存 window_size=1638x788
2026-03-22 20:31:04 | INFO | vision_layout | [校准] 复用缓存 window_size=1638x788
2026-03-22 20:31:08 | INFO | vision_layout | [校准] 复用缓存 window_size=1638x788
2026-03-22 20:31:12 | INFO | vision_layout | [校准] 复用缓存 window_size=1638x788
2026-03-22 20:31:16 | INFO | vision_layout | [校准] 复用缓存 window_size=1638x788
2026-03-22 20:31:20 | INFO | vision_layout | [校准] 复用缓存 window_size=1638x788
2026-03-22 20:31:24 | INFO | vision_layout | [校准] 复用缓存 window_size=1638x788
[纯视觉] 左侧无红点；未开启兜底则仅等待。可设 FALLBACK_OPEN_CHAT_WITHOUT_UNREAD=true
2026-03-22 20:31:28 | INFO | vision_layout | [校准] 复用缓存 window_size=1638x788
2026-03-22 20:31:32 | INFO | vision_layout | [校准] 复用缓存 window_size=1638x788
2026-03-22 20:31:36 | INFO | vision_layout | [校准] 复用缓存 window_size=1638x788
2026-03-22 20:31:41 | INFO | vision_layout | [校准] 复用缓存 window_size=1638x788
2026-03-22 20:31:45 | INFO | vision_layout | [校准] 复用缓存 window_size=1638x788
2026-03-22 20:31:49 | INFO | vision_layout | [校准] 复用缓存 window_size=1638x788
2026-03-22 20:31:53 | INFO | vision_layout | [校准] 复用缓存 window_size=1638x788
[纯视觉] 左侧无红点；未开启兜底则仅等待。可设 FALLBACK_OPEN_CHAT_WITHOUT_UNREAD=true
2026-03-22 20:31:57 | INFO | vision_layout | [校准] 复用缓存 window_size=1638x788
2026-03-22 20:32:01 | INFO | vision_layout | [校准] 复用缓存 window_size=1638x788
2026-03-22 20:32:05 | INFO | vision_layout | [校准] 复用缓存 window_size=1638x788
2026-03-22 20:32:09 | INFO | vision_layout | [校准] 复用缓存 window_size=1638x788
2026-03-22 20:32:13 | INFO | vision_layout | [校准] 复用缓存 window_size=1638x788
2026-03-22 20:32:17 | INFO | vision_layout | [校准] 复用缓存 window_size=1638x788
2026-03-22 20:32:22 | INFO | vision_layout | [校准] 复用缓存 window_size=1638x788
[纯视觉] 左侧无红点；未开启兜底则仅等待。可设 FALLBACK_OPEN_CHAT_WITHOUT_UNREAD=true
2026-03-22 20:32:26 | INFO | vision_layout | [校准] 复用缓存 window_size=1638x788
2026-03-22 20:32:30 | INFO | vision_layout | [校准] 复用缓存 window_size=1638x788
2026-03-22 20:32:34 | INFO | vision_layout | [校准] 复用缓存 window_size=1638x788
2026-03-22 20:32:38 | INFO | vision_layout | [校准] 复用缓存 window_size=1638x788
2026-03-22 20:32:42 | INFO | vision_layout | [校准] 复用缓存 window_size=1638x788
2026-03-22 20:32:46 | INFO | vision_layout | [校准] 复用缓存 window_size=1638x788
2026-03-22 20:32:50 | INFO | vision_layout | [校准] 复用缓存 window_size=1638x788
[纯视觉] 左侧无红点；未开启兜底则仅等待。可设 FALLBACK_OPEN_CHAT_WITHOUT_UNREAD=true
2026-03-22 20:32:54 | INFO | vision_layout | [校准] 复用缓存 window_size=1638x788
2026-03-22 20:32:58 | INFO | vision_layout | [校准] 复用缓存 window_size=1638x788
2026-03-22 20:33:03 | INFO | vision_layout | [校准] 复用缓存 window_size=1638x788
2026-03-22 20:33:07 | INFO | vision_layout | [校准] 复用缓存 window_size=1638x788
2026-03-22 20:33:11 | INFO | vision_layout | [校准] 复用缓存 window_size=1638x788
2026-03-22 20:33:15 | INFO | vision_layout | [校准] 复用缓存 window_size=1638x788
2026-03-22 20:33:19 | INFO | vision_layout | [校准] 复用缓存 window_size=1638x788
[纯视觉] 左侧无红点；未开启兜底则仅等待。可设 FALLBACK_OPEN_CHAT_WITHOUT_UNREAD=true
2026-03-22 20:33:23 | INFO | vision_layout | [校准] 复用缓存 window_size=1638x788
2026-03-22 20:33:27 | INFO | vision_layout | [校准] 复用缓存 window_size=1638x788
2026-03-22 20:33:31 | INFO | vision_layout | [校准] 复用缓存 window_size=1638x788
2026-03-22 20:33:35 | INFO | vision_layout | [校准] 复用缓存 window_size=1638x788
2026-03-22 20:33:39 | INFO | vision_layout | [校准] 复用缓存 window_size=1638x788
2026-03-22 20:33:43 | INFO | vision_layout | [校准] 复用缓存 window_size=1638x788
2026-03-22 20:33:48 | INFO | vision_layout | [校准] 复用缓存 window_size=1638x788
[纯视觉] 左侧无红点；未开启兜底则仅等待。可设 FALLBACK_OPEN_CHAT_WITHOUT_UNREAD=true
2026-03-22 20:33:52 | INFO | vision_layout | [校准] 复用缓存 window_size=1638x788
2026-03-22 20:33:56 | INFO | vision_layout | [校准] 复用缓存 window_size=1638x788
2026-03-22 20:34:00 | INFO | vision_layout | [校准] 复用缓存 window_size=1638x788
2026-03-22 20:34:04 | INFO | vision_layout | [校准] 复用缓存 window_size=1638x788
2026-03-22 20:34:08 | INFO | vision_layout | [校准] 复用缓存 window_size=1638x788
2026-03-22 20:34:12 | INFO | vision_layout | [校准] 复用缓存 window_size=1638x788
2026-03-22 20:34:16 | INFO | vision_layout | [校准] 复用缓存 window_size=1638x788
[纯视觉] 左侧无红点；未开启兜底则仅等待。可设 FALLBACK_OPEN_CHAT_WITHOUT_UNREAD=true
2026-03-22 20:34:20 | INFO | vision_layout | [校准] 复用缓存 window_size=1638x788
2026-03-22 20:34:24 | INFO | vision_layout | [校准] 复用缓存 window_size=1638x788
2026-03-22 20:34:29 | INFO | vision_layout | [校准] 复用缓存 window_size=1638x788
D:\MyProject\kaas-platform\rpa-qianniu\.venv\Lib\site-packages\paddle\utils\cpp_extension\extension_utils.py:718: UserWarning: No ccache found. Please be aware that recompiling all source files may be required. You can download and install ccache from: https://github.com/ccache/ccache/blob/master/doc/INSTALL.md
  warnings.warn(warning_message)
[32mCreating model: ('PP-LCNet_x1_0_doc_ori', None)[0m
[32mModel files already exist. Using cached files. To redownload, please delete the directory manually: `C:\Users\76516\.paddlex\official_models\PP-LCNet_x1_0_doc_ori`.[0m
[32mCreating model: ('UVDoc', None)[0m
[32mModel files already exist. Using cached files. To redownload, please delete the directory manually: `C:\Users\76516\.paddlex\official_models\UVDoc`.[0m
[32mCreating model: ('PP-LCNet_x1_0_textline_ori', None)[0m
[32mModel files already exist. Using cached files. To redownload, please delete the directory manually: `C:\Users\76516\.paddlex\official_models\PP-LCNet_x1_0_textline_ori`.[0m
[32mCreating model: ('PP-OCRv5_server_det', None)[0m
[32mModel files already exist. Using cached files. To redownload, please delete the directory manually: `C:\Users\76516\.paddlex\official_models\PP-OCRv5_server_det`.[0m
[32mCreating model: ('PP-OCRv5_server_rec', None)[0m
[32mModel files already exist. Using cached files. To redownload, please delete the directory manually: `C:\Users\76516\.paddlex\official_models\PP-OCRv5_server_rec`.[0m
[收到] 买家ID: unknown_buyer | 消息: 孙嘉泽牛栏网测试链接
[AI回复] 回复测试~ | 耗时: 0ms
[已发送] 买家ID: unknown_buyer
[收到] 买家ID: 回复测试~ | 消息: 孙嘉泽牛栏网测试链接
[AI回复] 回复测试~ | 耗时: 0ms
[已发送] 买家ID: 回复测试~
[纯视觉] 左侧无红点；未开启兜底则仅等待。可设 FALLBACK_OPEN_CHAT_WITHOUT_UNREAD=true
2026-03-22 20:41:25 | INFO | ui_selectors | 已加载 UI 选择器: config/selectors.json
D:\MyProject\kaas-platform\rpa-qianniu\.venv\Lib\site-packages\requests\__init__.py:113: RequestsDependencyWarning: urllib3 (2.6.3) or chardet (7.2.0)/charset_normalizer (3.4.6) doesn't match a supported version!
  warnings.warn(
[33mConnectivity check to the model hoster has been skipped because `PADDLE_PDX_DISABLE_MODEL_SOURCE_CHECK` is enabled.[0m
正在定位千牛主窗口（仅用语义矩形）…
[定位] 第 1 次：已匹配窗口「radiobalabala-接待中心」
2026-03-22 20:41:26 | INFO | main | 定位尝试 1：匹配窗口 radiobalabala-接待中心
[纯视觉] 窗口: radiobalabala-接待中心
2026-03-22 20:41:26 | INFO | main | 纯视觉流水线启动: radiobalabala-接待中心
[桩模式] 回复固定为：'回复测试~'
快捷键：F12 暂停/继续
2026-03-22 20:41:27 | INFO | main | [PERF] 截图+布局: 0.118s
D:\MyProject\kaas-platform\rpa-qianniu\.venv\Lib\site-packages\paddle\utils\cpp_extension\extension_utils.py:718: UserWarning: No ccache found. Please be aware that recompiling all source files may be required. You can download and install ccache from: https://github.com/ccache/ccache/blob/master/doc/INSTALL.md
  warnings.warn(warning_message)
[32mCreating model: ('PP-LCNet_x1_0_doc_ori', None)[0m
[32mModel files already exist. Using cached files. To redownload, please delete the directory manually: `C:\Users\76516\.paddlex\official_models\PP-LCNet_x1_0_doc_ori`.[0m
[32mCreating model: ('UVDoc', None)[0m
[32mModel files already exist. Using cached files. To redownload, please delete the directory manually: `C:\Users\76516\.paddlex\official_models\UVDoc`.[0m
[32mCreating model: ('PP-LCNet_x1_0_textline_ori', None)[0m
[32mModel files already exist. Using cached files. To redownload, please delete the directory manually: `C:\Users\76516\.paddlex\official_models\PP-LCNet_x1_0_textline_ori`.[0m
[32mCreating model: ('PP-OCRv5_server_det', None)[0m
[32mModel files already exist. Using cached files. To redownload, please delete the directory manually: `C:\Users\76516\.paddlex\official_models\PP-OCRv5_server_det`.[0m
[32mCreating model: ('PP-OCRv5_server_rec', None)[0m
[32mModel files already exist. Using cached files. To redownload, please delete the directory manually: `C:\Users\76516\.paddlex\official_models\PP-OCRv5_server_rec`.[0m
2026-03-22 20:41:55 | INFO | ui_selectors | 已加载 UI 选择器: config/selectors.json
D:\MyProject\kaas-platform\rpa-qianniu\.venv\Lib\site-packages\requests\__init__.py:113: RequestsDependencyWarning: urllib3 (2.6.3) or chardet (7.2.0)/charset_normalizer (3.4.6) doesn't match a supported version!
  warnings.warn(
[33mConnectivity check to the model hoster has been skipped because `PADDLE_PDX_DISABLE_MODEL_SOURCE_CHECK` is enabled.[0m
正在定位千牛主窗口（仅用语义矩形）…
[定位] 第 1 次：已匹配窗口「radiobalabala-接待中心」
2026-03-22 20:41:56 | INFO | main | 定位尝试 1：匹配窗口 radiobalabala-接待中心
[纯视觉] 窗口: radiobalabala-接待中心
2026-03-22 20:41:56 | INFO | main | 纯视觉流水线启动: radiobalabala-接待中心
[桩模式] 回复固定为：'回复测试~'
快捷键：F12 暂停/继续
2026-03-22 20:41:56 | INFO | main | [PERF] 截图+布局: 0.089s
D:\MyProject\kaas-platform\rpa-qianniu\.venv\Lib\site-packages\paddle\utils\cpp_extension\extension_utils.py:718: UserWarning: No ccache found. Please be aware that recompiling all source files may be required. You can download and install ccache from: https://github.com/ccache/ccache/blob/master/doc/INSTALL.md
  warnings.warn(warning_message)
[32mCreating model: ('PP-LCNet_x1_0_doc_ori', None)[0m
[32mModel files already exist. Using cached files. To redownload, please delete the directory manually: `C:\Users\76516\.paddlex\official_models\PP-LCNet_x1_0_doc_ori`.[0m
[32mCreating model: ('UVDoc', None)[0m
[32mModel files already exist. Using cached files. To redownload, please delete the directory manually: `C:\Users\76516\.paddlex\official_models\UVDoc`.[0m
[32mCreating model: ('PP-LCNet_x1_0_textline_ori', None)[0m
[32mModel files already exist. Using cached files. To redownload, please delete the directory manually: `C:\Users\76516\.paddlex\official_models\PP-LCNet_x1_0_textline_ori`.[0m
[32mCreating model: ('PP-OCRv5_server_det', None)[0m
[32mModel files already exist. Using cached files. To redownload, please delete the directory manually: `C:\Users\76516\.paddlex\official_models\PP-OCRv5_server_det`.[0m
[32mCreating model: ('PP-OCRv5_server_rec', None)[0m
[32mModel files already exist. Using cached files. To redownload, please delete the directory manually: `C:\Users\76516\.paddlex\official_models\PP-OCRv5_server_rec`.[0m
[收到] 买家ID: 回复测试~ | 消息: 7厚
[AI回复] 回复测试~ | 耗时: 0ms
[已发送] 买家ID: 回复测试~
[收到] 买家ID: 回复测试~ | 消息: hanha41409854
[AI回复] 回复测试~ | 耗时: 0ms
2026-03-22 20:43:53 | WARNING | vision_layout | [校准] 无有效截图，使用 .env 比例
[发送失败] 请保持接待中心在前台；可查看 debug/ 下截图
[收到] 买家ID: 回复测试~ | 消息: hanha41409854
[AI回复] 回复测试~ | 耗时: 0ms
[已发送] 买家ID: 回复测试~
2026-03-22 20:47:39 | INFO | ui_selectors | 已加载 UI 选择器: config/selectors.json
D:\MyProject\kaas-platform\rpa-qianniu\.venv\Lib\site-packages\requests\__init__.py:113: RequestsDependencyWarning: urllib3 (2.6.3) or chardet (7.2.0)/charset_normalizer (3.4.6) doesn't match a supported version!
  warnings.warn(
[33mConnectivity check to the model hoster has been skipped because `PADDLE_PDX_DISABLE_MODEL_SOURCE_CHECK` is enabled.[0m
正在定位千牛主窗口（仅用语义矩形）…
[定位] 第 1 次：已匹配窗口「radiobalabala-接待中心」
2026-03-22 20:47:40 | INFO | main | 定位尝试 1：匹配窗口 radiobalabala-接待中心
[纯视觉] 窗口: radiobalabala-接待中心
2026-03-22 20:47:40 | INFO | main | 纯视觉流水线启动: radiobalabala-接待中心
[桩模式] 回复固定为：'回复测试~'
快捷键：F12 暂停/继续
2026-03-22 20:48:02 | INFO | ui_selectors | 已加载 UI 选择器: config/selectors.json
D:\MyProject\kaas-platform\rpa-qianniu\.venv\Lib\site-packages\requests\__init__.py:113: RequestsDependencyWarning: urllib3 (2.6.3) or chardet (7.2.0)/charset_normalizer (3.4.6) doesn't match a supported version!
  warnings.warn(
[33mConnectivity check to the model hoster has been skipped because `PADDLE_PDX_DISABLE_MODEL_SOURCE_CHECK` is enabled.[0m
正在定位千牛主窗口（仅用语义矩形）…
[定位] 第 1 次：已匹配窗口「radiobalabala-接待中心」
2026-03-22 20:48:03 | INFO | main | 定位尝试 1：匹配窗口 radiobalabala-接待中心
[纯视觉] 窗口: radiobalabala-接待中心
2026-03-22 20:48:03 | INFO | main | 纯视觉流水线启动: radiobalabala-接待中心
[桩模式] 回复固定为：'回复测试~'
快捷键：F12 暂停/继续
2026-03-22 20:51:30 | INFO | ui_selectors | 已加载 UI 选择器: config/selectors.json
D:\MyProject\kaas-platform\rpa-qianniu\.venv\Lib\site-packages\requests\__init__.py:113: RequestsDependencyWarning: urllib3 (2.6.3) or chardet (7.2.0)/charset_normalizer (3.4.6) doesn't match a supported version!
  warnings.warn(
[33mConnectivity check to the model hoster has been skipped because `PADDLE_PDX_DISABLE_MODEL_SOURCE_CHECK` is enabled.[0m
正在定位千牛主窗口（仅用语义矩形）…
[定位] 第 1 次：已匹配窗口「radiobalabala-接待中心」
2026-03-22 20:51:31 | INFO | main | 定位尝试 1：匹配窗口 radiobalabala-接待中心
[纯视觉] 窗口: radiobalabala-接待中心
2026-03-22 20:51:31 | INFO | main | 纯视觉流水线启动: radiobalabala-接待中心
[桩模式] 回复固定为：'回复测试~'
快捷键：F12 暂停/继续
2026-03-22 20:56:06 | INFO | ui_selectors | 已加载 UI 选择器: config/selectors.json
D:\MyProject\kaas-platform\rpa-qianniu\.venv\Lib\site-packages\requests\__init__.py:113: RequestsDependencyWarning: urllib3 (2.6.3) or chardet (7.2.0)/charset_normalizer (3.4.6) doesn't match a supported version!
  warnings.warn(
[33mConnectivity check to the model hoster has been skipped because `PADDLE_PDX_DISABLE_MODEL_SOURCE_CHECK` is enabled.[0m
正在定位千牛主窗口（仅用语义矩形）…
[定位] 第 1 次：已匹配窗口「radiobalabala-接待中心」
2026-03-22 20:56:06 | INFO | main | 定位尝试 1：匹配窗口 radiobalabala-接待中心
[纯视觉] 窗口: radiobalabala-接待中心
2026-03-22 20:56:06 | INFO | main | 纯视觉流水线启动: radiobalabala-接待中心
[桩模式] 回复固定为：'回复测试~'
快捷键：F12 暂停/继续
2026-03-22 21:02:28 | INFO | ui_selectors | 已加载 UI 选择器: config/selectors.json
D:\MyProject\kaas-platform\rpa-qianniu\.venv\Lib\site-packages\requests\__init__.py:113: RequestsDependencyWarning: urllib3 (2.6.3) or chardet (7.2.0)/charset_normalizer (3.4.6) doesn't match a supported version!
  warnings.warn(
[33mConnectivity check to the model hoster has been skipped because `PADDLE_PDX_DISABLE_MODEL_SOURCE_CHECK` is enabled.[0m
正在定位千牛主窗口（仅用语义矩形）…
[定位] 第 1 次：已匹配窗口「radiobalabala-接待中心」
2026-03-22 21:02:29 | INFO | main | 定位尝试 1：匹配窗口 radiobalabala-接待中心
[纯视觉] 窗口: radiobalabala-接待中心
2026-03-22 21:02:29 | INFO | main | 纯视觉流水线启动: radiobalabala-接待中心
[桩模式] 回复固定为：'回复测试~'
快捷键：F12 暂停/继续
2026-03-22 21:22:18 | INFO | main | [PERF] 截图+布局: 0.129s
D:\MyProject\kaas-platform\rpa-qianniu\.venv\Lib\site-packages\paddle\utils\cpp_extension\extension_utils.py:718: UserWarning: No ccache found. Please be aware that recompiling all source files may be required. You can download and install ccache from: https://github.com/ccache/ccache/blob/master/doc/INSTALL.md
  warnings.warn(warning_message)
[32mCreating model: ('PP-LCNet_x1_0_doc_ori', None)[0m
[32mModel files already exist. Using cached files. To redownload, please delete the directory manually: `C:\Users\76516\.paddlex\official_models\PP-LCNet_x1_0_doc_ori`.[0m
[32mCreating model: ('UVDoc', None)[0m
[32mModel files already exist. Using cached files. To redownload, please delete the directory manually: `C:\Users\76516\.paddlex\official_models\UVDoc`.[0m
[32mCreating model: ('PP-LCNet_x1_0_textline_ori', None)[0m
[32mModel files already exist. Using cached files. To redownload, please delete the directory manually: `C:\Users\76516\.paddlex\official_models\PP-LCNet_x1_0_textline_ori`.[0m
[32mCreating model: ('PP-OCRv5_server_det', None)[0m
[32mModel files already exist. Using cached files. To redownload, please delete the directory manually: `C:\Users\76516\.paddlex\official_models\PP-OCRv5_server_det`.[0m
[32mCreating model: ('PP-OCRv5_server_rec', None)[0m
[32mModel files already exist. Using cached files. To redownload, please delete the directory manually: `C:\Users\76516\.paddlex\official_models\PP-OCRv5_server_rec`.[0m
2026-03-22 21:23:23 | INFO | ui_selectors | 已加载 UI 选择器: config/selectors.json
D:\MyProject\kaas-platform\rpa-qianniu\.venv\Lib\site-packages\requests\__init__.py:113: RequestsDependencyWarning: urllib3 (2.6.3) or chardet (7.2.0)/charset_normalizer (3.4.6) doesn't match a supported version!
  warnings.warn(
[33mConnectivity check to the model hoster has been skipped because `PADDLE_PDX_DISABLE_MODEL_SOURCE_CHECK` is enabled.[0m
正在定位千牛主窗口（仅用语义矩形）…
[定位] 第 1 次：已匹配窗口「radiobalabala-接待中心」
2026-03-22 21:23:24 | INFO | main | 定位尝试 1：匹配窗口 radiobalabala-接待中心
[纯视觉] 窗口: radiobalabala-接待中心
2026-03-22 21:23:24 | INFO | main | 纯视觉流水线启动: radiobalabala-接待中心
[桩模式] 回复固定为：'回复测试~'
快捷键：F12 暂停/继续
2026-03-22 21:23:24 | INFO | main | [PERF] 截图: 0.090s
2026-03-22 21:23:24 | INFO | main | [PERF] 布局/校准: 0.017s
D:\MyProject\kaas-platform\rpa-qianniu\.venv\Lib\site-packages\paddle\utils\cpp_extension\extension_utils.py:718: UserWarning: No ccache found. Please be aware that recompiling all source files may be required. You can download and install ccache from: https://github.com/ccache/ccache/blob/master/doc/INSTALL.md
  warnings.warn(warning_message)
[32mCreating model: ('PP-LCNet_x1_0_doc_ori', None)[0m
[32mModel files already exist. Using cached files. To redownload, please delete the directory manually: `C:\Users\76516\.paddlex\official_models\PP-LCNet_x1_0_doc_ori`.[0m
[32mCreating model: ('UVDoc', None)[0m
[32mModel files already exist. Using cached files. To redownload, please delete the directory manually: `C:\Users\76516\.paddlex\official_models\UVDoc`.[0m
[32mCreating model: ('PP-LCNet_x1_0_textline_ori', None)[0m
[32mModel files already exist. Using cached files. To redownload, please delete the directory manually: `C:\Users\76516\.paddlex\official_models\PP-LCNet_x1_0_textline_ori`.[0m
[32mCreating model: ('PP-OCRv5_server_det', None)[0m
[32mModel files already exist. Using cached files. To redownload, please delete the directory manually: `C:\Users\76516\.paddlex\official_models\PP-OCRv5_server_det`.[0m
[32mCreating model: ('PP-OCRv5_server_rec', None)[0m
[32mModel files already exist. Using cached files. To redownload, please delete the directory manually: `C:\Users\76516\.paddlex\official_models\PP-OCRv5_server_rec`.[0m
2026-03-22 21:25:15 | INFO | ui_selectors | 已加载 UI 选择器: config/selectors.json
D:\MyProject\kaas-platform\rpa-qianniu\.venv\Lib\site-packages\requests\__init__.py:113: RequestsDependencyWarning: urllib3 (2.6.3) or chardet (7.2.0)/charset_normalizer (3.4.6) doesn't match a supported version!
  warnings.warn(
[33mConnectivity check to the model hoster has been skipped because `PADDLE_PDX_DISABLE_MODEL_SOURCE_CHECK` is enabled.[0m
正在定位千牛主窗口（仅用语义矩形）…
[定位] 第 1 次：已匹配窗口「radiobalabala-接待中心」
2026-03-22 21:25:17 | INFO | main | 定位尝试 1：匹配窗口 radiobalabala-接待中心
[纯视觉] 窗口: radiobalabala-接待中心
2026-03-22 21:25:17 | INFO | main | 纯视觉流水线启动: radiobalabala-接待中心
[桩模式] 回复固定为：'回复测试~'
快捷键：F12 暂停/继续
2026-03-22 21:25:17 | INFO | main | [PERF] 截图: 0.108s
2026-03-22 21:25:17 | INFO | main | [PERF] 布局/校准: 0.027s
D:\MyProject\kaas-platform\rpa-qianniu\.venv\Lib\site-packages\paddle\utils\cpp_extension\extension_utils.py:718: UserWarning: No ccache found. Please be aware that recompiling all source files may be required. You can download and install ccache from: https://github.com/ccache/ccache/blob/master/doc/INSTALL.md
  warnings.warn(warning_message)
[32mCreating model: ('PP-LCNet_x1_0_doc_ori', None)[0m
[32mModel files already exist. Using cached files. To redownload, please delete the directory manually: `C:\Users\76516\.paddlex\official_models\PP-LCNet_x1_0_doc_ori`.[0m
[32mCreating model: ('UVDoc', None)[0m
[32mModel files already exist. Using cached files. To redownload, please delete the directory manually: `C:\Users\76516\.paddlex\official_models\UVDoc`.[0m
[32mCreating model: ('PP-LCNet_x1_0_textline_ori', None)[0m
[32mModel files already exist. Using cached files. To redownload, please delete the directory manually: `C:\Users\76516\.paddlex\official_models\PP-LCNet_x1_0_textline_ori`.[0m
[32mCreating model: ('PP-OCRv5_server_det', None)[0m
[32mModel files already exist. Using cached files. To redownload, please delete the directory manually: `C:\Users\76516\.paddlex\official_models\PP-OCRv5_server_det`.[0m
[32mCreating model: ('PP-OCRv5_server_rec', None)[0m
[32mModel files already exist. Using cached files. To redownload, please delete the directory manually: `C:\Users\76516\.paddlex\official_models\PP-OCRv5_server_rec`.[0m
[收到] 买家ID: unknown_buyer | 消息: 测试
[AI回复] 回复测试~ | 耗时: 0ms
[收到] 买家ID: 回复测试~ | 消息: 当前消息较多，点此快速获取买
[AI回复] 回复测试~ | 耗时: 0ms
[已发送] 买家ID: unknown_buyer
[已发送] 买家ID: 回复测试~
[收到] 买家ID: 回复测试~ | 消息: 当前消息较多，点此快速获取买家..
[AI回复] 回复测试~ | 耗时: 0ms
[已发送] 买家ID: 回复测试~
[收到] 买家ID: 回复测试~ | 消息: 当前消息较多，点此快速获取买家..
[AI回复] 回复测试~ | 耗时: 0ms
[已发送] 买家ID: 回复测试~
[收到] 买家ID: 回复测试~ | 消息: 当前消息较多，点此快速获取买家..
[AI回复] 回复测试~ | 耗时: 0ms
[已发送] 买家ID: 回复测试~
2026-03-22 21:32:13 | INFO | ui_selectors | 已加载 UI 选择器: config/selectors.json
D:\MyProject\kaas-platform\rpa-qianniu\.venv\Lib\site-packages\requests\__init__.py:113: RequestsDependencyWarning: urllib3 (2.6.3) or chardet (7.2.0)/charset_normalizer (3.4.6) doesn't match a supported version!
  warnings.warn(
[33mConnectivity check to the model hoster has been skipped because `PADDLE_PDX_DISABLE_MODEL_SOURCE_CHECK` is enabled.[0m
正在定位千牛主窗口（仅用语义矩形）…
[定位] 第 1 次：已匹配窗口「radiobalabala-接待中心」
2026-03-22 21:32:15 | INFO | main | 定位尝试 1：匹配窗口 radiobalabala-接待中心
[纯视觉] 窗口: radiobalabala-接待中心
2026-03-22 21:32:15 | INFO | main | 纯视觉流水线启动: radiobalabala-接待中心
[桩模式] 回复固定为：'回复测试~'
快捷键：F12 暂停/继续
2026-03-22 21:32:15 | INFO | main | [PERF] 截图: 0.085s
2026-03-22 21:32:15 | INFO | main | [PERF] 布局/校准: 0.015s
D:\MyProject\kaas-platform\rpa-qianniu\.venv\Lib\site-packages\paddle\utils\cpp_extension\extension_utils.py:718: UserWarning: No ccache found. Please be aware that recompiling all source files may be required. You can download and install ccache from: https://github.com/ccache/ccache/blob/master/doc/INSTALL.md
  warnings.warn(warning_message)
[32mCreating model: ('PP-LCNet_x1_0_doc_ori', None)[0m
[32mModel files already exist. Using cached files. To redownload, please delete the directory manually: `C:\Users\76516\.paddlex\official_models\PP-LCNet_x1_0_doc_ori`.[0m
[32mCreating model: ('UVDoc', None)[0m
[32mModel files already exist. Using cached files. To redownload, please delete the directory manually: `C:\Users\76516\.paddlex\official_models\UVDoc`.[0m
[32mCreating model: ('PP-LCNet_x1_0_textline_ori', None)[0m
[32mModel files already exist. Using cached files. To redownload, please delete the directory manually: `C:\Users\76516\.paddlex\official_models\PP-LCNet_x1_0_textline_ori`.[0m
[32mCreating model: ('PP-OCRv5_server_det', None)[0m
[32mModel files already exist. Using cached files. To redownload, please delete the directory manually: `C:\Users\76516\.paddlex\official_models\PP-OCRv5_server_det`.[0m
[32mCreating model: ('PP-OCRv5_server_rec', None)[0m
[32mModel files already exist. Using cached files. To redownload, please delete the directory manually: `C:\Users\76516\.paddlex\official_models\PP-OCRv5_server_rec`.[0m

[INFO] 收到停止信号，正在退出…
[ERROR] 已有 RPA 实例在运行 (PID=26380)，请先关闭再启动。
[ERROR] 已有 RPA 实例在运行 (PID=26380)，请先关闭再启动。
[ERROR] 已有 RPA 实例在运行 (PID=26380)，请先关闭再启动。
[ERROR] 已有 RPA 实例在运行 (PID=26380)，请先关闭再启动。
[ERROR] 已有 RPA 实例在运行 (PID=26380)，请先关闭再启动。
[ERROR] 已有 RPA 实例在运行 (PID=26380)，请先关闭再启动。
2026-03-22 21:46:51 | INFO | ui_selectors | 已加载 UI 选择器: config/selectors.json
D:\MyProject\kaas-platform\rpa-qianniu\.venv\Lib\site-packages\requests\__init__.py:113: RequestsDependencyWarning: urllib3 (2.6.3) or chardet (7.2.0)/charset_normalizer (3.4.6) doesn't match a supported version!
  warnings.warn(
[33mConnectivity check to the model hoster has been skipped because `PADDLE_PDX_DISABLE_MODEL_SOURCE_CHECK` is enabled.[0m
正在定位千牛主窗口（仅用语义矩形）…
[定位] 第 1 次：已匹配窗口「radiobalabala-接待中心」
2026-03-22 21:46:52 | INFO | main | 定位尝试 1：匹配窗口 radiobalabala-接待中心
[纯视觉] 窗口: radiobalabala-接待中心
2026-03-22 21:46:52 | INFO | main | 纯视觉流水线启动: radiobalabala-接待中心
[桩模式] 回复固定为：'回复测试~'
快捷键：F12 暂停/继续
2026-03-22 21:46:52 | INFO | main | [PERF] 截图: 0.059s
2026-03-22 21:46:52 | INFO | main | [PERF] 布局/校准: 0.013s
D:\MyProject\kaas-platform\rpa-qianniu\.venv\Lib\site-packages\paddle\utils\cpp_extension\extension_utils.py:718: UserWarning: No ccache found. Please be aware that recompiling all source files may be required. You can download and install ccache from: https://github.com/ccache/ccache/blob/master/doc/INSTALL.md
  warnings.warn(warning_message)
[32mCreating model: ('PP-LCNet_x1_0_doc_ori', None)[0m
[32mModel files already exist. Using cached files. To redownload, please delete the directory manually: `C:\Users\76516\.paddlex\official_models\PP-LCNet_x1_0_doc_ori`.[0m
[32mCreating model: ('UVDoc', None)[0m
[32mModel files already exist. Using cached files. To redownload, please delete the directory manually: `C:\Users\76516\.paddlex\official_models\UVDoc`.[0m
[32mCreating model: ('PP-LCNet_x1_0_textline_ori', None)[0m
[32mModel files already exist. Using cached files. To redownload, please delete the directory manually: `C:\Users\76516\.paddlex\official_models\PP-LCNet_x1_0_textline_ori`.[0m
[32mCreating model: ('PP-OCRv5_server_det', None)[0m
[32mModel files already exist. Using cached files. To redownload, please delete the directory manually: `C:\Users\76516\.paddlex\official_models\PP-OCRv5_server_det`.[0m
[32mCreating model: ('PP-OCRv5_server_rec', None)[0m
[32mModel files already exist. Using cached files. To redownload, please delete the directory manually: `C:\Users\76516\.paddlex\official_models\PP-OCRv5_server_rec`.[0m
[收到] 买家ID: 回复测试~ | 消息: 当前消息较多，点此快速获取买
[AI回复] 回复测试~ | 耗时: 0ms
[已发送] 买家ID: 回复测试~
[收到] 买家ID: 回复测 | 消息: 当前消息较多，点此快速获取买家..
[AI回复] 回复测试~ | 耗时: 0ms
2026-03-22 21:47:52 | WARNING | vision_layout | [校准] 无有效截图，使用 .env 比例
[发送失败] 请保持接待中心在前台；可查看 debug/ 下截图
[收到] 买家ID: 回复测 | 消息: 当前消息较多，点此快速获取买家..
[AI回复] 回复测试~ | 耗时: 0ms
[已发送] 买家ID: 回复测

[INFO] 收到停止信号，正在退出…
[ERROR] 已有 RPA 实例在运行 (PID=18400)，请先关闭再启动。
2026-03-22 22:05:05 | INFO | ui_selectors | 已加载 UI 选择器: config/selectors.json
D:\MyProject\kaas-platform\rpa-qianniu\.venv\Lib\site-packages\requests\__init__.py:113: RequestsDependencyWarning: urllib3 (2.6.3) or chardet (7.2.0)/charset_normalizer (3.4.6) doesn't match a supported version!
  warnings.warn(
[33mConnectivity check to the model hoster has been skipped because `PADDLE_PDX_DISABLE_MODEL_SOURCE_CHECK` is enabled.[0m
正在定位千牛主窗口（仅用语义矩形）…
[定位] 第 1 次：已匹配窗口「radiobalabala-接待中心」
2026-03-22 22:05:06 | INFO | main | 定位尝试 1：匹配窗口 radiobalabala-接待中心
[纯视觉] 窗口: radiobalabala-接待中心
2026-03-22 22:05:06 | INFO | main | 纯视觉流水线启动: radiobalabala-接待中心
[桩模式] 回复固定为：'回复测试~'
快捷键：F12 暂停/继续
2026-03-22 22:05:06 | INFO | main | [PERF] 截图: 0.073s
2026-03-22 22:05:06 | INFO | main | [PERF] 布局/校准: 0.017s
D:\MyProject\kaas-platform\rpa-qianniu\.venv\Lib\site-packages\paddle\utils\cpp_extension\extension_utils.py:718: UserWarning: No ccache found. Please be aware that recompiling all source files may be required. You can download and install ccache from: https://github.com/ccache/ccache/blob/master/doc/INSTALL.md
  warnings.warn(warning_message)
[32mCreating model: ('PP-LCNet_x1_0_doc_ori', None)[0m
[32mModel files already exist. Using cached files. To redownload, please delete the directory manually: `C:\Users\76516\.paddlex\official_models\PP-LCNet_x1_0_doc_ori`.[0m
[32mCreating model: ('UVDoc', None)[0m
[32mModel files already exist. Using cached files. To redownload, please delete the directory manually: `C:\Users\76516\.paddlex\official_models\UVDoc`.[0m
[32mCreating model: ('PP-LCNet_x1_0_textline_ori', None)[0m
[32mModel files already exist. Using cached files. To redownload, please delete the directory manually: `C:\Users\76516\.paddlex\official_models\PP-LCNet_x1_0_textline_ori`.[0m
[32mCreating model: ('PP-OCRv5_server_det', None)[0m
[32mModel files already exist. Using cached files. To redownload, please delete the directory manually: `C:\Users\76516\.paddlex\official_models\PP-OCRv5_server_det`.[0m
[32mCreating model: ('PP-OCRv5_server_rec', None)[0m
[32mModel files already exist. Using cached files. To redownload, please delete the directory manually: `C:\Users\76516\.paddlex\official_models\PP-OCRv5_server_rec`.[0m
[收到] 买家ID: D | 消息: AI咨询摘要×
[AI回复] 回复测试~ | 耗时: 0ms
[已发送] 买家ID: D

[INFO] 收到停止信号，正在退出…
[ERROR] 已有 RPA 实例在运行 (PID=26152)，请先关闭再启动。
[ERROR] 已有 RPA 实例在运行 (PID=26152)，请先关闭再启动。
[WARN] 残留锁文件 (PID=26152 存活但无法读取镜像路径)，自动清理。
[INIT] 已获取锁 (PID=7964)
2026-03-22 22:18:59 | INFO | ui_selectors | 已加载 UI 选择器: config/selectors.json
D:\MyProject\kaas-platform\rpa-qianniu\.venv\Lib\site-packages\requests\__init__.py:113: RequestsDependencyWarning: urllib3 (2.6.3) or chardet (7.2.0)/charset_normalizer (3.4.6) doesn't match a supported version!
  warnings.warn(
[33mConnectivity check to the model hoster has been skipped because `PADDLE_PDX_DISABLE_MODEL_SOURCE_CHECK` is enabled.[0m
正在定位千牛主窗口（仅用语义矩形）…
[定位] 第 1 次：已匹配窗口「radiobalabala-接待中心」
2026-03-22 22:19:00 | INFO | main | 定位尝试 1：匹配窗口 radiobalabala-接待中心
[纯视觉] 窗口: radiobalabala-接待中心
2026-03-22 22:19:00 | INFO | main | 纯视觉流水线启动: radiobalabala-接待中心
[桩模式] 回复固定为：'回复测试~'
快捷键：F12 暂停/继续
2026-03-22 22:19:00 | INFO | main | [PERF] 截图: 0.069s
2026-03-22 22:19:00 | INFO | main | [PERF] 布局/校准: 0.020s
D:\MyProject\kaas-platform\rpa-qianniu\.venv\Lib\site-packages\paddle\utils\cpp_extension\extension_utils.py:718: UserWarning: No ccache found. Please be aware that recompiling all source files may be required. You can download and install ccache from: https://github.com/ccache/ccache/blob/master/doc/INSTALL.md
  warnings.warn(warning_message)
[32mCreating model: ('PP-LCNet_x1_0_doc_ori', None)[0m
[32mModel files already exist. Using cached files. To redownload, please delete the directory manually: `C:\Users\76516\.paddlex\official_models\PP-LCNet_x1_0_doc_ori`.[0m
[32mCreating model: ('UVDoc', None)[0m
[32mModel files already exist. Using cached files. To redownload, please delete the directory manually: `C:\Users\76516\.paddlex\official_models\UVDoc`.[0m
[32mCreating model: ('PP-LCNet_x1_0_textline_ori', None)[0m
[32mModel files already exist. Using cached files. To redownload, please delete the directory manually: `C:\Users\76516\.paddlex\official_models\PP-LCNet_x1_0_textline_ori`.[0m
[32mCreating model: ('PP-OCRv5_server_det', None)[0m
[32mModel files already exist. Using cached files. To redownload, please delete the directory manually: `C:\Users\76516\.paddlex\official_models\PP-OCRv5_server_det`.[0m
[32mCreating model: ('PP-OCRv5_server_rec', None)[0m
[32mModel files already exist. Using cached files. To redownload, please delete the directory manually: `C:\Users\76516\.paddlex\official_models\PP-OCRv5_server_rec`.[0m

[INFO] 收到停止信号，正在退出…
[WARN] 残留锁文件 (PID=7964 存活但无法读取镜像路径)，自动清理。
[INIT] 已获取锁 (PID=25176)
2026-03-22 22:23:14 | INFO | ui_selectors | 已加载 UI 选择器: config/selectors.json
D:\MyProject\kaas-platform\rpa-qianniu\.venv\Lib\site-packages\requests\__init__.py:113: RequestsDependencyWarning: urllib3 (2.6.3) or chardet (7.2.0)/charset_normalizer (3.4.6) doesn't match a supported version!
  warnings.warn(
[33mConnectivity check to the model hoster has been skipped because `PADDLE_PDX_DISABLE_MODEL_SOURCE_CHECK` is enabled.[0m
正在定位千牛主窗口（仅用语义矩形）…
[定位] 第 1 次：已匹配窗口「radiobalabala-接待中心」
2026-03-22 22:23:15 | INFO | main | 定位尝试 1：匹配窗口 radiobalabala-接待中心
[纯视觉] 窗口: radiobalabala-接待中心
2026-03-22 22:23:15 | INFO | main | 纯视觉流水线启动: radiobalabala-接待中心
[桩模式] 回复固定为：'回复测试~'
快捷键：F12 暂停/继续
2026-03-22 22:23:15 | INFO | main | [PERF] 截图: 0.083s
2026-03-22 22:23:15 | INFO | main | [PERF] 布局/校准: 0.015s
D:\MyProject\kaas-platform\rpa-qianniu\.venv\Lib\site-packages\paddle\utils\cpp_extension\extension_utils.py:718: UserWarning: No ccache found. Please be aware that recompiling all source files may be required. You can download and install ccache from: https://github.com/ccache/ccache/blob/master/doc/INSTALL.md
  warnings.warn(warning_message)
[32mCreating model: ('PP-LCNet_x1_0_doc_ori', None)[0m
[32mModel files already exist. Using cached files. To redownload, please delete the directory manually: `C:\Users\76516\.paddlex\official_models\PP-LCNet_x1_0_doc_ori`.[0m
[32mCreating model: ('UVDoc', None)[0m
[32mModel files already exist. Using cached files. To redownload, please delete the directory manually: `C:\Users\76516\.paddlex\official_models\UVDoc`.[0m
[32mCreating model: ('PP-LCNet_x1_0_textline_ori', None)[0m
[32mModel files already exist. Using cached files. To redownload, please delete the directory manually: `C:\Users\76516\.paddlex\official_models\PP-LCNet_x1_0_textline_ori`.[0m
[32mCreating model: ('PP-OCRv5_server_det', None)[0m
[32mModel files already exist. Using cached files. To redownload, please delete the directory manually: `C:\Users\76516\.paddlex\official_models\PP-OCRv5_server_det`.[0m
[32mCreating model: ('PP-OCRv5_server_rec', None)[0m
[32mModel files already exist. Using cached files. To redownload, please delete the directory manually: `C:\Users\76516\.paddlex\official_models\PP-OCRv5_server_rec`.[0m

[INFO] 收到停止信号，正在退出…
[INFO] 正在保存状态…
[INFO] 已安全退出。
[0m[INIT] 已获取锁 (PID=22320)
2026-03-22 22:37:03 | INFO | ui_selectors | 已加载 UI 选择器: config/selectors.json
D:\MyProject\kaas-platform\rpa-qianniu\.venv\Lib\site-packages\requests\__init__.py:113: RequestsDependencyWarning: urllib3 (2.6.3) or chardet (7.2.0)/charset_normalizer (3.4.6) doesn't match a supported version!
  warnings.warn(
[33mConnectivity check to the model hoster has been skipped because `PADDLE_PDX_DISABLE_MODEL_SOURCE_CHECK` is enabled.[0m
正在定位千牛主窗口（仅用语义矩形）…
[定位] 第 1 次：已匹配窗口「radiobalabala-接待中心」
2026-03-22 22:37:05 | INFO | main | 定位尝试 1：匹配窗口 radiobalabala-接待中心
[纯视觉] 窗口: radiobalabala-接待中心
2026-03-22 22:37:05 | INFO | main | 纯视觉流水线启动: radiobalabala-接待中心
[桩模式] 回复固定为：'回复测试~'
快捷键：F12 暂停/继续
2026-03-22 22:37:05 | INFO | main | [PERF] 截图: 0.088s
2026-03-22 22:37:05 | INFO | main | [PERF] 布局/校准: 0.023s
2026-03-22 22:37:05 | INFO | vision_unread | [DEBUG-CLICK] 窗口=(921,594) 左栏屏幕=(1005,594,1283,1382) ROI红点=(32.2,524.3) crop_origin_bgr=(84,0) BGR点击=(223.0,524.3) 屏幕点击=(1144,1118)
2026-03-22 22:37:05 | INFO | main | [PERF] 红点检测: 0.029s
D:\MyProject\kaas-platform\rpa-qianniu\.venv\Lib\site-packages\paddle\utils\cpp_extension\extension_utils.py:718: UserWarning: No ccache found. Please be aware that recompiling all source files may be required. You can download and install ccache from: https://github.com/ccache/ccache/blob/master/doc/INSTALL.md
  warnings.warn(warning_message)
[32mCreating model: ('PP-LCNet_x1_0_doc_ori', None)[0m
[32mModel files already exist. Using cached files. To redownload, please delete the directory manually: `C:\Users\76516\.paddlex\official_models\PP-LCNet_x1_0_doc_ori`.[0m
[32mCreating model: ('UVDoc', None)[0m
[32mModel files already exist. Using cached files. To redownload, please delete the directory manually: `C:\Users\76516\.paddlex\official_models\UVDoc`.[0m
[32mCreating model: ('PP-LCNet_x1_0_textline_ori', None)[0m
[32mModel files already exist. Using cached files. To redownload, please delete the directory manually: `C:\Users\76516\.paddlex\official_models\PP-LCNet_x1_0_textline_ori`.[0m
[32mCreating model: ('PP-OCRv5_server_det', None)[0m
[32mModel files already exist. Using cached files. To redownload, please delete the directory manually: `C:\Users\76516\.paddlex\official_models\PP-OCRv5_server_det`.[0m
[32mCreating model: ('PP-OCRv5_server_rec', None)[0m
[32mModel files already exist. Using cached files. To redownload, please delete the directory manually: `C:\Users\76516\.paddlex\official_models\PP-OCRv5_server_rec`.[0m
[WARN] 残留锁文件 (PID=22320 存活但无法读取镜像路径)，自动清理。
[INIT] 已获取锁 (PID=21760)
2026-03-22 22:44:11 | INFO | ui_selectors | 已加载 UI 选择器: config/selectors.json
D:\MyProject\kaas-platform\rpa-qianniu\.venv\Lib\site-packages\requests\__init__.py:113: RequestsDependencyWarning: urllib3 (2.6.3) or chardet (7.2.0)/charset_normalizer (3.4.6) doesn't match a supported version!
  warnings.warn(
[33mConnectivity check to the model hoster has been skipped because `PADDLE_PDX_DISABLE_MODEL_SOURCE_CHECK` is enabled.[0m
正在定位千牛主窗口（仅用语义矩形）…
[定位] 第 1 次：已匹配窗口「radiobalabala-接待中心」
2026-03-22 22:44:12 | INFO | main | 定位尝试 1：匹配窗口 radiobalabala-接待中心
[纯视觉] 窗口: radiobalabala-接待中心
2026-03-22 22:44:12 | INFO | main | 纯视觉流水线启动: radiobalabala-接待中心
[桩模式] 回复固定为：'回复测试~'
快捷键：F12 暂停/继续
2026-03-22 22:44:13 | INFO | main | [PERF] 截图: 0.098s
2026-03-22 22:44:13 | INFO | main | [PERF] 布局/校准: 0.017s
2026-03-22 22:44:13 | INFO | vision_unread | [DEBUG-CLICK] 窗口=(921,594) 左栏屏幕=(1005,594,1283,1382) ROI红点=(32.2,524.3) crop_origin_bgr=(84,0) BGR点击=(223.0,524.3) 屏幕点击=(1144,1118)
[纯视觉] 红点检测完成: 1 个（耗时 0.02s），下一步如需 OCR 可能首次较慢
2026-03-22 22:44:13 | INFO | main | [PERF] 红点检测: 0.022s
D:\MyProject\kaas-platform\rpa-qianniu\.venv\Lib\site-packages\paddle\utils\cpp_extension\extension_utils.py:718: UserWarning: No ccache found. Please be aware that recompiling all source files may be required. You can download and install ccache from: https://github.com/ccache/ccache/blob/master/doc/INSTALL.md
  warnings.warn(warning_message)
[32mCreating model: ('PP-OCRv5_mobile_det', None)[0m
[32mModel files already exist. Using cached files. To redownload, please delete the directory manually: `C:\Users\76516\.paddlex\official_models\PP-OCRv5_mobile_det`.[0m
[32mCreating model: ('PP-OCRv5_mobile_rec', None)[0m
[32mModel files already exist. Using cached files. To redownload, please delete the directory manually: `C:\Users\76516\.paddlex\official_models\PP-OCRv5_mobile_rec`.[0m
[纯视觉] 首次 PaddleOCR 推理中（mobile 模型；CPU 上可能需数十秒，请勿关窗口）…
[纯视觉] PaddleOCR 首次推理完成（本帧 27 个文本框），后续会快很多。
[收到] 买家ID: □ | 消息: hanha41409854
[AI回复] 回复测试~ | 耗时: 0ms
[已发送] 买家ID: □
[纯视觉] 红点检测完成: 1 个（耗时 0.02s），下一步如需 OCR 可能首次较慢
[纯视觉] 红点检测完成: 1 个（耗时 0.02s），下一步如需 OCR 可能首次较慢
[收到] 买家ID: unknown_buyer | 消息: hanha41409854
[AI回复] 回复测试~ | 耗时: 0ms
[已发送] 买家ID: unknown_buyer
[纯视觉] 红点检测完成: 1 个（耗时 0.02s），下一步如需 OCR 可能首次较慢

[暂停] 已暂停自动回复，按 F12 继续
[WARN] 残留锁文件 (PID=21760 存活但无法读取镜像路径)，自动清理。
[INIT] 已获取锁 (PID=26712)
2026-03-22 22:55:19 | INFO | ui_selectors | 已加载 UI 选择器: config/selectors.json
D:\MyProject\kaas-platform\rpa-qianniu\.venv\Lib\site-packages\requests\__init__.py:113: RequestsDependencyWarning: urllib3 (2.6.3) or chardet (7.2.0)/charset_normalizer (3.4.6) doesn't match a supported version!
  warnings.warn(
[33mConnectivity check to the model hoster has been skipped because `PADDLE_PDX_DISABLE_MODEL_SOURCE_CHECK` is enabled.[0m
正在定位千牛主窗口（仅用语义矩形）…
[定位] 第 1 次：已匹配窗口「radiobalabala-接待中心」
2026-03-22 22:55:21 | INFO | main | 定位尝试 1：匹配窗口 radiobalabala-接待中心
[纯视觉] 窗口: radiobalabala-接待中心
2026-03-22 22:55:21 | INFO | main | 纯视觉流水线启动: radiobalabala-接待中心
[桩模式] 回复固定为：'回复测试~'
快捷键：F12 暂停/继续
2026-03-22 22:55:21 | INFO | main | [PERF] 截图: 0.143s
2026-03-22 22:55:21 | INFO | main | [PERF] 布局/校准: 0.016s
2026-03-22 22:55:21 | INFO | vision_unread | [DEBUG-CLICK] 窗口=(921,594) left_panel=(1005,594)-(1283,1382) session_left=(1005,694)-(1283,1382) crop_size=(278x688) crop_origin_bgr=(84,100) ROI红点=(32.2,424.3) BGR点击=(223.0,524.3) 屏幕点击=(1144,1118)
[纯视觉] 红点检测完成: 1 个（耗时 0.02s），下一步如需 OCR 可能首次较慢
2026-03-22 22:55:21 | INFO | main | [PERF] 红点检测: 0.021s
D:\MyProject\kaas-platform\rpa-qianniu\.venv\Lib\site-packages\paddle\utils\cpp_extension\extension_utils.py:718: UserWarning: No ccache found. Please be aware that recompiling all source files may be required. You can download and install ccache from: https://github.com/ccache/ccache/blob/master/doc/INSTALL.md
  warnings.warn(warning_message)
[32mCreating model: ('PP-OCRv5_mobile_det', None)[0m
[32mModel files already exist. Using cached files. To redownload, please delete the directory manually: `C:\Users\76516\.paddlex\official_models\PP-OCRv5_mobile_det`.[0m
[32mCreating model: ('PP-OCRv5_mobile_rec', None)[0m
[32mModel files already exist. Using cached files. To redownload, please delete the directory manually: `C:\Users\76516\.paddlex\official_models\PP-OCRv5_mobile_rec`.[0m
[纯视觉] 首次 PaddleOCR 推理中（mobile 模型；CPU 上可能需数十秒，请勿关窗口）…
[纯视觉] PaddleOCR 首次推理完成（本帧 27 个文本框），后续会快很多。
[收到] 买家ID: 各服 | 消息: hanha41409854
[AI回复] 回复测试~ | 耗时: 0ms
[已发送] 买家ID: 各服
[纯视觉] 红点检测完成: 1 个（耗时 0.02s），下一步如需 OCR 可能首次较慢

[暂停] 已暂停自动回复，按 F12 继续
[WARN] 残留锁文件 (PID=26712 存活但无法读取镜像路径)，自动清理。
[INIT] 已获取锁 (PID=9736)
2026-03-22 23:25:29 | INFO | ui_selectors | 已加载 UI 选择器: config/selectors.json
D:\MyProject\kaas-platform\rpa-qianniu\.venv\Lib\site-packages\requests\__init__.py:113: RequestsDependencyWarning: urllib3 (2.6.3) or chardet (7.2.0)/charset_normalizer (3.4.6) doesn't match a supported version!
  warnings.warn(
[33mConnectivity check to the model hoster has been skipped because `PADDLE_PDX_DISABLE_MODEL_SOURCE_CHECK` is enabled.[0m
正在定位千牛主窗口（仅用语义矩形）…
[定位] 第 1 次：已匹配窗口「radiobalabala-接待中心」
2026-03-22 23:25:31 | INFO | main | 定位尝试 1：匹配窗口 radiobalabala-接待中心
[纯视觉] 窗口: radiobalabala-接待中心
2026-03-22 23:25:31 | INFO | main | 纯视觉流水线启动: radiobalabala-接待中心
[桩模式] 回复固定为：'回复测试~'
快捷键：F12 暂停/继续
2026-03-22 23:25:31 | INFO | main | [PERF] 截图: 0.078s
2026-03-22 23:25:31 | INFO | main | [COORD] GetWindowRect=(921,594) screenshot_origin=(921,594) offset=(0,0)
2026-03-22 23:25:31 | INFO | main | [PERF] 布局/校准: 0.017s
D:\MyProject\kaas-platform\rpa-qianniu\.venv\Lib\site-packages\paddle\utils\cpp_extension\extension_utils.py:718: UserWarning: No ccache found. Please be aware that recompiling all source files may be required. You can download and install ccache from: https://github.com/ccache/ccache/blob/master/doc/INSTALL.md
  warnings.warn(warning_message)
[32mCreating model: ('PP-OCRv5_mobile_det', None)[0m
[32mModel files already exist. Using cached files. To redownload, please delete the directory manually: `C:\Users\76516\.paddlex\official_models\PP-OCRv5_mobile_det`.[0m
[32mCreating model: ('PP-OCRv5_mobile_rec', None)[0m
[32mModel files already exist. Using cached files. To redownload, please delete the directory manually: `C:\Users\76516\.paddlex\official_models\PP-OCRv5_mobile_rec`.[0m
[纯视觉] 首次 PaddleOCR 推理中（mobile 模型；CPU 上可能需数十秒，请勿关窗口）…
[纯视觉] PaddleOCR 首次推理完成（本帧 18 个文本框），后续会快很多。
[纯视觉] 会话检测: 待回复（4.62s）
[收到] 买家ID: 粉丝 | 消息: 访客用账号
测试
[AI回复] 回复测试~ | 耗时: 0ms
[已发送] 买家ID: 粉丝
[纯视觉] 会话检测: 待回复（3.94s）

[INFO] 收到停止信号，正在退出…
[WARN] 残留锁文件 (PID=9736 存活但无法读取镜像路径)，自动清理。
[INIT] 已获取锁 (PID=23192)
2026-03-22 23:26:25 | INFO | ui_selectors | 已加载 UI 选择器: config/selectors.json
D:\MyProject\kaas-platform\rpa-qianniu\.venv\Lib\site-packages\requests\__init__.py:113: RequestsDependencyWarning: urllib3 (2.6.3) or chardet (7.2.0)/charset_normalizer (3.4.6) doesn't match a supported version!
  warnings.warn(
[33mConnectivity check to the model hoster has been skipped because `PADDLE_PDX_DISABLE_MODEL_SOURCE_CHECK` is enabled.[0m
正在定位千牛主窗口（仅用语义矩形）…
[定位] 第 1 次：已匹配窗口「radiobalabala-接待中心」
2026-03-22 23:26:26 | INFO | main | 定位尝试 1：匹配窗口 radiobalabala-接待中心
[纯视觉] 窗口: radiobalabala-接待中心
2026-03-22 23:26:26 | INFO | main | 纯视觉流水线启动: radiobalabala-接待中心
[桩模式] 回复固定为：'回复测试~'
快捷键：F12 暂停/继续
2026-03-22 23:26:26 | INFO | main | [PERF] 截图: 0.072s
2026-03-22 23:26:26 | INFO | main | [COORD] GetWindowRect=(921,594) screenshot_origin=(921,594) offset=(0,0)
2026-03-22 23:26:26 | INFO | main | [PERF] 布局/校准: 0.015s
D:\MyProject\kaas-platform\rpa-qianniu\.venv\Lib\site-packages\paddle\utils\cpp_extension\extension_utils.py:718: UserWarning: No ccache found. Please be aware that recompiling all source files may be required. You can download and install ccache from: https://github.com/ccache/ccache/blob/master/doc/INSTALL.md
  warnings.warn(warning_message)
[32mCreating model: ('PP-OCRv5_mobile_det', None)[0m
[32mModel files already exist. Using cached files. To redownload, please delete the directory manually: `C:\Users\76516\.paddlex\official_models\PP-OCRv5_mobile_det`.[0m
[32mCreating model: ('PP-OCRv5_mobile_rec', None)[0m
[32mModel files already exist. Using cached files. To redownload, please delete the directory manually: `C:\Users\76516\.paddlex\official_models\PP-OCRv5_mobile_rec`.[0m
[纯视觉] 首次 PaddleOCR 推理中（mobile 模型；CPU 上可能需数十秒，请勿关窗口）…
[纯视觉] PaddleOCR 首次推理完成（本帧 24 个文本框），后续会快很多。
[纯视觉] 会话检测: 待回复（6.03s）
[纯视觉] 会话检测: 无（4.07s）
[纯视觉] 会话检测: 无（3.81s）
[纯视觉] 会话检测: 无（3.95s）

[暂停] 已暂停自动回复，按 F12 继续

[INFO] 收到停止信号，正在退出…
[WARN] 残留锁文件 (PID=23192 已不存在)，自动清理。
[INIT] 已获取锁 (PID=424)
2026-03-29 15:18:32 | INFO | ui_selectors | 已加载 UI 选择器: config/selectors.json
2026-03-29 15:18:33 | CRITICAL | uncaught | 未捕获异常
Traceback (most recent call last):
  File "<frozen runpy>", line 198, in _run_module_as_main
  File "<frozen runpy>", line 88, in _run_code
  File "D:\MyProject\kaas-platform\rpa-qianniu\app\main.py", line 983, in <module>
    main()
    ~~~~^^
  File "D:\MyProject\kaas-platform\rpa-qianniu\app\main.py", line 979, in main
    run()
    ~~~^^
  File "D:\MyProject\kaas-platform\rpa-qianniu\app\main.py", line 929, in run
    _run_vision_pipeline(state)
    ~~~~~~~~~~~~~~~~~~~~^^^^^^^
  File "D:\MyProject\kaas-platform\rpa-qianniu\app\main.py", line 241, in _run_vision_pipeline
    from app.vision_message import (
    ...<2 lines>...
    )
  File "D:\MyProject\kaas-platform\rpa-qianniu\app\vision_message.py", line 139, in <module>
    _NICK_PURE_PUNCT = re.compile(r"^[\s\p{P}\p{S}]+$", re.UNICODE)
  File "C:\Program Files\WindowsApps\PythonSoftwareFoundation.Python.3.13_3.13.3312.0_x64__qbz5n2kfra8p0\Lib\re\__init__.py", line 289, in compile
    return _compile(pattern, flags)
  File "C:\Program Files\WindowsApps\PythonSoftwareFoundation.Python.3.13_3.13.3312.0_x64__qbz5n2kfra8p0\Lib\re\__init__.py", line 350, in _compile
    p = _compiler.compile(pattern, flags)
  File "C:\Program Files\WindowsApps\PythonSoftwareFoundation.Python.3.13_3.13.3312.0_x64__qbz5n2kfra8p0\Lib\re\_compiler.py", line 748, in compile
    p = _parser.parse(p, flags)
  File "C:\Program Files\WindowsApps\PythonSoftwareFoundation.Python.3.13_3.13.3312.0_x64__qbz5n2kfra8p0\Lib\re\_parser.py", line 980, in parse
    p = _parse_sub(source, state, flags & SRE_FLAG_VERBOSE, 0)
  File "C:\Program Files\WindowsApps\PythonSoftwareFoundation.Python.3.13_3.13.3312.0_x64__qbz5n2kfra8p0\Lib\re\_parser.py", line 459, in _parse_sub
    itemsappend(_parse(source, state, verbose, nested + 1,
                ~~~~~~^^^^^^^^^^^^^^^^^^^^^^^^^^^^^^^^^^^^
                       not nested and not items))
                       ^^^^^^^^^^^^^^^^^^^^^^^^^
  File "C:\Program Files\WindowsApps\PythonSoftwareFoundation.Python.3.13_3.13.3312.0_x64__qbz5n2kfra8p0\Lib\re\_parser.py", line 572, in _parse
    code1 = _class_escape(source, this)
  File "C:\Program Files\WindowsApps\PythonSoftwareFoundation.Python.3.13_3.13.3312.0_x64__qbz5n2kfra8p0\Lib\re\_parser.py", line 365, in _class_escape
    raise source.error('bad escape %s' % escape, len(escape))
re.PatternError: bad escape \p at position 4
Traceback (most recent call last):
  File "<frozen runpy>", line 198, in _run_module_as_main
  File "<frozen runpy>", line 88, in _run_code
  File "D:\MyProject\kaas-platform\rpa-qianniu\app\main.py", line 983, in <module>
    main()
    ~~~~^^
  File "D:\MyProject\kaas-platform\rpa-qianniu\app\main.py", line 979, in main
    run()
    ~~~^^
  File "D:\MyProject\kaas-platform\rpa-qianniu\app\main.py", line 929, in run
    _run_vision_pipeline(state)
    ~~~~~~~~~~~~~~~~~~~~^^^^^^^
  File "D:\MyProject\kaas-platform\rpa-qianniu\app\main.py", line 241, in _run_vision_pipeline
    from app.vision_message import (
    ...<2 lines>...
    )
  File "D:\MyProject\kaas-platform\rpa-qianniu\app\vision_message.py", line 139, in <module>
    _NICK_PURE_PUNCT = re.compile(r"^[\s\p{P}\p{S}]+$", re.UNICODE)
  File "C:\Program Files\WindowsApps\PythonSoftwareFoundation.Python.3.13_3.13.3312.0_x64__qbz5n2kfra8p0\Lib\re\__init__.py", line 289, in compile
    return _compile(pattern, flags)
  File "C:\Program Files\WindowsApps\PythonSoftwareFoundation.Python.3.13_3.13.3312.0_x64__qbz5n2kfra8p0\Lib\re\__init__.py", line 350, in _compile
    p = _compiler.compile(pattern, flags)
  File "C:\Program Files\WindowsApps\PythonSoftwareFoundation.Python.3.13_3.13.3312.0_x64__qbz5n2kfra8p0\Lib\re\_compiler.py", line 748, in compile
    p = _parser.parse(p, flags)
  File "C:\Program Files\WindowsApps\PythonSoftwareFoundation.Python.3.13_3.13.3312.0_x64__qbz5n2kfra8p0\Lib\re\_parser.py", line 980, in parse
    p = _parse_sub(source, state, flags & SRE_FLAG_VERBOSE, 0)
  File "C:\Program Files\WindowsApps\PythonSoftwareFoundation.Python.3.13_3.13.3312.0_x64__qbz5n2kfra8p0\Lib\re\_parser.py", line 459, in _parse_sub
    itemsappend(_parse(source, state, verbose, nested + 1,
                ~~~~~~^^^^^^^^^^^^^^^^^^^^^^^^^^^^^^^^^^^^
                       not nested and not items))
                       ^^^^^^^^^^^^^^^^^^^^^^^^^
  File "C:\Program Files\WindowsApps\PythonSoftwareFoundation.Python.3.13_3.13.3312.0_x64__qbz5n2kfra8p0\Lib\re\_parser.py", line 572, in _parse
    code1 = _class_escape(source, this)
  File "C:\Program Files\WindowsApps\PythonSoftwareFoundation.Python.3.13_3.13.3312.0_x64__qbz5n2kfra8p0\Lib\re\_parser.py", line 365, in _class_escape
    raise source.error('bad escape %s' % escape, len(escape))
re.PatternError: bad escape \p at position 4
[INIT] 已获取锁 (PID=12436)
2026-03-29 15:18:46 | INFO | ui_selectors | 已加载 UI 选择器: config/selectors.json
D:\MyProject\kaas-platform\rpa-qianniu\.venv\Lib\site-packages\requests\__init__.py:113: RequestsDependencyWarning: urllib3 (2.6.3) or chardet (7.2.0)/charset_normalizer (3.4.6) doesn't match a supported version!
  warnings.warn(
[33mConnectivity check to the model hoster has been skipped because `PADDLE_PDX_DISABLE_MODEL_SOURCE_CHECK` is enabled.[0m
正在定位千牛主窗口（仅用语义矩形）…
[定位] 第 1 次：已匹配窗口「radiobalabala-接待中心」
2026-03-29 15:18:58 | INFO | main | 定位尝试 1：匹配窗口 radiobalabala-接待中心
[纯视觉] 窗口: radiobalabala-接待中心
2026-03-29 15:18:58 | INFO | main | 纯视觉流水线启动: radiobalabala-接待中心
[桩模式] 回复固定为：'回复测试~'
快捷键：F12 暂停/继续
2026-03-29 15:18:58 | INFO | main | [SOAK] 纯视觉流水线启动 session_id=ccb7f570
2026-03-29 15:18:58 | INFO | main | [PERF] 截图: 0.085s
2026-03-29 15:18:58 | INFO | main | [COORD] GetWindowRect=(924,594) screenshot_origin=(924,594) offset=(0,0)
2026-03-29 15:18:58 | INFO | main | [PERF] 布局/校准: 0.021s
D:\MyProject\kaas-platform\rpa-qianniu\.venv\Lib\site-packages\paddle\utils\cpp_extension\extension_utils.py:718: UserWarning: No ccache found. Please be aware that recompiling all source files may be required. You can download and install ccache from: https://github.com/ccache/ccache/blob/master/doc/INSTALL.md
  warnings.warn(warning_message)
[32mCreating model: ('PP-OCRv5_mobile_det', None)[0m
[32mModel files already exist. Using cached files. To redownload, please delete the directory manually: `C:\Users\76516\.paddlex\official_models\PP-OCRv5_mobile_det`.[0m
[32mCreating model: ('PP-OCRv5_mobile_rec', None)[0m
[32mModel files already exist. Using cached files. To redownload, please delete the directory manually: `C:\Users\76516\.paddlex\official_models\PP-OCRv5_mobile_rec`.[0m
[纯视觉] 首次 PaddleOCR 推理中（mobile 模型；CPU 上可能需数十秒，请勿关窗口）…
[纯视觉] PaddleOCR 首次推理完成（本帧 18 个文本框），后续会快很多。
[纯视觉] 会话检测: 待回复（13.79s）
[收到] 买家ID: 访客用账号 | 消息: 草原养殖网
[AI回复] 回复测试~ | 耗时: 0ms
[已发送] 买家ID: 访客用账号
[纯视觉] 会话检测: 待回复（3.23s）
[纯视觉] 会话检测: 待回复（3.03s）
[纯视觉] 会话检测: 待回复（3.27s）
[收到] 买家ID: 访客用账号 | 消息: 春风十里不如您 欢迎光临本店/：-F 我是您的小迷妹【tb…
[AI回复] 回复测试~ | 耗时: 0ms
[已发送] 买家ID: 访客用账号
[纯视觉] 会话检测: 待回复（2.96s）
[纯视觉] 会话检测: 无（0.41s）
[纯视觉] 会话检测: 无（0.37s）
[纯视觉] 会话检测: 待回复（3.00s）
[收到] 买家ID: 访客用账号 | 消息: 访客用账号2026-3-2915:19:52
你好
[AI回复] 回复测试~ | 耗时: 0ms
[已发送] 买家ID: 访客用账号
[纯视觉] 会话检测: 待回复（3.13s）
[纯视觉] 会话检测: 无（0.36s）
[收到] 买家ID: >tests | 消息: 任务流水线|看板
[AI回复] 回复测试~ | 耗时: 0ms
[已发送] 买家ID: >tests
[纯视觉] 会话检测: 无（0.36s）
[INIT] 已获取锁 (PID=26436)
2026-03-29 16:03:45 | INFO | ui_selectors | 已加载 UI 选择器: config/selectors.json
D:\MyProject\kaas-platform\rpa-qianniu\.venv\Lib\site-packages\requests\__init__.py:113: RequestsDependencyWarning: urllib3 (2.6.3) or chardet (7.2.0)/charset_normalizer (3.4.6) doesn't match a supported version!
  warnings.warn(
[33mConnectivity check to the model hoster has been skipped because `PADDLE_PDX_DISABLE_MODEL_SOURCE_CHECK` is enabled.[0m
正在定位千牛主窗口（仅用语义矩形）…
[定位] 第 1 次：已匹配窗口「radiobalabala-接待中心」
2026-03-29 16:03:54 | INFO | main | 定位尝试 1：匹配窗口 radiobalabala-接待中心
[纯视觉] 窗口: radiobalabala-接待中心
2026-03-29 16:03:54 | INFO | main | 纯视觉流水线启动: radiobalabala-接待中心
[桩模式] 回复固定为：'回复测试~'
快捷键：F12 暂停/继续
2026-03-29 16:03:54 | INFO | main | [SOAK] 纯视觉流水线启动 session_id=d27831f5
2026-03-29 16:03:54 | INFO | main | [PERF] 截图: 0.084s
2026-03-29 16:03:54 | INFO | main | [COORD] GetWindowRect=(924,595) screenshot_origin=(924,595) offset=(0,0)
2026-03-29 16:03:54 | INFO | main | [PERF] 布局/校准: 0.020s
D:\MyProject\kaas-platform\rpa-qianniu\.venv\Lib\site-packages\paddle\utils\cpp_extension\extension_utils.py:718: UserWarning: No ccache found. Please be aware that recompiling all source files may be required. You can download and install ccache from: https://github.com/ccache/ccache/blob/master/doc/INSTALL.md
  warnings.warn(warning_message)
[32mCreating model: ('PP-OCRv5_mobile_det', None)[0m
[32mModel files already exist. Using cached files. To redownload, please delete the directory manually: `C:\Users\76516\.paddlex\official_models\PP-OCRv5_mobile_det`.[0m
[32mCreating model: ('PP-OCRv5_mobile_rec', None)[0m
[32mModel files already exist. Using cached files. To redownload, please delete the directory manually: `C:\Users\76516\.paddlex\official_models\PP-OCRv5_mobile_rec`.[0m
[纯视觉] 首次 PaddleOCR 推理中（mobile 模型；CPU 上可能需数十秒，请勿关窗口）…
[纯视觉] PaddleOCR 首次推理完成（本帧 19 个文本框），后续会快很多。
[纯视觉] 会话检测: 待回复（10.86s）
[纯视觉] 会话检测: 待回复（3.34s）
[纯视觉] 会话检测: 待回复（3.09s）
[收到] 买家ID: 访客用账号 | 消息: 在吗老板
[AI回复] 回复测试~ | 耗时: 0ms
[已发送] 买家ID: 访客用账号
[纯视觉] 会话检测: 待回复（3.09s）
[纯视觉] 会话检测: 待回复（3.69s）
[纯视觉] 会话检测: 待回复（3.77s）
[收到] 买家ID: 访客用账号 | 消息: 访客用账号2026-3-2916:04:30
在吗老板
[AI回复] 回复测试~ | 耗时: 0ms
[已发送] 买家ID: 访客用账号
[纯视觉] 会话检测: 无（4.78s）
[收到] 买家ID: safety_filter.py | 消息: api
[AI回复] 回复测试~ | 耗时: 0ms
[已发送] 买家ID: safety_filter.py
[纯视觉] 会话检测: 无（0.85s）
[纯视觉] 会话检测: 无（0.34s）
[纯视觉] 会话检测: 无（5.87s）
[收到] 买家ID: anonymous_1774771558 | 消息: ），任务改名为「实际运行时遇到的若干问
代码(vision_message.py SHA:465d2616、
问题根因：(1)_role_for_box()margin被
本未被排除；(4)回复后去重机制在OCR漂移
[AI回复] 回复测试~ | 耗时: 0ms
[已发送] 买家ID: anonymous_1774771558
[纯视觉] 会话检测: 无（0.51s）
[纯视觉] 会话检测: 无（2.45s）
[收到] 买家ID: safety_filter.py | 消息: result-else-False,
result-else-None,
[AI回复] 回复测试~ | 耗时: 0ms
[已发送] 买家ID: safety_filter.py
[纯视觉] 会话检测: 无（0.33s）
[纯视觉] 会话检测: 无（0.48s）
[纯视觉] 会话检测: 无（0.31s）
[纯视觉] 会话检测: 无（0.35s）
[纯视觉] 会话检测: 无（0.34s）
[纯视觉] 会话检测: 无（0.32s）
[纯视觉] 会话检测: 无（0.39s）
[纯视觉] 会话检测: 无（0.38s）
[纯视觉] 会话检测: 无（0.34s）
[纯视觉] 会话检测: 无（0.38s）
[纯视觉] 会话检测: 待回复（3.24s）
[收到] 买家ID: 足跡 | 消息: 访客用账号
牛栏网怎么卖
[AI回复] 回复测试~ | 耗时: 0ms
2026-03-29 16:08:12 | WARNING | vision_calibrate | [校准] 未找到「发送」锚点
2026-03-29 16:08:12 | WARNING | vision_layout | [WARNING] 自动校准失败，使用默认比例
2026-03-29 16:08:13 | WARNING | vision_reply | 输入区内未 OCR 到「发送」
[发送失败] 请保持接待中心在前台；可查看 debug/ 下截图
2026-03-29 16:08:25 | WARNING | vision_calibrate | [校准] 未找到「发送」锚点
2026-03-29 16:08:25 | WARNING | vision_layout | [WARNING] 自动校准失败，使用默认比例
[纯视觉] 会话检测: 无（0.11s）
2026-03-29 16:08:40 | WARNING | vision_calibrate | [校准] 未找到「发送」锚点
2026-03-29 16:08:40 | WARNING | vision_layout | [WARNING] 自动校准失败，使用默认比例
[纯视觉] 会话检测: 无（0.13s）
2026-03-29 16:08:55 | WARNING | vision_calibrate | [校准] 未找到「发送」锚点
2026-03-29 16:08:55 | WARNING | vision_layout | [WARNING] 自动校准失败，使用默认比例
[纯视觉] 会话检测: 无（0.11s）
2026-03-29 16:09:10 | WARNING | vision_calibrate | [校准] 未找到「发送」锚点
2026-03-29 16:09:10 | WARNING | vision_layout | [WARNING] 自动校准失败，使用默认比例
[纯视觉] 会话检测: 无（0.10s）
[纯视觉] 会话检测: 待回复（4.07s）
[收到] 买家ID: 显示更改 | 消息: 化测试报告。
[AI回复] 回复测试~ | 耗时: 0ms
[已发送] 买家ID: 显示更改
[纯视觉] 会话检测: 无（3.12s）
[纯视觉] 会话检测: 无（3.52s）
[纯视觉] 会话检测: 无（3.44s）
[纯视觉] 会话检测: 无（3.76s）
[纯视觉] 会话检测: 无（6.04s）
[收到] 买家ID: 显示更改 | 消息: P1重要
[AI回复] 回复测试~ | 耗时: 0ms
[已发送] 买家ID: 显示更改
[纯视觉] 会话检测: 无（10.49s）
[纯视觉] 会话检测: 无（3.40s）
[纯视觉] 会话检测: 无（5.19s）
[WARN] 残留锁文件 (PID=26436 已不存在)，自动清理。
[INIT] 已获取锁 (PID=26532)
2026-03-29 16:24:32 | INFO | ui_selectors | 已加载 UI 选择器: config/selectors.json
纯视觉模式需要 PaddleOCR。请安装: pip install paddleocr paddlepaddle
或改用旧版：在 .env 设 LEGACY_UIA_PIPELINE=true
2026-03-29 16:24:32 | ERROR | main | PaddleOCR 不可用，无法启动纯视觉流水线
[INIT] 已获取锁 (PID=7436)
2026-03-29 16:24:37 | INFO | ui_selectors | 已加载 UI 选择器: config/selectors.json
正在定位千牛主窗口（带重试）…
[定位] 第 1 次：已匹配窗口「radiobalabala-接待中心」
2026-03-29 16:24:37 | INFO | main | 定位尝试 1：匹配窗口 radiobalabala-接待中心
千牛窗口已定位，开始监听 | 标题: radiobalabala-接待中心
2026-03-29 16:24:37 | INFO | main | 千牛窗口已定位: radiobalabala-接待中心
[桩模式] 已关闭对 FastGPT 的调用，回复固定为：'亲，您好呀~ 欢迎光临我们的店铺！有什么可以帮您的吗？'（.env 设 AI_STUB_MODE=false 可恢复）
2026-03-29 16:24:37 | INFO | main | AI 桩模式开启 stub_reply=亲，您好呀~ 欢迎光临我们的店铺！有什么可以帮您的吗？
2026-03-29 16:24:37 | WARNING | hotkeys | 未安装 pynput，F12 暂停不可用。请执行: pip install pynput
提示：执行 pip install pynput 后可使用 F12 暂停/继续
2026-03-29 16:24:37 | INFO | main | [SOAK] Legacy UIA 流水线启动 session_id=326b9a81
2026-03-29 16:24:40 | INFO | main | 左侧列表未识别未读，改用当前已打开会话兜底 buyer=访客用账号
[收到] 买家ID: 访客用账号 | 消息: 2024-08-18 14:45:13
2026-03-29 16:24:40 | INFO | main | 收到消息 buyer=访客用账号 text=2024-08-18 14:45:13
[AI回复] 亲，您好呀~ 欢迎光临我们的店铺！有什么可以帮您的吗？ | 耗时: 0ms
2026-03-29 16:24:40 | INFO | main | AI 回复 buyer=访客用账号 ms=0
2026-03-29 16:24:46 | WARNING | reply_sender | 未找到可通过点探测校验的聊天主输入框（策略 A 几何 / A2 宽松 / B 发送左侧 / C 坐标激活 均失败）；请关闭「商品搜索」浮层并保持接待中心窗口在前台
[发送失败] 未写入或未清空输入框，未记入去重，将自动重试；请保持「接待中心」在前台并避免遮挡输入区。
2026-03-29 16:24:46 | WARNING | main | 发送失败，不入去重集，下次可重试
2026-03-29 16:24:53 | INFO | main | 左侧列表未识别未读，改用当前已打开会话兜底 buyer=访客用账号
[收到] 买家ID: 访客用账号 | 消息: 2024-08-18 14:45:13
2026-03-29 16:24:53 | INFO | main | 收到消息 buyer=访客用账号 text=2024-08-18 14:45:13
[AI回复] 亲，您好呀~ 欢迎光临我们的店铺！有什么可以帮您的吗？ | 耗时: 0ms
2026-03-29 16:24:53 | INFO | main | AI 回复 buyer=访客用账号 ms=0
2026-03-29 16:24:59 | WARNING | reply_sender | 未找到可通过点探测校验的聊天主输入框（策略 A 几何 / A2 宽松 / B 发送左侧 / C 坐标激活 均失败）；请关闭「商品搜索」浮层并保持接待中心窗口在前台
[发送失败] 未写入或未清空输入框，未记入去重，将自动重试；请保持「接待中心」在前台并避免遮挡输入区。
2026-03-29 16:24:59 | WARNING | main | 发送失败，不入去重集，下次可重试
2026-03-29 16:25:06 | INFO | main | 左侧列表未识别未读，改用当前已打开会话兜底 buyer=访客用账号
[收到] 买家ID: 访客用账号 | 消息: 2024-08-18 14:45:13
2026-03-29 16:25:06 | INFO | main | 收到消息 buyer=访客用账号 text=2024-08-18 14:45:13
[AI回复] 亲，您好呀~ 欢迎光临我们的店铺！有什么可以帮您的吗？ | 耗时: 0ms
2026-03-29 16:25:06 | INFO | main | AI 回复 buyer=访客用账号 ms=0
2026-03-29 16:25:12 | WARNING | reply_sender | 未找到可通过点探测校验的聊天主输入框（策略 A 几何 / A2 宽松 / B 发送左侧 / C 坐标激活 均失败）；请关闭「商品搜索」浮层并保持接待中心窗口在前台
[发送失败] 未写入或未清空输入框，未记入去重，将自动重试；请保持「接待中心」在前台并避免遮挡输入区。
2026-03-29 16:25:12 | WARNING | main | 发送失败，不入去重集，下次可重试
[监听] 当前：访客用账号；等待未读或新消息。
[监听] 当前：访客用账号；等待未读或新消息。
[监听] 当前：访客用账号；等待未读或新消息。
[监听] 当前：访客用账号；等待未读或新消息。
[监听] 当前：访客用账号；等待未读或新消息。
[监听] 当前：访客用账号；等待未读或新消息。
[监听] 当前：访客用账号；等待未读或新消息。
[监听] 当前：访客用账号；等待未读或新消息。
[监听] 当前：访客用账号；等待未读或新消息。
2026-03-29 16:29:38 | INFO | main | [SOAK] 已运行 5.0 分钟，已处理 0 条消息
[监听] 当前：访客用账号；等待未读或新消息。
[监听] 当前：访客用账号；等待未读或新消息。
[监听] 当前：访客用账号；等待未读或新消息。
[监听] 当前：访客用账号；等待未读或新消息。
[监听] 当前：访客用账号；等待未读或新消息。
[监听] 当前：访客用账号；等待未读或新消息。
2026-03-29 16:32:13 | INFO | debug_cleanup | [CLEANUP] 清理了 321 张调试截图，当前剩余约 100 张
[监听] 当前：访客用账号；等待未读或新消息。
[监听] 当前：访客用账号；等待未读或新消息。
[监听] 当前：访客用账号；等待未读或新消息。
[监听] 当前：访客用账号；等待未读或新消息。
[监听] 当前：访客用账号；等待未读或新消息。
[监听] 当前：访客用账号；等待未读或新消息。
2026-03-29 16:34:44 | INFO | main | [SOAK] 已运行 10.1 分钟，已处理 0 条消息
[监听] 当前：访客用账号；等待未读或新消息。
[监听] 当前：访客用账号；等待未读或新消息。
[监听] 当前：访客用账号；等待未读或新消息。
[监听] 当前：访客用账号；等待未读或新消息。
[监听] 当前：访客用账号；等待未读或新消息。
[监听] 当前：访客用账号；等待未读或新消息。
[监听] 当前：访客用账号；等待未读或新消息。
[监听] 当前：访客用账号；等待未读或新消息。
[监听] 当前：访客用账号；等待未读或新消息。
[WARN] 残留锁文件 (PID=7436 与当前解释器不一致，可能为 PID 复用)，自动清理。
[INIT] 已获取锁 (PID=22760)
2026-03-29 16:38:42 | INFO | ui_selectors | 已加载 UI 选择器: config/selectors.json
纯视觉模式需要 PaddleOCR。请安装: pip install paddleocr paddlepaddle
或改用旧版：在 .env 设 LEGACY_UIA_PIPELINE=true
2026-03-29 16:38:42 | ERROR | main | PaddleOCR 不可用，无法启动纯视觉流水线
[INIT] 已获取锁 (PID=25876)
2026-03-29 16:38:50 | INFO | ui_selectors | 已加载 UI 选择器: config/selectors.json
正在定位千牛主窗口（带重试）…
[定位] 第 1 次：已匹配窗口「radiobalabala-接待中心」
2026-03-29 16:38:50 | INFO | main | 定位尝试 1：匹配窗口 radiobalabala-接待中心
千牛窗口已定位，开始监听 | 标题: radiobalabala-接待中心
2026-03-29 16:38:50 | INFO | main | 千牛窗口已定位: radiobalabala-接待中心
[桩模式] 已关闭对 FastGPT 的调用，回复固定为：'【测试回复】这是修复后的测试消息~'（.env 设 AI_STUB_MODE=false 可恢复）
2026-03-29 16:38:50 | INFO | main | AI 桩模式开启 stub_reply=【测试回复】这是修复后的测试消息~
2026-03-29 16:38:50 | WARNING | hotkeys | 未安装 pynput，F12 暂停不可用。请执行: pip install pynput
提示：执行 pip install pynput 后可使用 F12 暂停/继续
2026-03-29 16:38:50 | INFO | main | [SOAK] Legacy UIA 流水线启动 session_id=a2fdf906
2026-03-29 16:38:56 | INFO | main | 左侧列表未识别未读，改用当前已打开会话兜底 buyer=访客用账号
[收到] 买家ID: 访客用账号 | 消息: (1)
2026-03-29 16:38:56 | INFO | main | 收到消息 buyer=访客用账号 text=(1)
[AI回复] 【测试回复】这是修复后的测试消息~ | 耗时: 0ms
2026-03-29 16:38:56 | INFO | main | AI 回复 buyer=访客用账号 ms=0
2026-03-29 16:39:03 | WARNING | reply_sender | 未找到可通过点探测校验的聊天主输入框（策略 A 几何 / A2 宽松 / B 发送左侧 / C 坐标激活 均失败）；请关闭「商品搜索」浮层并保持接待中心窗口在前台
[发送失败] 未写入或未清空输入框，未记入去重，将自动重试；请保持「接待中心」在前台并避免遮挡输入区。
2026-03-29 16:39:03 | WARNING | main | 发送失败，不入去重集，下次可重试
[监听] 当前：访客用账号；等待未读或新消息。
2026-03-29 16:39:10 | INFO | main | 左侧列表未识别未读，改用当前已打开会话兜底 buyer=访客用账号
[收到] 买家ID: 访客用账号 | 消息: (1)
2026-03-29 16:39:10 | INFO | main | 收到消息 buyer=访客用账号 text=(1)
[AI回复] 【测试回复】这是修复后的测试消息~ | 耗时: 0ms
2026-03-29 16:39:10 | INFO | main | AI 回复 buyer=访客用账号 ms=0
2026-03-29 16:39:17 | WARNING | reply_sender | 未找到可通过点探测校验的聊天主输入框（策略 A 几何 / A2 宽松 / B 发送左侧 / C 坐标激活 均失败）；请关闭「商品搜索」浮层并保持接待中心窗口在前台
[发送失败] 未写入或未清空输入框，未记入去重，将自动重试；请保持「接待中心」在前台并避免遮挡输入区。
2026-03-29 16:39:17 | WARNING | main | 发送失败，不入去重集，下次可重试
2026-03-29 16:39:25 | INFO | main | 左侧列表未识别未读，改用当前已打开会话兜底 buyer=访客用账号
[收到] 买家ID: 访客用账号 | 消息: (1)
2026-03-29 16:39:25 | INFO | main | 收到消息 buyer=访客用账号 text=(1)
[AI回复] 【测试回复】这是修复后的测试消息~ | 耗时: 0ms
2026-03-29 16:39:25 | INFO | main | AI 回复 buyer=访客用账号 ms=0
2026-03-29 16:39:32 | WARNING | reply_sender | 未找到可通过点探测校验的聊天主输入框（策略 A 几何 / A2 宽松 / B 发送左侧 / C 坐标激活 均失败）；请关闭「商品搜索」浮层并保持接待中心窗口在前台
[发送失败] 未写入或未清空输入框，未记入去重，将自动重试；请保持「接待中心」在前台并避免遮挡输入区。
2026-03-29 16:39:32 | WARNING | main | 发送失败，不入去重集，下次可重试
[监听] 当前：访客用账号；等待未读或新消息。
[监听] 当前：访客用账号；等待未读或新消息。
2026-03-29 16:39:47 | INFO | main | [SOAK] 已运行 15.2 分钟，已处理 0 条消息
[监听] 当前：访客用账号；等待未读或新消息。
[监听] 当前：访客用账号；等待未读或新消息。
[监听] 当前：访客用账号；等待未读或新消息。
[监听] 当前：访客用账号；等待未读或新消息。
[监听] 当前：访客用账号；等待未读或新消息。
[WARN] 残留锁文件 (PID=25876 与当前解释器不一致，可能为 PID 复用)，自动清理。
[INIT] 已获取锁 (PID=25576)
2026-03-29 16:41:01 | INFO | ui_selectors | 已加载 UI 选择器: config/selectors.json
正在定位千牛主窗口（带重试）…
[定位] 第 1 次：已匹配窗口「radiobalabala-接待中心」
2026-03-29 16:41:01 | INFO | main | 定位尝试 1：匹配窗口 radiobalabala-接待中心
千牛窗口已定位，开始监听 | 标题: radiobalabala-接待中心
2026-03-29 16:41:01 | INFO | main | 千牛窗口已定位: radiobalabala-接待中心
[桩模式] 已关闭对 FastGPT 的调用，回复固定为：'【测试回复】这是修复后的测试消息~'（.env 设 AI_STUB_MODE=false 可恢复）
2026-03-29 16:41:01 | INFO | main | AI 桩模式开启 stub_reply=【测试回复】这是修复后的测试消息~
2026-03-29 16:41:01 | WARNING | hotkeys | 未安装 pynput，F12 暂停不可用。请执行: pip install pynput
提示：执行 pip install pynput 后可使用 F12 暂停/继续
2026-03-29 16:41:01 | INFO | main | [SOAK] Legacy UIA 流水线启动 session_id=96187525
[监听] 当前：访客用账号；等待未读或新消息。
2026-03-29 16:41:11 | INFO | main | 左侧列表未识别未读，改用当前已打开会话兜底 buyer=访客用账号
[收到] 买家ID: 访客用账号 | 消息: (1)
2026-03-29 16:41:11 | INFO | main | 收到消息 buyer=访客用账号 text=(1)
[AI回复] 【测试回复】这是修复后的测试消息~ | 耗时: 0ms
2026-03-29 16:41:11 | INFO | main | AI 回复 buyer=访客用账号 ms=0
2026-03-29 16:41:21 | WARNING | reply_sender | 未找到可通过点探测校验的聊天主输入框（策略 A 几何 / A2 宽松 / B 发送左侧 / C 坐标激活 均失败）；请关闭「商品搜索」浮层并保持接待中心窗口在前台
[发送失败] 未写入或未清空输入框，未记入去重，将自动重试；请保持「接待中心」在前台并避免遮挡输入区。
2026-03-29 16:41:21 | WARNING | main | 发送失败，不入去重集，下次可重试
[监听] 当前：访客用账号；等待未读或新消息。
2026-03-29 16:41:30 | INFO | main | 左侧列表未识别未读，改用当前已打开会话兜底 buyer=访客用账号
[收到] 买家ID: 访客用账号 | 消息: (1)
2026-03-29 16:41:30 | INFO | main | 收到消息 buyer=访客用账号 text=(1)
[AI回复] 【测试回复】这是修复后的测试消息~ | 耗时: 0ms
2026-03-29 16:41:30 | INFO | main | AI 回复 buyer=访客用账号 ms=0
[监听] 当前：访客用账号；等待未读或新消息。
2026-03-29 16:41:38 | WARNING | reply_sender | 未找到可通过点探测校验的聊天主输入框（策略 A 几何 / A2 宽松 / B 发送左侧 / C 坐标激活 均失败）；请关闭「商品搜索」浮层并保持接待中心窗口在前台
[发送失败] 未写入或未清空输入框，未记入去重，将自动重试；请保持「接待中心」在前台并避免遮挡输入区。
2026-03-29 16:41:38 | WARNING | main | 发送失败，不入去重集，下次可重试
[WARN] 残留锁文件 (PID=25576 与当前解释器不一致，可能为 PID 复用)，自动清理。
[INIT] 已获取锁 (PID=9424)
2026-03-29 16:41:39 | INFO | ui_selectors | 已加载 UI 选择器: config/selectors.json
正在定位千牛主窗口（带重试）…
[定位] 第 1 次：已匹配窗口「radiobalabala-接待中心」
2026-03-29 16:41:39 | INFO | main | 定位尝试 1：匹配窗口 radiobalabala-接待中心
千牛窗口已定位，开始监听 | 标题: radiobalabala-接待中心
2026-03-29 16:41:39 | INFO | main | 千牛窗口已定位: radiobalabala-接待中心
[桩模式] 已关闭对 FastGPT 的调用，回复固定为：'【测试回复】这是修复后的测试消息~'（.env 设 AI_STUB_MODE=false 可恢复）
2026-03-29 16:41:39 | INFO | main | AI 桩模式开启 stub_reply=【测试回复】这是修复后的测试消息~
2026-03-29 16:41:39 | WARNING | hotkeys | 未安装 pynput，F12 暂停不可用。请执行: pip install pynput
提示：执行 pip install pynput 后可使用 F12 暂停/继续
2026-03-29 16:41:39 | INFO | main | [SOAK] Legacy UIA 流水线启动 session_id=4a27cded
2026-03-29 16:41:51 | INFO | main | 左侧列表未识别未读，改用当前已打开会话兜底 buyer=访客用账号
[收到] 买家ID: 访客用账号 | 消息: (1)
2026-03-29 16:41:51 | INFO | main | 收到消息 buyer=访客用账号 text=(1)
[AI回复] 【测试回复】这是修复后的测试消息~ | 耗时: 0ms
2026-03-29 16:41:51 | INFO | main | AI 回复 buyer=访客用账号 ms=0
[监听] 当前：访客用账号；等待未读或新消息。
[监听] 当前：访客用账号；等待未读或新消息。

[INFO] 收到停止信号，正在退出…

[INFO] 收到停止信号，正在退出…
[监听] 当前：访客用账号；等待未读或新消息。
[监听] 当前：访客用账号；等待未读或新消息。
[监听] 当前：访客用账号；等待未读或新消息。
[监听] 当前：访客用账号；等待未读或新消息。
[监听] 当前：访客用账号；等待未读或新消息。
[监听] 当前：访客用账号；等待未读或新消息。
[监听] 当前：访客用账号；等待未读或新消息。
2026-03-29 16:43:58 | INFO | main | [SOAK] 已运行 5.1 分钟，已处理 0 条消息
[监听] 当前：访客用账号；等待未读或新消息。
[监听] 当前：访客用账号；等待未读或新消息。
[监听] 当前：访客用账号；等待未读或新消息。
[监听] 当前：访客用账号；等待未读或新消息。
2026-03-29 16:44:54 | INFO | main | [SOAK] 已运行 20.3 分钟，已处理 0 条消息
[监听] 当前：访客用账号；等待未读或新消息。
[监听] 当前：访客用账号；等待未读或新消息。
[监听] 当前：访客用账号；等待未读或新消息。
[监听] 当前：访客用账号；等待未读或新消息。
[监听] 当前：访客用账号；等待未读或新消息。
[监听] 当前：访客用账号；等待未读或新消息。
[监听] 当前：访客用账号；等待未读或新消息。
[监听] 当前：访客用账号；等待未读或新消息。
[监听] 当前：访客用账号；等待未读或新消息。
[监听] 当前：访客用账号；等待未读或新消息。
[监听] 当前：访客用账号；等待未读或新消息。
[监听] 当前：访客用账号；等待未读或新消息。
[监听] 当前：访客用账号；等待未读或新消息。
[监听] 当前：访客用账号；等待未读或新消息。
[监听] 当前：访客用账号；等待未读或新消息。
[监听] 当前：访客用账号；等待未读或新消息。
2026-03-29 16:49:05 | INFO | main | [SOAK] 已运行 10.2 分钟，已处理 0 条消息
[监听] 当前：访客用账号；等待未读或新消息。
[监听] 当前：访客用账号；等待未读或新消息。
[监听] 当前：访客用账号；等待未读或新消息。
[监听] 当前：访客用账号；等待未读或新消息。
2026-03-29 16:50:03 | INFO | main | [SOAK] 已运行 25.4 分钟，已处理 0 条消息
[监听] 当前：访客用账号；等待未读或新消息。
[监听] 当前：访客用账号；等待未读或新消息。
[监听] 当前：访客用账号；等待未读或新消息。
[监听] 当前：访客用账号；等待未读或新消息。
[监听] 当前：访客用账号；等待未读或新消息。
[监听] 当前：访客用账号；等待未读或新消息。
[监听] 当前：访客用账号；等待未读或新消息。
[监听] 当前：访客用账号；等待未读或新消息。
[监听] 当前：访客用账号；等待未读或新消息。
[监听] 当前：访客用账号；等待未读或新消息。
[监听] 当前：访客用账号；等待未读或新消息。
[监听] 当前：访客用账号；等待未读或新消息。
[监听] 当前：访客用账号；等待未读或新消息。
[监听] 当前：访客用账号；等待未读或新消息。
2026-03-29 16:54:06 | INFO | main | [SOAK] 已运行 15.3 分钟，已处理 0 条消息
[监听] 当前：访客用账号；等待未读或新消息。
[监听] 当前：访客用账号；等待未读或新消息。
[监听] 当前：访客用账号；等待未读或新消息。
[监听] 当前：访客用账号；等待未读或新消息。
2026-03-29 16:55:08 | INFO | main | [SOAK] 已运行 30.5 分钟，已处理 0 条消息
[监听] 当前：访客用账号；等待未读或新消息。
[监听] 当前：访客用账号；等待未读或新消息。
[监听] 当前：访客用账号；等待未读或新消息。
[监听] 当前：访客用账号；等待未读或新消息。
[监听] 当前：访客用账号；等待未读或新消息。
[监听] 当前：访客用账号；等待未读或新消息。
[监听] 当前：访客用账号；等待未读或新消息。
[监听] 当前：访客用账号；等待未读或新消息。
[窗口丢失] 尝试重新定位…
2026-03-29 16:57:09 | WARNING | main | 窗口丢失，重新定位
[定位] 第 1 次：未找到标题匹配任一子串的窗口：接待、千牛
2026-03-29 16:57:09 | INFO | main | 定位尝试 1：未找到窗口 subs=['接待', '千牛']
[窗口丢失] 尝试重新定位…
2026-03-29 16:57:11 | WARNING | main | 窗口丢失，重新定位
[定位] 第 1 次：未找到标题匹配任一子串的窗口：接待、千牛
2026-03-29 16:57:11 | INFO | main | 定位尝试 1：未找到窗口 subs=['接待', '千牛']
[定位] 第 2 次：未找到标题匹配任一子串的窗口：接待、千牛
2026-03-29 16:57:11 | INFO | main | 定位尝试 2：未找到窗口 subs=['接待', '千牛']
[定位] 第 2 次：未找到标题匹配任一子串的窗口：接待、千牛
2026-03-29 16:57:13 | INFO | main | 定位尝试 2：未找到窗口 subs=['接待', '千牛']
[定位] 第 3 次：未找到标题匹配任一子串的窗口：接待、千牛
2026-03-29 16:57:13 | INFO | main | 定位尝试 3：未找到窗口 subs=['接待', '千牛']
[定位] 第 3 次：未找到标题匹配任一子串的窗口：接待、千牛
2026-03-29 16:57:15 | INFO | main | 定位尝试 3：未找到窗口 subs=['接待', '千牛']
[定位] 第 4 次：未找到标题匹配任一子串的窗口：接待、千牛
2026-03-29 16:57:15 | INFO | main | 定位尝试 4：未找到窗口 subs=['接待', '千牛']
[定位] 第 4 次：未找到标题匹配任一子串的窗口：接待、千牛
2026-03-29 16:57:17 | INFO | main | 定位尝试 4：未找到窗口 subs=['接待', '千牛']
[定位] 第 5 次：未找到标题匹配任一子串的窗口：接待、千牛
2026-03-29 16:57:17 | INFO | main | 定位尝试 5：未找到窗口 subs=['接待', '千牛']
[定位] 第 5 次：未找到标题匹配任一子串的窗口：接待、千牛
2026-03-29 16:57:19 | INFO | main | 定位尝试 5：未找到窗口 subs=['接待', '千牛']
[定位] 第 6 次：未找到标题匹配任一子串的窗口：接待、千牛
2026-03-29 16:57:20 | INFO | main | 定位尝试 6：未找到窗口 subs=['接待', '千牛']
[定位] 第 6 次：未找到标题匹配任一子串的窗口：接待、千牛
2026-03-29 16:57:21 | INFO | main | 定位尝试 6：未找到窗口 subs=['接待', '千牛']
[定位] 第 7 次：未找到标题匹配任一子串的窗口：接待、千牛
2026-03-29 16:57:22 | INFO | main | 定位尝试 7：未找到窗口 subs=['接待', '千牛']
[定位] 第 7 次：未找到标题匹配任一子串的窗口：接待、千牛
2026-03-29 16:57:23 | INFO | main | 定位尝试 7：未找到窗口 subs=['接待', '千牛']
[定位] 第 8 次：未找到标题匹配任一子串的窗口：接待、千牛
2026-03-29 16:57:24 | INFO | main | 定位尝试 8：未找到窗口 subs=['接待', '千牛']
[定位] 第 8 次：未找到标题匹配任一子串的窗口：接待、千牛
2026-03-29 16:57:25 | INFO | main | 定位尝试 8：未找到窗口 subs=['接待', '千牛']
[定位] 第 9 次：未找到标题匹配任一子串的窗口：接待、千牛
2026-03-29 16:57:26 | INFO | main | 定位尝试 9：未找到窗口 subs=['接待', '千牛']
[定位] 第 9 次：未找到标题匹配任一子串的窗口：接待、千牛
2026-03-29 16:57:27 | INFO | main | 定位尝试 9：未找到窗口 subs=['接待', '千牛']
[定位] 第 10 次：未找到标题匹配任一子串的窗口：接待、千牛
2026-03-29 16:57:28 | INFO | main | 定位尝试 10：未找到窗口 subs=['接待', '千牛']
[定位] 第 10 次：未找到标题匹配任一子串的窗口：接待、千牛
2026-03-29 16:57:29 | INFO | main | 定位尝试 10：未找到窗口 subs=['接待', '千牛']
[定位] 第 11 次：未找到标题匹配任一子串的窗口：接待、千牛
2026-03-29 16:57:30 | INFO | main | 定位尝试 11：未找到窗口 subs=['接待', '千牛']
[定位] 第 11 次：未找到标题匹配任一子串的窗口：接待、千牛
2026-03-29 16:57:31 | INFO | main | 定位尝试 11：未找到窗口 subs=['接待', '千牛']
[定位] 第 12 次：未找到标题匹配任一子串的窗口：接待、千牛
2026-03-29 16:57:32 | INFO | main | 定位尝试 12：未找到窗口 subs=['接待', '千牛']
[定位] 第 12 次：未找到标题匹配任一子串的窗口：接待、千牛
2026-03-29 16:57:33 | INFO | main | 定位尝试 12：未找到窗口 subs=['接待', '千牛']
[定位] 第 13 次：未找到标题匹配任一子串的窗口：接待、千牛
2026-03-29 16:57:34 | INFO | main | 定位尝试 13：未找到窗口 subs=['接待', '千牛']
[定位] 第 13 次：未找到标题匹配任一子串的窗口：接待、千牛
2026-03-29 16:57:36 | INFO | main | 定位尝试 13：未找到窗口 subs=['接待', '千牛']
[定位] 第 14 次：未找到标题匹配任一子串的窗口：接待、千牛
2026-03-29 16:57:36 | INFO | main | 定位尝试 14：未找到窗口 subs=['接待', '千牛']
[定位] 第 14 次：未找到标题匹配任一子串的窗口：接待、千牛
2026-03-29 16:57:38 | INFO | main | 定位尝试 14：未找到窗口 subs=['接待', '千牛']
[定位] 第 15 次：未找到标题匹配任一子串的窗口：接待、千牛
2026-03-29 16:57:38 | INFO | main | 定位尝试 15：未找到窗口 subs=['接待', '千牛']
[定位] 第 15 次：未找到标题匹配任一子串的窗口：接待、千牛
2026-03-29 16:57:40 | INFO | main | 定位尝试 15：未找到窗口 subs=['接待', '千牛']
重新定位失败，5s 后再试
重新定位失败，5s 后再试
[窗口丢失] 尝试重新定位…
2026-03-29 16:57:45 | WARNING | main | 窗口丢失，重新定位
[定位] 第 1 次：未找到标题匹配任一子串的窗口：接待、千牛
2026-03-29 16:57:45 | INFO | main | 定位尝试 1：未找到窗口 subs=['接待', '千牛']
[窗口丢失] 尝试重新定位…
2026-03-29 16:57:47 | WARNING | main | 窗口丢失，重新定位
[定位] 第 1 次：未找到标题匹配任一子串的窗口：接待、千牛
2026-03-29 16:57:47 | INFO | main | 定位尝试 1：未找到窗口 subs=['接待', '千牛']
[定位] 第 2 次：未找到标题匹配任一子串的窗口：接待、千牛
2026-03-29 16:57:47 | INFO | main | 定位尝试 2：未找到窗口 subs=['接待', '千牛']
[定位] 第 2 次：未找到标题匹配任一子串的窗口：接待、千牛
2026-03-29 16:57:49 | INFO | main | 定位尝试 2：未找到窗口 subs=['接待', '千牛']
[定位] 第 3 次：未找到标题匹配任一子串的窗口：接待、千牛
2026-03-29 16:57:49 | INFO | main | 定位尝试 3：未找到窗口 subs=['接待', '千牛']
[定位] 第 3 次：未找到标题匹配任一子串的窗口：接待、千牛
2026-03-29 16:57:51 | INFO | main | 定位尝试 3：未找到窗口 subs=['接待', '千牛']
[定位] 第 4 次：未找到标题匹配任一子串的窗口：接待、千牛
2026-03-29 16:57:51 | INFO | main | 定位尝试 4：未找到窗口 subs=['接待', '千牛']
[定位] 第 4 次：未找到标题匹配任一子串的窗口：接待、千牛
2026-03-29 16:57:53 | INFO | main | 定位尝试 4：未找到窗口 subs=['接待', '千牛']
[定位] 第 5 次：未找到标题匹配任一子串的窗口：接待、千牛
2026-03-29 16:57:53 | INFO | main | 定位尝试 5：未找到窗口 subs=['接待', '千牛']
[定位] 第 5 次：未找到标题匹配任一子串的窗口：接待、千牛
2026-03-29 16:57:55 | INFO | main | 定位尝试 5：未找到窗口 subs=['接待', '千牛']
[定位] 第 6 次：未找到标题匹配任一子串的窗口：接待、千牛
2026-03-29 16:57:55 | INFO | main | 定位尝试 6：未找到窗口 subs=['接待', '千牛']
[定位] 第 6 次：未找到标题匹配任一子串的窗口：接待、千牛
2026-03-29 16:57:57 | INFO | main | 定位尝试 6：未找到窗口 subs=['接待', '千牛']
[定位] 第 7 次：未找到标题匹配任一子串的窗口：接待、千牛
2026-03-29 16:57:57 | INFO | main | 定位尝试 7：未找到窗口 subs=['接待', '千牛']
[定位] 第 7 次：未找到标题匹配任一子串的窗口：接待、千牛
2026-03-29 16:57:59 | INFO | main | 定位尝试 7：未找到窗口 subs=['接待', '千牛']
[定位] 第 8 次：未找到标题匹配任一子串的窗口：接待、千牛
2026-03-29 16:57:59 | INFO | main | 定位尝试 8：未找到窗口 subs=['接待', '千牛']
[定位] 第 8 次：未找到标题匹配任一子串的窗口：接待、千牛
2026-03-29 16:58:01 | INFO | main | 定位尝试 8：未找到窗口 subs=['接待', '千牛']
[定位] 第 9 次：未找到标题匹配任一子串的窗口：接待、千牛
2026-03-29 16:58:01 | INFO | main | 定位尝试 9：未找到窗口 subs=['接待', '千牛']
[定位] 第 9 次：未找到标题匹配任一子串的窗口：接待、千牛
2026-03-29 16:58:03 | INFO | main | 定位尝试 9：未找到窗口 subs=['接待', '千牛']
[定位] 第 10 次：未找到标题匹配任一子串的窗口：接待、千牛
2026-03-29 16:58:03 | INFO | main | 定位尝试 10：未找到窗口 subs=['接待', '千牛']
[定位] 第 10 次：未找到标题匹配任一子串的窗口：接待、千牛
2026-03-29 16:58:05 | INFO | main | 定位尝试 10：未找到窗口 subs=['接待', '千牛']
[定位] 第 11 次：未找到标题匹配任一子串的窗口：接待、千牛
2026-03-29 16:58:05 | INFO | main | 定位尝试 11：未找到窗口 subs=['接待', '千牛']
[定位] 第 11 次：未找到标题匹配任一子串的窗口：接待、千牛
2026-03-29 16:58:07 | INFO | main | 定位尝试 11：未找到窗口 subs=['接待', '千牛']
[定位] 第 12 次：未找到标题匹配任一子串的窗口：接待、千牛
2026-03-29 16:58:08 | INFO | main | 定位尝试 12：未找到窗口 subs=['接待', '千牛']
[定位] 第 12 次：未找到标题匹配任一子串的窗口：接待、千牛
2026-03-29 16:58:09 | INFO | main | 定位尝试 12：未找到窗口 subs=['接待', '千牛']
[定位] 第 13 次：未找到标题匹配任一子串的窗口：接待、千牛
2026-03-29 16:58:10 | INFO | main | 定位尝试 13：未找到窗口 subs=['接待', '千牛']
[定位] 第 13 次：未找到标题匹配任一子串的窗口：接待、千牛
2026-03-29 16:58:11 | INFO | main | 定位尝试 13：未找到窗口 subs=['接待', '千牛']
[定位] 第 14 次：未找到标题匹配任一子串的窗口：接待、千牛
2026-03-29 16:58:12 | INFO | main | 定位尝试 14：未找到窗口 subs=['接待', '千牛']
[定位] 第 14 次：未找到标题匹配任一子串的窗口：接待、千牛
2026-03-29 16:58:14 | INFO | main | 定位尝试 14：未找到窗口 subs=['接待', '千牛']
[定位] 第 15 次：未找到标题匹配任一子串的窗口：接待、千牛
2026-03-29 16:58:14 | INFO | main | 定位尝试 15：未找到窗口 subs=['接待', '千牛']
[定位] 第 15 次：未找到标题匹配任一子串的窗口：接待、千牛
2026-03-29 16:58:16 | INFO | main | 定位尝试 15：未找到窗口 subs=['接待', '千牛']
重新定位失败，5s 后再试
重新定位失败，5s 后再试
[窗口丢失] 尝试重新定位…
2026-03-29 16:58:21 | WARNING | main | 窗口丢失，重新定位
[定位] 第 1 次：未找到标题匹配任一子串的窗口：接待、千牛
2026-03-29 16:58:21 | INFO | main | 定位尝试 1：未找到窗口 subs=['接待', '千牛']
[窗口丢失] 尝试重新定位…
2026-03-29 16:58:23 | WARNING | main | 窗口丢失，重新定位
[定位] 第 1 次：未找到标题匹配任一子串的窗口：接待、千牛
2026-03-29 16:58:23 | INFO | main | 定位尝试 1：未找到窗口 subs=['接待', '千牛']
[定位] 第 2 次：未找到标题匹配任一子串的窗口：接待、千牛
2026-03-29 16:58:23 | INFO | main | 定位尝试 2：未找到窗口 subs=['接待', '千牛']
[定位] 第 2 次：未找到标题匹配任一子串的窗口：接待、千牛
2026-03-29 16:58:25 | INFO | main | 定位尝试 2：未找到窗口 subs=['接待', '千牛']
[定位] 第 3 次：未找到标题匹配任一子串的窗口：接待、千牛
2026-03-29 16:58:25 | INFO | main | 定位尝试 3：未找到窗口 subs=['接待', '千牛']
[定位] 第 3 次：未找到标题匹配任一子串的窗口：接待、千牛
2026-03-29 16:58:27 | INFO | main | 定位尝试 3：未找到窗口 subs=['接待', '千牛']
[定位] 第 4 次：未找到标题匹配任一子串的窗口：接待、千牛
2026-03-29 16:58:27 | INFO | main | 定位尝试 4：未找到窗口 subs=['接待', '千牛']
[定位] 第 4 次：未找到标题匹配任一子串的窗口：接待、千牛
2026-03-29 16:58:29 | INFO | main | 定位尝试 4：未找到窗口 subs=['接待', '千牛']
[定位] 第 5 次：未找到标题匹配任一子串的窗口：接待、千牛
2026-03-29 16:58:29 | INFO | main | 定位尝试 5：未找到窗口 subs=['接待', '千牛']
[定位] 第 5 次：未找到标题匹配任一子串的窗口：接待、千牛
2026-03-29 16:58:31 | INFO | main | 定位尝试 5：未找到窗口 subs=['接待', '千牛']
[定位] 第 6 次：未找到标题匹配任一子串的窗口：接待、千牛
2026-03-29 16:58:31 | INFO | main | 定位尝试 6：未找到窗口 subs=['接待', '千牛']
[定位] 第 6 次：未找到标题匹配任一子串的窗口：接待、千牛
2026-03-29 16:58:33 | INFO | main | 定位尝试 6：未找到窗口 subs=['接待', '千牛']
[定位] 第 7 次：未找到标题匹配任一子串的窗口：接待、千牛
2026-03-29 16:58:33 | INFO | main | 定位尝试 7：未找到窗口 subs=['接待', '千牛']
[定位] 第 7 次：未找到标题匹配任一子串的窗口：接待、千牛
2026-03-29 16:58:35 | INFO | main | 定位尝试 7：未找到窗口 subs=['接待', '千牛']
[定位] 第 8 次：未找到标题匹配任一子串的窗口：接待、千牛
2026-03-29 16:58:35 | INFO | main | 定位尝试 8：未找到窗口 subs=['接待', '千牛']
[定位] 第 8 次：未找到标题匹配任一子串的窗口：接待、千牛
2026-03-29 16:58:37 | INFO | main | 定位尝试 8：未找到窗口 subs=['接待', '千牛']
[定位] 第 9 次：未找到标题匹配任一子串的窗口：接待、千牛
2026-03-29 16:58:37 | INFO | main | 定位尝试 9：未找到窗口 subs=['接待', '千牛']
[定位] 第 9 次：未找到标题匹配任一子串的窗口：接待、千牛
2026-03-29 16:58:39 | INFO | main | 定位尝试 9：未找到窗口 subs=['接待', '千牛']
[定位] 第 10 次：未找到标题匹配任一子串的窗口：接待、千牛
2026-03-29 16:58:39 | INFO | main | 定位尝试 10：未找到窗口 subs=['接待', '千牛']
[定位] 第 10 次：未找到标题匹配任一子串的窗口：接待、千牛
2026-03-29 16:58:41 | INFO | main | 定位尝试 10：未找到窗口 subs=['接待', '千牛']
[定位] 第 11 次：未找到标题匹配任一子串的窗口：接待、千牛
2026-03-29 16:58:42 | INFO | main | 定位尝试 11：未找到窗口 subs=['接待', '千牛']
[定位] 第 11 次：未找到标题匹配任一子串的窗口：接待、千牛
2026-03-29 16:58:43 | INFO | main | 定位尝试 11：未找到窗口 subs=['接待', '千牛']
[定位] 第 12 次：未找到标题匹配任一子串的窗口：接待、千牛
2026-03-29 16:58:44 | INFO | main | 定位尝试 12：未找到窗口 subs=['接待', '千牛']
[定位] 第 12 次：未找到标题匹配任一子串的窗口：接待、千牛
2026-03-29 16:58:45 | INFO | main | 定位尝试 12：未找到窗口 subs=['接待', '千牛']
[定位] 第 13 次：未找到标题匹配任一子串的窗口：接待、千牛
2026-03-29 16:58:46 | INFO | main | 定位尝试 13：未找到窗口 subs=['接待', '千牛']
[定位] 第 13 次：未找到标题匹配任一子串的窗口：接待、千牛
2026-03-29 16:58:47 | INFO | main | 定位尝试 13：未找到窗口 subs=['接待', '千牛']
[定位] 第 14 次：未找到标题匹配任一子串的窗口：接待、千牛
2026-03-29 16:58:48 | INFO | main | 定位尝试 14：未找到窗口 subs=['接待', '千牛']
[定位] 第 14 次：未找到标题匹配任一子串的窗口：接待、千牛
2026-03-29 16:58:49 | INFO | main | 定位尝试 14：未找到窗口 subs=['接待', '千牛']
[定位] 第 15 次：未找到标题匹配任一子串的窗口：接待、千牛
2026-03-29 16:58:50 | INFO | main | 定位尝试 15：未找到窗口 subs=['接待', '千牛']
[定位] 第 15 次：未找到标题匹配任一子串的窗口：接待、千牛
2026-03-29 16:58:51 | INFO | main | 定位尝试 15：未找到窗口 subs=['接待', '千牛']
重新定位失败，5s 后再试
重新定位失败，5s 后再试
[窗口丢失] 尝试重新定位…
2026-03-29 16:58:57 | WARNING | main | 窗口丢失，重新定位
[定位] 第 1 次：未找到标题匹配任一子串的窗口：接待、千牛
2026-03-29 16:58:57 | INFO | main | 定位尝试 1：未找到窗口 subs=['接待', '千牛']
[窗口丢失] 尝试重新定位…
2026-03-29 16:58:58 | WARNING | main | 窗口丢失，重新定位
[定位] 第 1 次：未找到标题匹配任一子串的窗口：接待、千牛
2026-03-29 16:58:58 | INFO | main | 定位尝试 1：未找到窗口 subs=['接待', '千牛']
[定位] 第 2 次：未找到标题匹配任一子串的窗口：接待、千牛
2026-03-29 16:58:59 | INFO | main | 定位尝试 2：未找到窗口 subs=['接待', '千牛']
[定位] 第 2 次：未找到标题匹配任一子串的窗口：接待、千牛
2026-03-29 16:59:01 | INFO | main | 定位尝试 2：未找到窗口 subs=['接待', '千牛']
[定位] 第 3 次：未找到标题匹配任一子串的窗口：接待、千牛
2026-03-29 16:59:01 | INFO | main | 定位尝试 3：未找到窗口 subs=['接待', '千牛']
[定位] 第 3 次：未找到标题匹配任一子串的窗口：接待、千牛
2026-03-29 16:59:03 | INFO | main | 定位尝试 3：未找到窗口 subs=['接待', '千牛']
[定位] 第 4 次：未找到标题匹配任一子串的窗口：接待、千牛
2026-03-29 16:59:03 | INFO | main | 定位尝试 4：未找到窗口 subs=['接待', '千牛']
[定位] 第 4 次：未找到标题匹配任一子串的窗口：接待、千牛
2026-03-29 16:59:05 | INFO | main | 定位尝试 4：未找到窗口 subs=['接待', '千牛']
[定位] 第 5 次：未找到标题匹配任一子串的窗口：接待、千牛
2026-03-29 16:59:05 | INFO | main | 定位尝试 5：未找到窗口 subs=['接待', '千牛']
[定位] 第 5 次：未找到标题匹配任一子串的窗口：接待、千牛
2026-03-29 16:59:07 | INFO | main | 定位尝试 5：未找到窗口 subs=['接待', '千牛']
[定位] 第 6 次：未找到标题匹配任一子串的窗口：接待、千牛
2026-03-29 16:59:07 | INFO | main | 定位尝试 6：未找到窗口 subs=['接待', '千牛']
[定位] 第 6 次：未找到标题匹配任一子串的窗口：接待、千牛
2026-03-29 16:59:09 | INFO | main | 定位尝试 6：未找到窗口 subs=['接待', '千牛']
[定位] 第 7 次：未找到标题匹配任一子串的窗口：接待、千牛
2026-03-29 16:59:09 | INFO | main | 定位尝试 7：未找到窗口 subs=['接待', '千牛']
[定位] 第 7 次：未找到标题匹配任一子串的窗口：接待、千牛
2026-03-29 16:59:11 | INFO | main | 定位尝试 7：未找到窗口 subs=['接待', '千牛']
[定位] 第 8 次：未找到标题匹配任一子串的窗口：接待、千牛
2026-03-29 16:59:11 | INFO | main | 定位尝试 8：未找到窗口 subs=['接待', '千牛']
[定位] 第 8 次：未找到标题匹配任一子串的窗口：接待、千牛
2026-03-29 16:59:13 | INFO | main | 定位尝试 8：未找到窗口 subs=['接待', '千牛']
[定位] 第 9 次：未找到标题匹配任一子串的窗口：接待、千牛
2026-03-29 16:59:13 | INFO | main | 定位尝试 9：未找到窗口 subs=['接待', '千牛']
[定位] 第 9 次：未找到标题匹配任一子串的窗口：接待、千牛
2026-03-29 16:59:15 | INFO | main | 定位尝试 9：未找到窗口 subs=['接待', '千牛']
[定位] 第 10 次：未找到标题匹配任一子串的窗口：接待、千牛
2026-03-29 16:59:15 | INFO | main | 定位尝试 10：未找到窗口 subs=['接待', '千牛']
[定位] 第 10 次：未找到标题匹配任一子串的窗口：接待、千牛
2026-03-29 16:59:17 | INFO | main | 定位尝试 10：未找到窗口 subs=['接待', '千牛']
[定位] 第 11 次：未找到标题匹配任一子串的窗口：接待、千牛
2026-03-29 16:59:17 | INFO | main | 定位尝试 11：未找到窗口 subs=['接待', '千牛']
[定位] 第 11 次：未找到标题匹配任一子串的窗口：接待、千牛
2026-03-29 16:59:19 | INFO | main | 定位尝试 11：未找到窗口 subs=['接待', '千牛']
[定位] 第 12 次：未找到标题匹配任一子串的窗口：接待、千牛
2026-03-29 16:59:19 | INFO | main | 定位尝试 12：未找到窗口 subs=['接待', '千牛']
[定位] 第 12 次：未找到标题匹配任一子串的窗口：接待、千牛
2026-03-29 16:59:21 | INFO | main | 定位尝试 12：未找到窗口 subs=['接待', '千牛']
[定位] 第 13 次：未找到标题匹配任一子串的窗口：接待、千牛
2026-03-29 16:59:21 | INFO | main | 定位尝试 13：未找到窗口 subs=['接待', '千牛']
[定位] 第 13 次：未找到标题匹配任一子串的窗口：接待、千牛
2026-03-29 16:59:23 | INFO | main | 定位尝试 13：未找到窗口 subs=['接待', '千牛']
[定位] 第 14 次：未找到标题匹配任一子串的窗口：接待、千牛
2026-03-29 16:59:23 | INFO | main | 定位尝试 14：未找到窗口 subs=['接待', '千牛']
[定位] 第 14 次：未找到标题匹配任一子串的窗口：接待、千牛
2026-03-29 16:59:25 | INFO | main | 定位尝试 14：未找到窗口 subs=['接待', '千牛']
[定位] 第 15 次：未找到标题匹配任一子串的窗口：接待、千牛
2026-03-29 16:59:26 | INFO | main | 定位尝试 15：未找到窗口 subs=['接待', '千牛']
[定位] 第 15 次：未找到标题匹配任一子串的窗口：接待、千牛
2026-03-29 16:59:27 | INFO | main | 定位尝试 15：未找到窗口 subs=['接待', '千牛']
重新定位失败，5s 后再试
重新定位失败，5s 后再试
2026-03-29 16:59:33 | INFO | main | [SOAK] 已运行 20.7 分钟，已处理 0 条消息
[窗口丢失] 尝试重新定位…
2026-03-29 16:59:33 | WARNING | main | 窗口丢失，重新定位
[定位] 第 1 次：未找到标题匹配任一子串的窗口：接待、千牛
2026-03-29 16:59:33 | INFO | main | 定位尝试 1：未找到窗口 subs=['接待', '千牛']
[窗口丢失] 尝试重新定位…
2026-03-29 16:59:34 | WARNING | main | 窗口丢失，重新定位
[定位] 第 1 次：未找到标题匹配任一子串的窗口：接待、千牛
2026-03-29 16:59:34 | INFO | main | 定位尝试 1：未找到窗口 subs=['接待', '千牛']
[定位] 第 2 次：未找到标题匹配任一子串的窗口：接待、千牛
2026-03-29 16:59:35 | INFO | main | 定位尝试 2：未找到窗口 subs=['接待', '千牛']
[定位] 第 2 次：未找到标题匹配任一子串的窗口：接待、千牛
2026-03-29 16:59:36 | INFO | main | 定位尝试 2：未找到窗口 subs=['接待', '千牛']
[定位] 第 3 次：未找到标题匹配任一子串的窗口：接待、千牛
2026-03-29 16:59:37 | INFO | main | 定位尝试 3：未找到窗口 subs=['接待', '千牛']
[定位] 第 3 次：未找到标题匹配任一子串的窗口：接待、千牛
2026-03-29 16:59:39 | INFO | main | 定位尝试 3：未找到窗口 subs=['接待', '千牛']
[定位] 第 4 次：未找到标题匹配任一子串的窗口：接待、千牛
2026-03-29 16:59:39 | INFO | main | 定位尝试 4：未找到窗口 subs=['接待', '千牛']
[定位] 第 4 次：未找到标题匹配任一子串的窗口：接待、千牛
2026-03-29 16:59:41 | INFO | main | 定位尝试 4：未找到窗口 subs=['接待', '千牛']
[定位] 第 5 次：未找到标题匹配任一子串的窗口：接待、千牛
2026-03-29 16:59:41 | INFO | main | 定位尝试 5：未找到窗口 subs=['接待', '千牛']
[定位] 第 5 次：未找到标题匹配任一子串的窗口：接待、千牛
2026-03-29 16:59:43 | INFO | main | 定位尝试 5：未找到窗口 subs=['接待', '千牛']
[定位] 第 6 次：未找到标题匹配任一子串的窗口：接待、千牛
2026-03-29 16:59:43 | INFO | main | 定位尝试 6：未找到窗口 subs=['接待', '千牛']
[定位] 第 6 次：未找到标题匹配任一子串的窗口：接待、千牛
2026-03-29 16:59:45 | INFO | main | 定位尝试 6：未找到窗口 subs=['接待', '千牛']
[定位] 第 7 次：未找到标题匹配任一子串的窗口：接待、千牛
2026-03-29 16:59:45 | INFO | main | 定位尝试 7：未找到窗口 subs=['接待', '千牛']
[定位] 第 7 次：未找到标题匹配任一子串的窗口：接待、千牛
2026-03-29 16:59:47 | INFO | main | 定位尝试 7：未找到窗口 subs=['接待', '千牛']
[定位] 第 8 次：未找到标题匹配任一子串的窗口：接待、千牛
2026-03-29 16:59:47 | INFO | main | 定位尝试 8：未找到窗口 subs=['接待', '千牛']
[定位] 第 8 次：未找到标题匹配任一子串的窗口：接待、千牛
2026-03-29 16:59:49 | INFO | main | 定位尝试 8：未找到窗口 subs=['接待', '千牛']
[定位] 第 9 次：未找到标题匹配任一子串的窗口：接待、千牛
2026-03-29 16:59:49 | INFO | main | 定位尝试 9：未找到窗口 subs=['接待', '千牛']
[定位] 第 9 次：未找到标题匹配任一子串的窗口：接待、千牛
2026-03-29 16:59:51 | INFO | main | 定位尝试 9：未找到窗口 subs=['接待', '千牛']
[定位] 第 10 次：未找到标题匹配任一子串的窗口：接待、千牛
2026-03-29 16:59:51 | INFO | main | 定位尝试 10：未找到窗口 subs=['接待', '千牛']
[定位] 第 10 次：未找到标题匹配任一子串的窗口：接待、千牛
2026-03-29 16:59:53 | INFO | main | 定位尝试 10：未找到窗口 subs=['接待', '千牛']
[定位] 第 11 次：未找到标题匹配任一子串的窗口：接待、千牛
2026-03-29 16:59:53 | INFO | main | 定位尝试 11：未找到窗口 subs=['接待', '千牛']
[定位] 第 11 次：未找到标题匹配任一子串的窗口：接待、千牛
2026-03-29 16:59:55 | INFO | main | 定位尝试 11：未找到窗口 subs=['接待', '千牛']
[定位] 第 12 次：未找到标题匹配任一子串的窗口：接待、千牛
2026-03-29 16:59:55 | INFO | main | 定位尝试 12：未找到窗口 subs=['接待', '千牛']
[定位] 第 12 次：未找到标题匹配任一子串的窗口：接待、千牛
2026-03-29 16:59:57 | INFO | main | 定位尝试 12：未找到窗口 subs=['接待', '千牛']
[定位] 第 13 次：未找到标题匹配任一子串的窗口：接待、千牛
2026-03-29 16:59:57 | INFO | main | 定位尝试 13：未找到窗口 subs=['接待', '千牛']
[定位] 第 13 次：未找到标题匹配任一子串的窗口：接待、千牛
2026-03-29 16:59:59 | INFO | main | 定位尝试 13：未找到窗口 subs=['接待', '千牛']
[定位] 第 14 次：未找到标题匹配任一子串的窗口：接待、千牛
2026-03-29 16:59:59 | INFO | main | 定位尝试 14：未找到窗口 subs=['接待', '千牛']
[定位] 第 14 次：未找到标题匹配任一子串的窗口：接待、千牛
2026-03-29 17:00:01 | INFO | main | 定位尝试 14：未找到窗口 subs=['接待', '千牛']
[定位] 第 15 次：未找到标题匹配任一子串的窗口：接待、千牛
2026-03-29 17:00:01 | INFO | main | 定位尝试 15：未找到窗口 subs=['接待', '千牛']
[定位] 第 15 次：未找到标题匹配任一子串的窗口：接待、千牛
2026-03-29 17:00:03 | INFO | main | 定位尝试 15：未找到窗口 subs=['接待', '千牛']
重新定位失败，5s 后再试
重新定位失败，5s 后再试
[窗口丢失] 尝试重新定位…
2026-03-29 17:00:08 | WARNING | main | 窗口丢失，重新定位
[定位] 第 1 次：未找到标题匹配任一子串的窗口：接待、千牛
2026-03-29 17:00:09 | INFO | main | 定位尝试 1：未找到窗口 subs=['接待', '千牛']
2026-03-29 17:00:10 | INFO | main | [SOAK] 已运行 35.6 分钟，已处理 0 条消息
[窗口丢失] 尝试重新定位…
2026-03-29 17:00:10 | WARNING | main | 窗口丢失，重新定位
[定位] 第 1 次：未找到标题匹配任一子串的窗口：接待、千牛
2026-03-29 17:00:10 | INFO | main | 定位尝试 1：未找到窗口 subs=['接待', '千牛']
[定位] 第 2 次：未找到标题匹配任一子串的窗口：接待、千牛
2026-03-29 17:00:11 | INFO | main | 定位尝试 2：未找到窗口 subs=['接待', '千牛']
[定位] 第 2 次：未找到标题匹配任一子串的窗口：接待、千牛
2026-03-29 17:00:12 | INFO | main | 定位尝试 2：未找到窗口 subs=['接待', '千牛']
[定位] 第 3 次：未找到标题匹配任一子串的窗口：接待、千牛
2026-03-29 17:00:13 | INFO | main | 定位尝试 3：未找到窗口 subs=['接待', '千牛']
[定位] 第 3 次：未找到标题匹配任一子串的窗口：接待、千牛
2026-03-29 17:00:14 | INFO | main | 定位尝试 3：未找到窗口 subs=['接待', '千牛']
[定位] 第 4 次：未找到标题匹配任一子串的窗口：接待、千牛
2026-03-29 17:00:15 | INFO | main | 定位尝试 4：未找到窗口 subs=['接待', '千牛']
[定位] 第 4 次：未找到标题匹配任一子串的窗口：接待、千牛
2026-03-29 17:00:16 | INFO | main | 定位尝试 4：未找到窗口 subs=['接待', '千牛']
[定位] 第 5 次：未找到标题匹配任一子串的窗口：接待、千牛
2026-03-29 17:00:17 | INFO | main | 定位尝试 5：未找到窗口 subs=['接待', '千牛']
[定位] 第 5 次：未找到标题匹配任一子串的窗口：接待、千牛
2026-03-29 17:00:18 | INFO | main | 定位尝试 5：未找到窗口 subs=['接待', '千牛']
[定位] 第 6 次：未找到标题匹配任一子串的窗口：接待、千牛
2026-03-29 17:00:19 | INFO | main | 定位尝试 6：未找到窗口 subs=['接待', '千牛']
[定位] 第 6 次：未找到标题匹配任一子串的窗口：接待、千牛
2026-03-29 17:00:21 | INFO | main | 定位尝试 6：未找到窗口 subs=['接待', '千牛']
[定位] 第 7 次：未找到标题匹配任一子串的窗口：接待、千牛
2026-03-29 17:00:21 | INFO | main | 定位尝试 7：未找到窗口 subs=['接待', '千牛']
[定位] 第 7 次：未找到标题匹配任一子串的窗口：接待、千牛
2026-03-29 17:00:23 | INFO | main | 定位尝试 7：未找到窗口 subs=['接待', '千牛']
[定位] 第 8 次：未找到标题匹配任一子串的窗口：接待、千牛
2026-03-29 17:00:23 | INFO | main | 定位尝试 8：未找到窗口 subs=['接待', '千牛']
[定位] 第 8 次：未找到标题匹配任一子串的窗口：接待、千牛
2026-03-29 17:00:25 | INFO | main | 定位尝试 8：未找到窗口 subs=['接待', '千牛']
[定位] 第 9 次：未找到标题匹配任一子串的窗口：接待、千牛
2026-03-29 17:00:25 | INFO | main | 定位尝试 9：未找到窗口 subs=['接待', '千牛']
[定位] 第 9 次：未找到标题匹配任一子串的窗口：接待、千牛
2026-03-29 17:00:27 | INFO | main | 定位尝试 9：未找到窗口 subs=['接待', '千牛']
[定位] 第 10 次：未找到标题匹配任一子串的窗口：接待、千牛
2026-03-29 17:00:27 | INFO | main | 定位尝试 10：未找到窗口 subs=['接待', '千牛']
[定位] 第 10 次：未找到标题匹配任一子串的窗口：接待、千牛
2026-03-29 17:00:29 | INFO | main | 定位尝试 10：未找到窗口 subs=['接待', '千牛']
[定位] 第 11 次：未找到标题匹配任一子串的窗口：接待、千牛
2026-03-29 17:00:29 | INFO | main | 定位尝试 11：未找到窗口 subs=['接待', '千牛']
[定位] 第 11 次：未找到标题匹配任一子串的窗口：接待、千牛
2026-03-29 17:00:31 | INFO | main | 定位尝试 11：未找到窗口 subs=['接待', '千牛']
[定位] 第 12 次：未找到标题匹配任一子串的窗口：接待、千牛
2026-03-29 17:00:31 | INFO | main | 定位尝试 12：未找到窗口 subs=['接待', '千牛']
[定位] 第 12 次：未找到标题匹配任一子串的窗口：接待、千牛
2026-03-29 17:00:33 | INFO | main | 定位尝试 12：未找到窗口 subs=['接待', '千牛']
[定位] 第 13 次：未找到标题匹配任一子串的窗口：接待、千牛
2026-03-29 17:00:33 | INFO | main | 定位尝试 13：未找到窗口 subs=['接待', '千牛']
[定位] 第 13 次：未找到标题匹配任一子串的窗口：接待、千牛
2026-03-29 17:00:35 | INFO | main | 定位尝试 13：未找到窗口 subs=['接待', '千牛']
[定位] 第 14 次：未找到标题匹配任一子串的窗口：接待、千牛
2026-03-29 17:00:35 | INFO | main | 定位尝试 14：未找到窗口 subs=['接待', '千牛']
[定位] 第 14 次：未找到标题匹配任一子串的窗口：接待、千牛
2026-03-29 17:00:37 | INFO | main | 定位尝试 14：未找到窗口 subs=['接待', '千牛']
[定位] 第 15 次：未找到标题匹配任一子串的窗口：接待、千牛
2026-03-29 17:00:37 | INFO | main | 定位尝试 15：未找到窗口 subs=['接待', '千牛']
[定位] 第 15 次：未找到标题匹配任一子串的窗口：接待、千牛
2026-03-29 17:00:39 | INFO | main | 定位尝试 15：未找到窗口 subs=['接待', '千牛']
重新定位失败，5s 后再试
重新定位失败，5s 后再试
[窗口丢失] 尝试重新定位…
2026-03-29 17:00:44 | WARNING | main | 窗口丢失，重新定位
[定位] 第 1 次：未找到标题匹配任一子串的窗口：接待、千牛
2026-03-29 17:00:44 | INFO | main | 定位尝试 1：未找到窗口 subs=['接待', '千牛']
[窗口丢失] 尝试重新定位…
2026-03-29 17:00:46 | WARNING | main | 窗口丢失，重新定位
[定位] 第 1 次：未找到标题匹配任一子串的窗口：接待、千牛
2026-03-29 17:00:46 | INFO | main | 定位尝试 1：未找到窗口 subs=['接待', '千牛']
[定位] 第 2 次：未找到标题匹配任一子串的窗口：接待、千牛
2026-03-29 17:00:46 | INFO | main | 定位尝试 2：未找到窗口 subs=['接待', '千牛']
[定位] 第 2 次：未找到标题匹配任一子串的窗口：接待、千牛
2026-03-29 17:00:48 | INFO | main | 定位尝试 2：未找到窗口 subs=['接待', '千牛']
[定位] 第 3 次：未找到标题匹配任一子串的窗口：接待、千牛
2026-03-29 17:00:48 | INFO | main | 定位尝试 3：未找到窗口 subs=['接待', '千牛']
[定位] 第 3 次：未找到标题匹配任一子串的窗口：接待、千牛
2026-03-29 17:00:50 | INFO | main | 定位尝试 3：未找到窗口 subs=['接待', '千牛']
[定位] 第 4 次：未找到标题匹配任一子串的窗口：接待、千牛
2026-03-29 17:00:50 | INFO | main | 定位尝试 4：未找到窗口 subs=['接待', '千牛']
[定位] 第 4 次：未找到标题匹配任一子串的窗口：接待、千牛
2026-03-29 17:00:52 | INFO | main | 定位尝试 4：未找到窗口 subs=['接待', '千牛']
[定位] 第 5 次：未找到标题匹配任一子串的窗口：接待、千牛
2026-03-29 17:00:52 | INFO | main | 定位尝试 5：未找到窗口 subs=['接待', '千牛']
[定位] 第 5 次：未找到标题匹配任一子串的窗口：接待、千牛
2026-03-29 17:00:54 | INFO | main | 定位尝试 5：未找到窗口 subs=['接待', '千牛']
[定位] 第 6 次：未找到标题匹配任一子串的窗口：接待、千牛
2026-03-29 17:00:55 | INFO | main | 定位尝试 6：未找到窗口 subs=['接待', '千牛']
[定位] 第 6 次：未找到标题匹配任一子串的窗口：接待、千牛
2026-03-29 17:00:56 | INFO | main | 定位尝试 6：未找到窗口 subs=['接待', '千牛']
[定位] 第 7 次：未找到标题匹配任一子串的窗口：接待、千牛
2026-03-29 17:00:57 | INFO | main | 定位尝试 7：未找到窗口 subs=['接待', '千牛']
[定位] 第 7 次：未找到标题匹配任一子串的窗口：接待、千牛
2026-03-29 17:00:59 | INFO | main | 定位尝试 7：未找到窗口 subs=['接待', '千牛']
[定位] 第 8 次：未找到标题匹配任一子串的窗口：接待、千牛
2026-03-29 17:00:59 | INFO | main | 定位尝试 8：未找到窗口 subs=['接待', '千牛']
[定位] 第 8 次：未找到标题匹配任一子串的窗口：接待、千牛
2026-03-29 17:01:01 | INFO | main | 定位尝试 8：未找到窗口 subs=['接待', '千牛']
[定位] 第 9 次：未找到标题匹配任一子串的窗口：接待、千牛
2026-03-29 17:01:01 | INFO | main | 定位尝试 9：未找到窗口 subs=['接待', '千牛']
[定位] 第 9 次：未找到标题匹配任一子串的窗口：接待、千牛
2026-03-29 17:01:03 | INFO | main | 定位尝试 9：未找到窗口 subs=['接待', '千牛']
[定位] 第 10 次：未找到标题匹配任一子串的窗口：接待、千牛
2026-03-29 17:01:03 | INFO | main | 定位尝试 10：未找到窗口 subs=['接待', '千牛']
[定位] 第 10 次：未找到标题匹配任一子串的窗口：接待、千牛
2026-03-29 17:01:05 | INFO | main | 定位尝试 10：未找到窗口 subs=['接待', '千牛']
[定位] 第 11 次：未找到标题匹配任一子串的窗口：接待、千牛
2026-03-29 17:01:05 | INFO | main | 定位尝试 11：未找到窗口 subs=['接待', '千牛']
[定位] 第 11 次：未找到标题匹配任一子串的窗口：接待、千牛
2026-03-29 17:01:07 | INFO | main | 定位尝试 11：未找到窗口 subs=['接待', '千牛']
[定位] 第 12 次：未找到标题匹配任一子串的窗口：接待、千牛
2026-03-29 17:01:07 | INFO | main | 定位尝试 12：未找到窗口 subs=['接待', '千牛']
[定位] 第 12 次：未找到标题匹配任一子串的窗口：接待、千牛
2026-03-29 17:01:09 | INFO | main | 定位尝试 12：未找到窗口 subs=['接待', '千牛']
[定位] 第 13 次：未找到标题匹配任一子串的窗口：接待、千牛
2026-03-29 17:01:09 | INFO | main | 定位尝试 13：未找到窗口 subs=['接待', '千牛']
[定位] 第 13 次：未找到标题匹配任一子串的窗口：接待、千牛
2026-03-29 17:01:11 | INFO | main | 定位尝试 13：未找到窗口 subs=['接待', '千牛']
[定位] 第 14 次：未找到标题匹配任一子串的窗口：接待、千牛
2026-03-29 17:01:11 | INFO | main | 定位尝试 14：未找到窗口 subs=['接待', '千牛']
[定位] 第 14 次：未找到标题匹配任一子串的窗口：接待、千牛
2026-03-29 17:01:13 | INFO | main | 定位尝试 14：未找到窗口 subs=['接待', '千牛']
[定位] 第 15 次：未找到标题匹配任一子串的窗口：接待、千牛
2026-03-29 17:01:13 | INFO | main | 定位尝试 15：未找到窗口 subs=['接待', '千牛']
[定位] 第 15 次：未找到标题匹配任一子串的窗口：接待、千牛
2026-03-29 17:01:15 | INFO | main | 定位尝试 15：未找到窗口 subs=['接待', '千牛']
重新定位失败，5s 后再试
重新定位失败，5s 后再试
[窗口丢失] 尝试重新定位…
2026-03-29 17:01:20 | WARNING | main | 窗口丢失，重新定位
[定位] 第 1 次：未找到标题匹配任一子串的窗口：接待、千牛
2026-03-29 17:01:20 | INFO | main | 定位尝试 1：未找到窗口 subs=['接待', '千牛']
[窗口丢失] 尝试重新定位…
2026-03-29 17:01:22 | WARNING | main | 窗口丢失，重新定位
[定位] 第 1 次：未找到标题匹配任一子串的窗口：接待、千牛
2026-03-29 17:01:22 | INFO | main | 定位尝试 1：未找到窗口 subs=['接待', '千牛']
[定位] 第 2 次：未找到标题匹配任一子串的窗口：接待、千牛
2026-03-29 17:01:22 | INFO | main | 定位尝试 2：未找到窗口 subs=['接待', '千牛']
[定位] 第 2 次：未找到标题匹配任一子串的窗口：接待、千牛
2026-03-29 17:01:24 | INFO | main | 定位尝试 2：未找到窗口 subs=['接待', '千牛']
[定位] 第 3 次：未找到标题匹配任一子串的窗口：接待、千牛
2026-03-29 17:01:24 | INFO | main | 定位尝试 3：未找到窗口 subs=['接待', '千牛']
[定位] 第 3 次：未找到标题匹配任一子串的窗口：接待、千牛
2026-03-29 17:01:26 | INFO | main | 定位尝试 3：未找到窗口 subs=['接待', '千牛']
[定位] 第 4 次：未找到标题匹配任一子串的窗口：接待、千牛
2026-03-29 17:01:26 | INFO | main | 定位尝试 4：未找到窗口 subs=['接待', '千牛']
[定位] 第 4 次：未找到标题匹配任一子串的窗口：接待、千牛
2026-03-29 17:01:28 | INFO | main | 定位尝试 4：未找到窗口 subs=['接待', '千牛']
[定位] 第 5 次：未找到标题匹配任一子串的窗口：接待、千牛
2026-03-29 17:01:28 | INFO | main | 定位尝试 5：未找到窗口 subs=['接待', '千牛']
[定位] 第 5 次：未找到标题匹配任一子串的窗口：接待、千牛
2026-03-29 17:01:30 | INFO | main | 定位尝试 5：未找到窗口 subs=['接待', '千牛']
[定位] 第 6 次：未找到标题匹配任一子串的窗口：接待、千牛
2026-03-29 17:01:30 | INFO | main | 定位尝试 6：未找到窗口 subs=['接待', '千牛']
[定位] 第 6 次：未找到标题匹配任一子串的窗口：接待、千牛
2026-03-29 17:01:32 | INFO | main | 定位尝试 6：未找到窗口 subs=['接待', '千牛']
[定位] 第 7 次：未找到标题匹配任一子串的窗口：接待、千牛
2026-03-29 17:01:32 | INFO | main | 定位尝试 7：未找到窗口 subs=['接待', '千牛']
[定位] 第 7 次：未找到标题匹配任一子串的窗口：接待、千牛
2026-03-29 17:01:34 | INFO | main | 定位尝试 7：未找到窗口 subs=['接待', '千牛']
[定位] 第 8 次：未找到标题匹配任一子串的窗口：接待、千牛
2026-03-29 17:01:34 | INFO | main | 定位尝试 8：未找到窗口 subs=['接待', '千牛']
[定位] 第 8 次：未找到标题匹配任一子串的窗口：接待、千牛
2026-03-29 17:01:36 | INFO | main | 定位尝试 8：未找到窗口 subs=['接待', '千牛']
[定位] 第 9 次：未找到标题匹配任一子串的窗口：接待、千牛
2026-03-29 17:01:37 | INFO | main | 定位尝试 9：未找到窗口 subs=['接待', '千牛']
[定位] 第 9 次：未找到标题匹配任一子串的窗口：接待、千牛
2026-03-29 17:01:38 | INFO | main | 定位尝试 9：未找到窗口 subs=['接待', '千牛']
[定位] 第 10 次：未找到标题匹配任一子串的窗口：接待、千牛
2026-03-29 17:01:39 | INFO | main | 定位尝试 10：未找到窗口 subs=['接待', '千牛']
[定位] 第 10 次：未找到标题匹配任一子串的窗口：接待、千牛
2026-03-29 17:01:40 | INFO | main | 定位尝试 10：未找到窗口 subs=['接待', '千牛']
[定位] 第 11 次：未找到标题匹配任一子串的窗口：接待、千牛
2026-03-29 17:01:41 | INFO | main | 定位尝试 11：未找到窗口 subs=['接待', '千牛']
[定位] 第 11 次：未找到标题匹配任一子串的窗口：接待、千牛
2026-03-29 17:01:42 | INFO | main | 定位尝试 11：未找到窗口 subs=['接待', '千牛']
[定位] 第 12 次：未找到标题匹配任一子串的窗口：接待、千牛
2026-03-29 17:01:43 | INFO | main | 定位尝试 12：未找到窗口 subs=['接待', '千牛']
[定位] 第 12 次：未找到标题匹配任一子串的窗口：接待、千牛
2026-03-29 17:01:45 | INFO | main | 定位尝试 12：未找到窗口 subs=['接待', '千牛']
[定位] 第 13 次：未找到标题匹配任一子串的窗口：接待、千牛
2026-03-29 17:01:45 | INFO | main | 定位尝试 13：未找到窗口 subs=['接待', '千牛']
[定位] 第 13 次：未找到标题匹配任一子串的窗口：接待、千牛
2026-03-29 17:01:47 | INFO | main | 定位尝试 13：未找到窗口 subs=['接待', '千牛']
[定位] 第 14 次：未找到标题匹配任一子串的窗口：接待、千牛
2026-03-29 17:01:47 | INFO | main | 定位尝试 14：未找到窗口 subs=['接待', '千牛']
[定位] 第 14 次：未找到标题匹配任一子串的窗口：接待、千牛
2026-03-29 17:01:49 | INFO | main | 定位尝试 14：未找到窗口 subs=['接待', '千牛']
[定位] 第 15 次：未找到标题匹配任一子串的窗口：接待、千牛
2026-03-29 17:01:49 | INFO | main | 定位尝试 15：未找到窗口 subs=['接待', '千牛']
[定位] 第 15 次：未找到标题匹配任一子串的窗口：接待、千牛
2026-03-29 17:01:51 | INFO | main | 定位尝试 15：未找到窗口 subs=['接待', '千牛']
重新定位失败，5s 后再试
重新定位失败，5s 后再试
[窗口丢失] 尝试重新定位…
2026-03-29 17:01:56 | WARNING | main | 窗口丢失，重新定位
[定位] 第 1 次：未找到标题匹配任一子串的窗口：接待、千牛
2026-03-29 17:01:56 | INFO | main | 定位尝试 1：未找到窗口 subs=['接待', '千牛']
[窗口丢失] 尝试重新定位…
2026-03-29 17:01:58 | WARNING | main | 窗口丢失，重新定位
[定位] 第 1 次：未找到标题匹配任一子串的窗口：接待、千牛
2026-03-29 17:01:58 | INFO | main | 定位尝试 1：未找到窗口 subs=['接待', '千牛']
[定位] 第 2 次：未找到标题匹配任一子串的窗口：接待、千牛
2026-03-29 17:01:58 | INFO | main | 定位尝试 2：未找到窗口 subs=['接待', '千牛']
[定位] 第 2 次：未找到标题匹配任一子串的窗口：接待、千牛
2026-03-29 17:02:00 | INFO | main | 定位尝试 2：未找到窗口 subs=['接待', '千牛']
[定位] 第 3 次：未找到标题匹配任一子串的窗口：接待、千牛
2026-03-29 17:02:00 | INFO | main | 定位尝试 3：未找到窗口 subs=['接待', '千牛']
[定位] 第 3 次：未找到标题匹配任一子串的窗口：接待、千牛
2026-03-29 17:02:02 | INFO | main | 定位尝试 3：未找到窗口 subs=['接待', '千牛']
[定位] 第 4 次：未找到标题匹配任一子串的窗口：接待、千牛
2026-03-29 17:02:02 | INFO | main | 定位尝试 4：未找到窗口 subs=['接待', '千牛']
[定位] 第 4 次：未找到标题匹配任一子串的窗口：接待、千牛
2026-03-29 17:02:04 | INFO | main | 定位尝试 4：未找到窗口 subs=['接待', '千牛']
[定位] 第 5 次：未找到标题匹配任一子串的窗口：接待、千牛
2026-03-29 17:02:04 | INFO | main | 定位尝试 5：未找到窗口 subs=['接待', '千牛']
[定位] 第 5 次：未找到标题匹配任一子串的窗口：接待、千牛
2026-03-29 17:02:06 | INFO | main | 定位尝试 5：未找到窗口 subs=['接待', '千牛']
[定位] 第 6 次：未找到标题匹配任一子串的窗口：接待、千牛
2026-03-29 17:02:06 | INFO | main | 定位尝试 6：未找到窗口 subs=['接待', '千牛']
[定位] 第 6 次：未找到标题匹配任一子串的窗口：接待、千牛
2026-03-29 17:02:08 | INFO | main | 定位尝试 6：未找到窗口 subs=['接待', '千牛']
[定位] 第 7 次：未找到标题匹配任一子串的窗口：接待、千牛
2026-03-29 17:02:08 | INFO | main | 定位尝试 7：未找到窗口 subs=['接待', '千牛']
[定位] 第 7 次：未找到标题匹配任一子串的窗口：接待、千牛
2026-03-29 17:02:10 | INFO | main | 定位尝试 7：未找到窗口 subs=['接待', '千牛']
[定位] 第 8 次：未找到标题匹配任一子串的窗口：接待、千牛
2026-03-29 17:02:10 | INFO | main | 定位尝试 8：未找到窗口 subs=['接待', '千牛']
[定位] 第 8 次：未找到标题匹配任一子串的窗口：接待、千牛
2026-03-29 17:02:12 | INFO | main | 定位尝试 8：未找到窗口 subs=['接待', '千牛']
[定位] 第 9 次：未找到标题匹配任一子串的窗口：接待、千牛
2026-03-29 17:02:12 | INFO | main | 定位尝试 9：未找到窗口 subs=['接待', '千牛']
[定位] 第 9 次：未找到标题匹配任一子串的窗口：接待、千牛
2026-03-29 17:02:14 | INFO | main | 定位尝试 9：未找到窗口 subs=['接待', '千牛']
[定位] 第 10 次：未找到标题匹配任一子串的窗口：接待、千牛
2026-03-29 17:02:14 | INFO | main | 定位尝试 10：未找到窗口 subs=['接待', '千牛']
[定位] 第 10 次：未找到标题匹配任一子串的窗口：接待、千牛
2026-03-29 17:02:16 | INFO | main | 定位尝试 10：未找到窗口 subs=['接待', '千牛']
[定位] 第 11 次：未找到标题匹配任一子串的窗口：接待、千牛
2026-03-29 17:02:16 | INFO | main | 定位尝试 11：未找到窗口 subs=['接待', '千牛']
[定位] 第 11 次：未找到标题匹配任一子串的窗口：接待、千牛
2026-03-29 17:02:18 | INFO | main | 定位尝试 11：未找到窗口 subs=['接待', '千牛']
[定位] 第 12 次：未找到标题匹配任一子串的窗口：接待、千牛
2026-03-29 17:02:19 | INFO | main | 定位尝试 12：未找到窗口 subs=['接待', '千牛']
[定位] 第 12 次：未找到标题匹配任一子串的窗口：接待、千牛
2026-03-29 17:02:20 | INFO | main | 定位尝试 12：未找到窗口 subs=['接待', '千牛']
[定位] 第 13 次：未找到标题匹配任一子串的窗口：接待、千牛
2026-03-29 17:02:21 | INFO | main | 定位尝试 13：未找到窗口 subs=['接待', '千牛']
[定位] 第 13 次：未找到标题匹配任一子串的窗口：接待、千牛
2026-03-29 17:02:22 | INFO | main | 定位尝试 13：未找到窗口 subs=['接待', '千牛']
[定位] 第 14 次：未找到标题匹配任一子串的窗口：接待、千牛
2026-03-29 17:02:23 | INFO | main | 定位尝试 14：未找到窗口 subs=['接待', '千牛']
[定位] 第 14 次：未找到标题匹配任一子串的窗口：接待、千牛
2026-03-29 17:02:24 | INFO | main | 定位尝试 14：未找到窗口 subs=['接待', '千牛']
[定位] 第 15 次：未找到标题匹配任一子串的窗口：接待、千牛
2026-03-29 17:02:25 | INFO | main | 定位尝试 15：未找到窗口 subs=['接待', '千牛']
[定位] 第 15 次：未找到标题匹配任一子串的窗口：接待、千牛
2026-03-29 17:02:26 | INFO | main | 定位尝试 15：未找到窗口 subs=['接待', '千牛']
重新定位失败，5s 后再试
重新定位失败，5s 后再试
[窗口丢失] 尝试重新定位…
2026-03-29 17:02:32 | WARNING | main | 窗口丢失，重新定位
[定位] 第 1 次：未找到标题匹配任一子串的窗口：接待、千牛
2026-03-29 17:02:32 | INFO | main | 定位尝试 1：未找到窗口 subs=['接待', '千牛']
[窗口丢失] 尝试重新定位…
2026-03-29 17:02:33 | WARNING | main | 窗口丢失，重新定位
[定位] 第 1 次：未找到标题匹配任一子串的窗口：接待、千牛
2026-03-29 17:02:33 | INFO | main | 定位尝试 1：未找到窗口 subs=['接待', '千牛']
[定位] 第 2 次：未找到标题匹配任一子串的窗口：接待、千牛
2026-03-29 17:02:34 | INFO | main | 定位尝试 2：未找到窗口 subs=['接待', '千牛']
[定位] 第 2 次：未找到标题匹配任一子串的窗口：接待、千牛
2026-03-29 17:02:35 | INFO | main | 定位尝试 2：未找到窗口 subs=['接待', '千牛']
[定位] 第 3 次：未找到标题匹配任一子串的窗口：接待、千牛
2026-03-29 17:02:36 | INFO | main | 定位尝试 3：未找到窗口 subs=['接待', '千牛']
[定位] 第 3 次：未找到标题匹配任一子串的窗口：接待、千牛
2026-03-29 17:02:38 | INFO | main | 定位尝试 3：未找到窗口 subs=['接待', '千牛']
[定位] 第 4 次：未找到标题匹配任一子串的窗口：接待、千牛
2026-03-29 17:02:38 | INFO | main | 定位尝试 4：未找到窗口 subs=['接待', '千牛']
[定位] 第 4 次：未找到标题匹配任一子串的窗口：接待、千牛
2026-03-29 17:02:40 | INFO | main | 定位尝试 4：未找到窗口 subs=['接待', '千牛']
[定位] 第 5 次：未找到标题匹配任一子串的窗口：接待、千牛
2026-03-29 17:02:40 | INFO | main | 定位尝试 5：未找到窗口 subs=['接待', '千牛']
[定位] 第 5 次：未找到标题匹配任一子串的窗口：接待、千牛
2026-03-29 17:02:42 | INFO | main | 定位尝试 5：未找到窗口 subs=['接待', '千牛']
[定位] 第 6 次：未找到标题匹配任一子串的窗口：接待、千牛
2026-03-29 17:02:42 | INFO | main | 定位尝试 6：未找到窗口 subs=['接待', '千牛']
[定位] 第 6 次：未找到标题匹配任一子串的窗口：接待、千牛
2026-03-29 17:02:44 | INFO | main | 定位尝试 6：未找到窗口 subs=['接待', '千牛']
[定位] 第 7 次：未找到标题匹配任一子串的窗口：接待、千牛
2026-03-29 17:02:44 | INFO | main | 定位尝试 7：未找到窗口 subs=['接待', '千牛']
[定位] 第 7 次：未找到标题匹配任一子串的窗口：接待、千牛
2026-03-29 17:02:46 | INFO | main | 定位尝试 7：未找到窗口 subs=['接待', '千牛']
[定位] 第 8 次：未找到标题匹配任一子串的窗口：接待、千牛
2026-03-29 17:02:46 | INFO | main | 定位尝试 8：未找到窗口 subs=['接待', '千牛']
[定位] 第 8 次：未找到标题匹配任一子串的窗口：接待、千牛
2026-03-29 17:02:48 | INFO | main | 定位尝试 8：未找到窗口 subs=['接待', '千牛']
[定位] 第 9 次：未找到标题匹配任一子串的窗口：接待、千牛
2026-03-29 17:02:48 | INFO | main | 定位尝试 9：未找到窗口 subs=['接待', '千牛']
[定位] 第 9 次：未找到标题匹配任一子串的窗口：接待、千牛
2026-03-29 17:02:50 | INFO | main | 定位尝试 9：未找到窗口 subs=['接待', '千牛']
[定位] 第 10 次：未找到标题匹配任一子串的窗口：接待、千牛
2026-03-29 17:02:50 | INFO | main | 定位尝试 10：未找到窗口 subs=['接待', '千牛']
[定位] 第 10 次：未找到标题匹配任一子串的窗口：接待、千牛
2026-03-29 17:02:52 | INFO | main | 定位尝试 10：未找到窗口 subs=['接待', '千牛']
[定位] 第 11 次：未找到标题匹配任一子串的窗口：接待、千牛
2026-03-29 17:02:52 | INFO | main | 定位尝试 11：未找到窗口 subs=['接待', '千牛']
[定位] 第 11 次：未找到标题匹配任一子串的窗口：接待、千牛
2026-03-29 17:02:54 | INFO | main | 定位尝试 11：未找到窗口 subs=['接待', '千牛']
[定位] 第 12 次：未找到标题匹配任一子串的窗口：接待、千牛
2026-03-29 17:02:54 | INFO | main | 定位尝试 12：未找到窗口 subs=['接待', '千牛']
[定位] 第 12 次：未找到标题匹配任一子串的窗口：接待、千牛
2026-03-29 17:02:56 | INFO | main | 定位尝试 12：未找到窗口 subs=['接待', '千牛']
[定位] 第 13 次：未找到标题匹配任一子串的窗口：接待、千牛
2026-03-29 17:02:56 | INFO | main | 定位尝试 13：未找到窗口 subs=['接待', '千牛']
[定位] 第 13 次：未找到标题匹配任一子串的窗口：接待、千牛
2026-03-29 17:02:58 | INFO | main | 定位尝试 13：未找到窗口 subs=['接待', '千牛']
[定位] 第 14 次：未找到标题匹配任一子串的窗口：接待、千牛
2026-03-29 17:02:58 | INFO | main | 定位尝试 14：未找到窗口 subs=['接待', '千牛']
[定位] 第 14 次：未找到标题匹配任一子串的窗口：接待、千牛
2026-03-29 17:03:00 | INFO | main | 定位尝试 14：未找到窗口 subs=['接待', '千牛']
[定位] 第 15 次：未找到标题匹配任一子串的窗口：接待、千牛
2026-03-29 17:03:00 | INFO | main | 定位尝试 15：未找到窗口 subs=['接待', '千牛']
[定位] 第 15 次：未找到标题匹配任一子串的窗口：接待、千牛
2026-03-29 17:03:02 | INFO | main | 定位尝试 15：未找到窗口 subs=['接待', '千牛']
重新定位失败，5s 后再试
重新定位失败，5s 后再试
2026-03-29 17:03:07 | ERROR | main | [SOAK] 连续异常 ≥ 10，建议检查窗口状态，休眠 30 秒
2026-03-29 17:03:09 | ERROR | main | [SOAK] 连续异常 ≥ 10，建议检查窗口状态，休眠 30 秒
[窗口丢失] 尝试重新定位…
2026-03-29 17:03:37 | WARNING | main | 窗口丢失，重新定位
[定位] 第 1 次：未找到标题匹配任一子串的窗口：接待、千牛
2026-03-29 17:03:37 | INFO | main | 定位尝试 1：未找到窗口 subs=['接待', '千牛']
[窗口丢失] 尝试重新定位…
2026-03-29 17:03:39 | WARNING | main | 窗口丢失，重新定位
[定位] 第 1 次：未找到标题匹配任一子串的窗口：接待、千牛
2026-03-29 17:03:39 | INFO | main | 定位尝试 1：未找到窗口 subs=['接待', '千牛']
[定位] 第 2 次：未找到标题匹配任一子串的窗口：接待、千牛
2026-03-29 17:03:39 | INFO | main | 定位尝试 2：未找到窗口 subs=['接待', '千牛']
[定位] 第 2 次：未找到标题匹配任一子串的窗口：接待、千牛
2026-03-29 17:03:41 | INFO | main | 定位尝试 2：未找到窗口 subs=['接待', '千牛']
[定位] 第 3 次：未找到标题匹配任一子串的窗口：接待、千牛
2026-03-29 17:03:41 | INFO | main | 定位尝试 3：未找到窗口 subs=['接待', '千牛']
[定位] 第 3 次：未找到标题匹配任一子串的窗口：接待、千牛
2026-03-29 17:03:43 | INFO | main | 定位尝试 3：未找到窗口 subs=['接待', '千牛']
[定位] 第 4 次：未找到标题匹配任一子串的窗口：接待、千牛
2026-03-29 17:03:44 | INFO | main | 定位尝试 4：未找到窗口 subs=['接待', '千牛']
[定位] 第 4 次：未找到标题匹配任一子串的窗口：接待、千牛
2026-03-29 17:03:45 | INFO | main | 定位尝试 4：未找到窗口 subs=['接待', '千牛']
[定位] 第 5 次：未找到标题匹配任一子串的窗口：接待、千牛
2026-03-29 17:03:46 | INFO | main | 定位尝试 5：未找到窗口 subs=['接待', '千牛']
[定位] 第 5 次：未找到标题匹配任一子串的窗口：接待、千牛
2026-03-29 17:03:47 | INFO | main | 定位尝试 5：未找到窗口 subs=['接待', '千牛']
[定位] 第 6 次：未找到标题匹配任一子串的窗口：接待、千牛
2026-03-29 17:03:48 | INFO | main | 定位尝试 6：未找到窗口 subs=['接待', '千牛']
[定位] 第 6 次：未找到标题匹配任一子串的窗口：接待、千牛
2026-03-29 17:03:49 | INFO | main | 定位尝试 6：未找到窗口 subs=['接待', '千牛']
[定位] 第 7 次：未找到标题匹配任一子串的窗口：接待、千牛
2026-03-29 17:03:50 | INFO | main | 定位尝试 7：未找到窗口 subs=['接待', '千牛']
[定位] 第 7 次：未找到标题匹配任一子串的窗口：接待、千牛
2026-03-29 17:03:51 | INFO | main | 定位尝试 7：未找到窗口 subs=['接待', '千牛']
[定位] 第 8 次：未找到标题匹配任一子串的窗口：接待、千牛
2026-03-29 17:03:52 | INFO | main | 定位尝试 8：未找到窗口 subs=['接待', '千牛']
[定位] 第 8 次：未找到标题匹配任一子串的窗口：接待、千牛
2026-03-29 17:03:53 | INFO | main | 定位尝试 8：未找到窗口 subs=['接待', '千牛']
[定位] 第 9 次：未找到标题匹配任一子串的窗口：接待、千牛
2026-03-29 17:03:54 | INFO | main | 定位尝试 9：未找到窗口 subs=['接待', '千牛']
[定位] 第 9 次：未找到标题匹配任一子串的窗口：接待、千牛
2026-03-29 17:03:55 | INFO | main | 定位尝试 9：未找到窗口 subs=['接待', '千牛']
[定位] 第 10 次：未找到标题匹配任一子串的窗口：接待、千牛
2026-03-29 17:03:56 | INFO | main | 定位尝试 10：未找到窗口 subs=['接待', '千牛']
[定位] 第 10 次：未找到标题匹配任一子串的窗口：接待、千牛
2026-03-29 17:03:57 | INFO | main | 定位尝试 10：未找到窗口 subs=['接待', '千牛']
[定位] 第 11 次：未找到标题匹配任一子串的窗口：接待、千牛
2026-03-29 17:03:58 | INFO | main | 定位尝试 11：未找到窗口 subs=['接待', '千牛']
[定位] 第 11 次：未找到标题匹配任一子串的窗口：接待、千牛
2026-03-29 17:03:59 | INFO | main | 定位尝试 11：未找到窗口 subs=['接待', '千牛']
[定位] 第 12 次：未找到标题匹配任一子串的窗口：接待、千牛
2026-03-29 17:04:00 | INFO | main | 定位尝试 12：未找到窗口 subs=['接待', '千牛']
[定位] 第 12 次：未找到标题匹配任一子串的窗口：接待、千牛
2026-03-29 17:04:02 | INFO | main | 定位尝试 12：未找到窗口 subs=['接待', '千牛']
[定位] 第 13 次：未找到标题匹配任一子串的窗口：接待、千牛
2026-03-29 17:04:02 | INFO | main | 定位尝试 13：未找到窗口 subs=['接待', '千牛']
[定位] 第 13 次：未找到标题匹配任一子串的窗口：接待、千牛
2026-03-29 17:04:04 | INFO | main | 定位尝试 13：未找到窗口 subs=['接待', '千牛']
[定位] 第 14 次：未找到标题匹配任一子串的窗口：接待、千牛
2026-03-29 17:04:04 | INFO | main | 定位尝试 14：未找到窗口 subs=['接待', '千牛']
[定位] 第 14 次：未找到标题匹配任一子串的窗口：接待、千牛
2026-03-29 17:04:06 | INFO | main | 定位尝试 14：未找到窗口 subs=['接待', '千牛']
[定位] 第 15 次：未找到标题匹配任一子串的窗口：接待、千牛
2026-03-29 17:04:06 | INFO | main | 定位尝试 15：未找到窗口 subs=['接待', '千牛']
[定位] 第 15 次：未找到标题匹配任一子串的窗口：接待、千牛
2026-03-29 17:04:08 | INFO | main | 定位尝试 15：未找到窗口 subs=['接待', '千牛']
重新定位失败，5s 后再试
重新定位失败，5s 后再试
[窗口丢失] 尝试重新定位…
2026-03-29 17:04:13 | WARNING | main | 窗口丢失，重新定位
[定位] 第 1 次：未找到标题匹配任一子串的窗口：接待、千牛
2026-03-29 17:04:13 | INFO | main | 定位尝试 1：未找到窗口 subs=['接待', '千牛']
[窗口丢失] 尝试重新定位…
2026-03-29 17:04:15 | WARNING | main | 窗口丢失，重新定位
[定位] 第 1 次：未找到标题匹配任一子串的窗口：接待、千牛
2026-03-29 17:04:15 | INFO | main | 定位尝试 1：未找到窗口 subs=['接待', '千牛']
[定位] 第 2 次：未找到标题匹配任一子串的窗口：接待、千牛
2026-03-29 17:04:15 | INFO | main | 定位尝试 2：未找到窗口 subs=['接待', '千牛']
[定位] 第 2 次：未找到标题匹配任一子串的窗口：接待、千牛
2026-03-29 17:04:17 | INFO | main | 定位尝试 2：未找到窗口 subs=['接待', '千牛']
[定位] 第 3 次：未找到标题匹配任一子串的窗口：接待、千牛
2026-03-29 17:04:17 | INFO | main | 定位尝试 3：未找到窗口 subs=['接待', '千牛']
[定位] 第 3 次：未找到标题匹配任一子串的窗口：接待、千牛
2026-03-29 17:04:19 | INFO | main | 定位尝试 3：未找到窗口 subs=['接待', '千牛']
[定位] 第 4 次：未找到标题匹配任一子串的窗口：接待、千牛
2026-03-29 17:04:19 | INFO | main | 定位尝试 4：未找到窗口 subs=['接待', '千牛']
[定位] 第 4 次：未找到标题匹配任一子串的窗口：接待、千牛
2026-03-29 17:04:21 | INFO | main | 定位尝试 4：未找到窗口 subs=['接待', '千牛']
[定位] 第 5 次：未找到标题匹配任一子串的窗口：接待、千牛
2026-03-29 17:04:21 | INFO | main | 定位尝试 5：未找到窗口 subs=['接待', '千牛']
[定位] 第 5 次：未找到标题匹配任一子串的窗口：接待、千牛
2026-03-29 17:04:23 | INFO | main | 定位尝试 5：未找到窗口 subs=['接待', '千牛']
[定位] 第 6 次：未找到标题匹配任一子串的窗口：接待、千牛
2026-03-29 17:04:23 | INFO | main | 定位尝试 6：未找到窗口 subs=['接待', '千牛']
[定位] 第 6 次：未找到标题匹配任一子串的窗口：接待、千牛
2026-03-29 17:04:25 | INFO | main | 定位尝试 6：未找到窗口 subs=['接待', '千牛']
[定位] 第 7 次：未找到标题匹配任一子串的窗口：接待、千牛
2026-03-29 17:04:25 | INFO | main | 定位尝试 7：未找到窗口 subs=['接待', '千牛']
[定位] 第 7 次：未找到标题匹配任一子串的窗口：接待、千牛
2026-03-29 17:04:27 | INFO | main | 定位尝试 7：未找到窗口 subs=['接待', '千牛']
[定位] 第 8 次：未找到标题匹配任一子串的窗口：接待、千牛
2026-03-29 17:04:27 | INFO | main | 定位尝试 8：未找到窗口 subs=['接待', '千牛']
[定位] 第 8 次：未找到标题匹配任一子串的窗口：接待、千牛
2026-03-29 17:04:29 | INFO | main | 定位尝试 8：未找到窗口 subs=['接待', '千牛']
[定位] 第 9 次：未找到标题匹配任一子串的窗口：接待、千牛
2026-03-29 17:04:29 | INFO | main | 定位尝试 9：未找到窗口 subs=['接待', '千牛']
[定位] 第 9 次：未找到标题匹配任一子串的窗口：接待、千牛
2026-03-29 17:04:31 | INFO | main | 定位尝试 9：未找到窗口 subs=['接待', '千牛']
[定位] 第 10 次：未找到标题匹配任一子串的窗口：接待、千牛
2026-03-29 17:04:31 | INFO | main | 定位尝试 10：未找到窗口 subs=['接待', '千牛']
[定位] 第 10 次：未找到标题匹配任一子串的窗口：接待、千牛
2026-03-29 17:04:33 | INFO | main | 定位尝试 10：未找到窗口 subs=['接待', '千牛']
[定位] 第 11 次：未找到标题匹配任一子串的窗口：接待、千牛
2026-03-29 17:04:33 | INFO | main | 定位尝试 11：未找到窗口 subs=['接待', '千牛']
[定位] 第 11 次：未找到标题匹配任一子串的窗口：接待、千牛
2026-03-29 17:04:35 | INFO | main | 定位尝试 11：未找到窗口 subs=['接待', '千牛']
[定位] 第 12 次：未找到标题匹配任一子串的窗口：接待、千牛
2026-03-29 17:04:36 | INFO | main | 定位尝试 12：未找到窗口 subs=['接待', '千牛']
[定位] 第 12 次：未找到标题匹配任一子串的窗口：接待、千牛
2026-03-29 17:04:37 | INFO | main | 定位尝试 12：未找到窗口 subs=['接待', '千牛']
[定位] 第 13 次：未找到标题匹配任一子串的窗口：接待、千牛
2026-03-29 17:04:38 | INFO | main | 定位尝试 13：未找到窗口 subs=['接待', '千牛']
[定位] 第 13 次：未找到标题匹配任一子串的窗口：接待、千牛
2026-03-29 17:04:39 | INFO | main | 定位尝试 13：未找到窗口 subs=['接待', '千牛']
[定位] 第 14 次：未找到标题匹配任一子串的窗口：接待、千牛
2026-03-29 17:04:40 | INFO | main | 定位尝试 14：未找到窗口 subs=['接待', '千牛']
[定位] 第 14 次：未找到标题匹配任一子串的窗口：接待、千牛
2026-03-29 17:04:41 | INFO | main | 定位尝试 14：未找到窗口 subs=['接待', '千牛']
[定位] 第 15 次：未找到标题匹配任一子串的窗口：接待、千牛
2026-03-29 17:04:42 | INFO | main | 定位尝试 15：未找到窗口 subs=['接待', '千牛']
[定位] 第 15 次：未找到标题匹配任一子串的窗口：接待、千牛
2026-03-29 17:04:43 | INFO | main | 定位尝试 15：未找到窗口 subs=['接待', '千牛']
重新定位失败，5s 后再试
重新定位失败，5s 后再试
2026-03-29 17:04:49 | INFO | main | [SOAK] 已运行 26.0 分钟，已处理 0 条消息
[窗口丢失] 尝试重新定位…
2026-03-29 17:04:49 | WARNING | main | 窗口丢失，重新定位
[定位] 第 1 次：未找到标题匹配任一子串的窗口：接待、千牛
2026-03-29 17:04:49 | INFO | main | 定位尝试 1：未找到窗口 subs=['接待', '千牛']
[窗口丢失] 尝试重新定位…
2026-03-29 17:04:50 | WARNING | main | 窗口丢失，重新定位
[定位] 第 1 次：未找到标题匹配任一子串的窗口：接待、千牛
2026-03-29 17:04:50 | INFO | main | 定位尝试 1：未找到窗口 subs=['接待', '千牛']
[定位] 第 2 次：未找到标题匹配任一子串的窗口：接待、千牛
2026-03-29 17:04:51 | INFO | main | 定位尝试 2：未找到窗口 subs=['接待', '千牛']
[定位] 第 2 次：未找到标题匹配任一子串的窗口：接待、千牛
2026-03-29 17:04:52 | INFO | main | 定位尝试 2：未找到窗口 subs=['接待', '千牛']
[定位] 第 3 次：未找到标题匹配任一子串的窗口：接待、千牛
2026-03-29 17:04:53 | INFO | main | 定位尝试 3：未找到窗口 subs=['接待', '千牛']
[定位] 第 3 次：未找到标题匹配任一子串的窗口：接待、千牛
2026-03-29 17:04:54 | INFO | main | 定位尝试 3：未找到窗口 subs=['接待', '千牛']
[定位] 第 4 次：未找到标题匹配任一子串的窗口：接待、千牛
2026-03-29 17:04:55 | INFO | main | 定位尝试 4：未找到窗口 subs=['接待', '千牛']
[定位] 第 4 次：未找到标题匹配任一子串的窗口：接待、千牛
2026-03-29 17:04:56 | INFO | main | 定位尝试 4：未找到窗口 subs=['接待', '千牛']
[定位] 第 5 次：未找到标题匹配任一子串的窗口：接待、千牛
2026-03-29 17:04:57 | INFO | main | 定位尝试 5：未找到窗口 subs=['接待', '千牛']
[定位] 第 5 次：未找到标题匹配任一子串的窗口：接待、千牛
2026-03-29 17:04:58 | INFO | main | 定位尝试 5：未找到窗口 subs=['接待', '千牛']
[定位] 第 6 次：未找到标题匹配任一子串的窗口：接待、千牛
2026-03-29 17:04:59 | INFO | main | 定位尝试 6：未找到窗口 subs=['接待', '千牛']
[定位] 第 6 次：未找到标题匹配任一子串的窗口：接待、千牛
2026-03-29 17:05:00 | INFO | main | 定位尝试 6：未找到窗口 subs=['接待', '千牛']
[定位] 第 7 次：未找到标题匹配任一子串的窗口：接待、千牛
2026-03-29 17:05:01 | INFO | main | 定位尝试 7：未找到窗口 subs=['接待', '千牛']
[定位] 第 7 次：未找到标题匹配任一子串的窗口：接待、千牛
2026-03-29 17:05:03 | INFO | main | 定位尝试 7：未找到窗口 subs=['接待', '千牛']
[定位] 第 8 次：未找到标题匹配任一子串的窗口：接待、千牛
2026-03-29 17:05:03 | INFO | main | 定位尝试 8：未找到窗口 subs=['接待', '千牛']
[定位] 第 8 次：未找到标题匹配任一子串的窗口：接待、千牛
2026-03-29 17:05:05 | INFO | main | 定位尝试 8：未找到窗口 subs=['接待', '千牛']
[定位] 第 9 次：未找到标题匹配任一子串的窗口：接待、千牛
2026-03-29 17:05:05 | INFO | main | 定位尝试 9：未找到窗口 subs=['接待', '千牛']
[定位] 第 9 次：未找到标题匹配任一子串的窗口：接待、千牛
2026-03-29 17:05:07 | INFO | main | 定位尝试 9：未找到窗口 subs=['接待', '千牛']
[定位] 第 10 次：未找到标题匹配任一子串的窗口：接待、千牛
2026-03-29 17:05:07 | INFO | main | 定位尝试 10：未找到窗口 subs=['接待', '千牛']
[定位] 第 10 次：未找到标题匹配任一子串的窗口：接待、千牛
2026-03-29 17:05:09 | INFO | main | 定位尝试 10：未找到窗口 subs=['接待', '千牛']
[定位] 第 11 次：未找到标题匹配任一子串的窗口：接待、千牛
2026-03-29 17:05:09 | INFO | main | 定位尝试 11：未找到窗口 subs=['接待', '千牛']
[定位] 第 11 次：未找到标题匹配任一子串的窗口：接待、千牛
2026-03-29 17:05:11 | INFO | main | 定位尝试 11：未找到窗口 subs=['接待', '千牛']
[定位] 第 12 次：未找到标题匹配任一子串的窗口：接待、千牛
2026-03-29 17:05:11 | INFO | main | 定位尝试 12：未找到窗口 subs=['接待', '千牛']
[定位] 第 12 次：未找到标题匹配任一子串的窗口：接待、千牛
2026-03-29 17:05:13 | INFO | main | 定位尝试 12：未找到窗口 subs=['接待', '千牛']
[定位] 第 13 次：未找到标题匹配任一子串的窗口：接待、千牛
2026-03-29 17:05:13 | INFO | main | 定位尝试 13：未找到窗口 subs=['接待', '千牛']
[定位] 第 13 次：未找到标题匹配任一子串的窗口：接待、千牛
2026-03-29 17:05:15 | INFO | main | 定位尝试 13：未找到窗口 subs=['接待', '千牛']
[定位] 第 14 次：未找到标题匹配任一子串的窗口：接待、千牛
2026-03-29 17:05:15 | INFO | main | 定位尝试 14：未找到窗口 subs=['接待', '千牛']
[定位] 第 14 次：未找到标题匹配任一子串的窗口：接待、千牛
2026-03-29 17:05:17 | INFO | main | 定位尝试 14：未找到窗口 subs=['接待', '千牛']
[定位] 第 15 次：未找到标题匹配任一子串的窗口：接待、千牛
2026-03-29 17:05:17 | INFO | main | 定位尝试 15：未找到窗口 subs=['接待', '千牛']
[定位] 第 15 次：未找到标题匹配任一子串的窗口：接待、千牛
2026-03-29 17:05:19 | INFO | main | 定位尝试 15：未找到窗口 subs=['接待', '千牛']
重新定位失败，5s 后再试
重新定位失败，5s 后再试
[窗口丢失] 尝试重新定位…
2026-03-29 17:05:24 | WARNING | main | 窗口丢失，重新定位
[定位] 第 1 次：未找到标题匹配任一子串的窗口：接待、千牛
2026-03-29 17:05:24 | INFO | main | 定位尝试 1：未找到窗口 subs=['接待', '千牛']
2026-03-29 17:05:26 | INFO | main | [SOAK] 已运行 40.8 分钟，已处理 0 条消息
[窗口丢失] 尝试重新定位…
2026-03-29 17:05:26 | WARNING | main | 窗口丢失，重新定位
[定位] 第 1 次：未找到标题匹配任一子串的窗口：接待、千牛
2026-03-29 17:05:26 | INFO | main | 定位尝试 1：未找到窗口 subs=['接待', '千牛']
[定位] 第 2 次：未找到标题匹配任一子串的窗口：接待、千牛
2026-03-29 17:05:26 | INFO | main | 定位尝试 2：未找到窗口 subs=['接待', '千牛']
[定位] 第 2 次：未找到标题匹配任一子串的窗口：接待、千牛
2026-03-29 17:05:28 | INFO | main | 定位尝试 2：未找到窗口 subs=['接待', '千牛']
[定位] 第 3 次：未找到标题匹配任一子串的窗口：接待、千牛
2026-03-29 17:05:28 | INFO | main | 定位尝试 3：未找到窗口 subs=['接待', '千牛']
[定位] 第 3 次：未找到标题匹配任一子串的窗口：接待、千牛
2026-03-29 17:05:30 | INFO | main | 定位尝试 3：未找到窗口 subs=['接待', '千牛']
[定位] 第 4 次：未找到标题匹配任一子串的窗口：接待、千牛
2026-03-29 17:05:30 | INFO | main | 定位尝试 4：未找到窗口 subs=['接待', '千牛']
[定位] 第 4 次：未找到标题匹配任一子串的窗口：接待、千牛
2026-03-29 17:05:32 | INFO | main | 定位尝试 4：未找到窗口 subs=['接待', '千牛']
[定位] 第 5 次：未找到标题匹配任一子串的窗口：接待、千牛
2026-03-29 17:05:32 | INFO | main | 定位尝试 5：未找到窗口 subs=['接待', '千牛']
[定位] 第 5 次：未找到标题匹配任一子串的窗口：接待、千牛
2026-03-29 17:05:34 | INFO | main | 定位尝试 5：未找到窗口 subs=['接待', '千牛']
[定位] 第 6 次：未找到标题匹配任一子串的窗口：接待、千牛
2026-03-29 17:05:35 | INFO | main | 定位尝试 6：未找到窗口 subs=['接待', '千牛']
[定位] 第 6 次：未找到标题匹配任一子串的窗口：接待、千牛
2026-03-29 17:05:36 | INFO | main | 定位尝试 6：未找到窗口 subs=['接待', '千牛']
[定位] 第 7 次：未找到标题匹配任一子串的窗口：接待、千牛
2026-03-29 17:05:37 | INFO | main | 定位尝试 7：未找到窗口 subs=['接待', '千牛']
[定位] 第 7 次：未找到标题匹配任一子串的窗口：接待、千牛
2026-03-29 17:05:38 | INFO | main | 定位尝试 7：未找到窗口 subs=['接待', '千牛']
[定位] 第 8 次：未找到标题匹配任一子串的窗口：接待、千牛
2026-03-29 17:05:39 | INFO | main | 定位尝试 8：未找到窗口 subs=['接待', '千牛']
[定位] 第 8 次：未找到标题匹配任一子串的窗口：接待、千牛
2026-03-29 17:05:40 | INFO | main | 定位尝试 8：未找到窗口 subs=['接待', '千牛']
[定位] 第 9 次：未找到标题匹配任一子串的窗口：接待、千牛
2026-03-29 17:05:41 | INFO | main | 定位尝试 9：未找到窗口 subs=['接待', '千牛']
[定位] 第 9 次：未找到标题匹配任一子串的窗口：接待、千牛
2026-03-29 17:05:42 | INFO | main | 定位尝试 9：未找到窗口 subs=['接待', '千牛']
[定位] 第 10 次：未找到标题匹配任一子串的窗口：接待、千牛
2026-03-29 17:05:43 | INFO | main | 定位尝试 10：未找到窗口 subs=['接待', '千牛']
[定位] 第 10 次：未找到标题匹配任一子串的窗口：接待、千牛
2026-03-29 17:05:44 | INFO | main | 定位尝试 10：未找到窗口 subs=['接待', '千牛']
[定位] 第 11 次：未找到标题匹配任一子串的窗口：接待、千牛
2026-03-29 17:05:45 | INFO | main | 定位尝试 11：未找到窗口 subs=['接待', '千牛']
[定位] 第 11 次：未找到标题匹配任一子串的窗口：接待、千牛
2026-03-29 17:05:46 | INFO | main | 定位尝试 11：未找到窗口 subs=['接待', '千牛']
[定位] 第 12 次：未找到标题匹配任一子串的窗口：接待、千牛
2026-03-29 17:05:47 | INFO | main | 定位尝试 12：未找到窗口 subs=['接待', '千牛']
[定位] 第 12 次：未找到标题匹配任一子串的窗口：接待、千牛
2026-03-29 17:05:48 | INFO | main | 定位尝试 12：未找到窗口 subs=['接待', '千牛']
[定位] 第 13 次：未找到标题匹配任一子串的窗口：接待、千牛
2026-03-29 17:05:49 | INFO | main | 定位尝试 13：未找到窗口 subs=['接待', '千牛']
[定位] 第 13 次：未找到标题匹配任一子串的窗口：接待、千牛
2026-03-29 17:05:50 | INFO | main | 定位尝试 13：未找到窗口 subs=['接待', '千牛']
[定位] 第 14 次：未找到标题匹配任一子串的窗口：接待、千牛
2026-03-29 17:05:51 | INFO | main | 定位尝试 14：未找到窗口 subs=['接待', '千牛']
[定位] 第 14 次：未找到标题匹配任一子串的窗口：接待、千牛
2026-03-29 17:05:52 | INFO | main | 定位尝试 14：未找到窗口 subs=['接待', '千牛']
[定位] 第 15 次：未找到标题匹配任一子串的窗口：接待、千牛
2026-03-29 17:05:53 | INFO | main | 定位尝试 15：未找到窗口 subs=['接待', '千牛']
[定位] 第 15 次：未找到标题匹配任一子串的窗口：接待、千牛
2026-03-29 17:05:55 | INFO | main | 定位尝试 15：未找到窗口 subs=['接待', '千牛']
重新定位失败，5s 后再试
重新定位失败，5s 后再试
[窗口丢失] 尝试重新定位…
2026-03-29 17:06:00 | WARNING | main | 窗口丢失，重新定位
[定位] 第 1 次：未找到标题匹配任一子串的窗口：接待、千牛
2026-03-29 17:06:00 | INFO | main | 定位尝试 1：未找到窗口 subs=['接待', '千牛']
[窗口丢失] 尝试重新定位…
2026-03-29 17:06:02 | WARNING | main | 窗口丢失，重新定位
[定位] 第 1 次：未找到标题匹配任一子串的窗口：接待、千牛
2026-03-29 17:06:02 | INFO | main | 定位尝试 1：未找到窗口 subs=['接待', '千牛']
[定位] 第 2 次：未找到标题匹配任一子串的窗口：接待、千牛
2026-03-29 17:06:02 | INFO | main | 定位尝试 2：未找到窗口 subs=['接待', '千牛']
[定位] 第 2 次：未找到标题匹配任一子串的窗口：接待、千牛
2026-03-29 17:06:04 | INFO | main | 定位尝试 2：未找到窗口 subs=['接待', '千牛']
[定位] 第 3 次：未找到标题匹配任一子串的窗口：接待、千牛
2026-03-29 17:06:04 | INFO | main | 定位尝试 3：未找到窗口 subs=['接待', '千牛']
[定位] 第 3 次：未找到标题匹配任一子串的窗口：接待、千牛
2026-03-29 17:06:06 | INFO | main | 定位尝试 3：未找到窗口 subs=['接待', '千牛']
[定位] 第 4 次：未找到标题匹配任一子串的窗口：接待、千牛
2026-03-29 17:06:06 | INFO | main | 定位尝试 4：未找到窗口 subs=['接待', '千牛']
[定位] 第 4 次：未找到标题匹配任一子串的窗口：接待、千牛
2026-03-29 17:06:08 | INFO | main | 定位尝试 4：未找到窗口 subs=['接待', '千牛']
[定位] 第 5 次：未找到标题匹配任一子串的窗口：接待、千牛
2026-03-29 17:06:08 | INFO | main | 定位尝试 5：未找到窗口 subs=['接待', '千牛']
[定位] 第 5 次：未找到标题匹配任一子串的窗口：接待、千牛
2026-03-29 17:06:10 | INFO | main | 定位尝试 5：未找到窗口 subs=['接待', '千牛']
[定位] 第 6 次：未找到标题匹配任一子串的窗口：接待、千牛
2026-03-29 17:06:10 | INFO | main | 定位尝试 6：未找到窗口 subs=['接待', '千牛']
[定位] 第 6 次：未找到标题匹配任一子串的窗口：接待、千牛
2026-03-29 17:06:12 | INFO | main | 定位尝试 6：未找到窗口 subs=['接待', '千牛']
[定位] 第 7 次：未找到标题匹配任一子串的窗口：接待、千牛
2026-03-29 17:06:12 | INFO | main | 定位尝试 7：未找到窗口 subs=['接待', '千牛']
[定位] 第 7 次：未找到标题匹配任一子串的窗口：接待、千牛
2026-03-29 17:06:14 | INFO | main | 定位尝试 7：未找到窗口 subs=['接待', '千牛']
[定位] 第 8 次：未找到标题匹配任一子串的窗口：接待、千牛
2026-03-29 17:06:14 | INFO | main | 定位尝试 8：未找到窗口 subs=['接待', '千牛']
[定位] 第 8 次：未找到标题匹配任一子串的窗口：接待、千牛
2026-03-29 17:06:16 | INFO | main | 定位尝试 8：未找到窗口 subs=['接待', '千牛']
[定位] 第 9 次：未找到标题匹配任一子串的窗口：接待、千牛
2026-03-29 17:06:16 | INFO | main | 定位尝试 9：未找到窗口 subs=['接待', '千牛']
[定位] 第 9 次：未找到标题匹配任一子串的窗口：接待、千牛
2026-03-29 17:06:18 | INFO | main | 定位尝试 9：未找到窗口 subs=['接待', '千牛']
[定位] 第 10 次：未找到标题匹配任一子串的窗口：接待、千牛
2026-03-29 17:06:18 | INFO | main | 定位尝试 10：未找到窗口 subs=['接待', '千牛']
[定位] 第 10 次：未找到标题匹配任一子串的窗口：接待、千牛
2026-03-29 17:06:20 | INFO | main | 定位尝试 10：未找到窗口 subs=['接待', '千牛']
[定位] 第 11 次：未找到标题匹配任一子串的窗口：接待、千牛
2026-03-29 17:06:20 | INFO | main | 定位尝试 11：未找到窗口 subs=['接待', '千牛']
[定位] 第 11 次：未找到标题匹配任一子串的窗口：接待、千牛
2026-03-29 17:06:22 | INFO | main | 定位尝试 11：未找到窗口 subs=['接待', '千牛']
[定位] 第 12 次：未找到标题匹配任一子串的窗口：接待、千牛
2026-03-29 17:06:22 | INFO | main | 定位尝试 12：未找到窗口 subs=['接待', '千牛']
[定位] 第 12 次：未找到标题匹配任一子串的窗口：接待、千牛
2026-03-29 17:06:24 | INFO | main | 定位尝试 12：未找到窗口 subs=['接待', '千牛']
[定位] 第 13 次：未找到标题匹配任一子串的窗口：接待、千牛
2026-03-29 17:06:25 | INFO | main | 定位尝试 13：未找到窗口 subs=['接待', '千牛']
[定位] 第 13 次：未找到标题匹配任一子串的窗口：接待、千牛
2026-03-29 17:06:26 | INFO | main | 定位尝试 13：未找到窗口 subs=['接待', '千牛']
[定位] 第 14 次：未找到标题匹配任一子串的窗口：接待、千牛
2026-03-29 17:06:27 | INFO | main | 定位尝试 14：未找到窗口 subs=['接待', '千牛']
[定位] 第 14 次：未找到标题匹配任一子串的窗口：接待、千牛
2026-03-29 17:06:28 | INFO | main | 定位尝试 14：未找到窗口 subs=['接待', '千牛']
[定位] 第 15 次：未找到标题匹配任一子串的窗口：接待、千牛
2026-03-29 17:06:29 | INFO | main | 定位尝试 15：未找到窗口 subs=['接待', '千牛']
[定位] 第 15 次：未找到标题匹配任一子串的窗口：接待、千牛
2026-03-29 17:06:30 | INFO | main | 定位尝试 15：未找到窗口 subs=['接待', '千牛']
重新定位失败，5s 后再试
重新定位失败，5s 后再试
[窗口丢失] 尝试重新定位…
2026-03-29 17:06:36 | WARNING | main | 窗口丢失，重新定位
[定位] 第 1 次：未找到标题匹配任一子串的窗口：接待、千牛
2026-03-29 17:06:36 | INFO | main | 定位尝试 1：未找到窗口 subs=['接待', '千牛']
[窗口丢失] 尝试重新定位…
2026-03-29 17:06:37 | WARNING | main | 窗口丢失，重新定位
[定位] 第 1 次：未找到标题匹配任一子串的窗口：接待、千牛
2026-03-29 17:06:37 | INFO | main | 定位尝试 1：未找到窗口 subs=['接待', '千牛']
[定位] 第 2 次：未找到标题匹配任一子串的窗口：接待、千牛
2026-03-29 17:06:38 | INFO | main | 定位尝试 2：未找到窗口 subs=['接待', '千牛']
[定位] 第 2 次：未找到标题匹配任一子串的窗口：接待、千牛
2026-03-29 17:06:39 | INFO | main | 定位尝试 2：未找到窗口 subs=['接待', '千牛']
[定位] 第 3 次：未找到标题匹配任一子串的窗口：接待、千牛
2026-03-29 17:06:40 | INFO | main | 定位尝试 3：未找到窗口 subs=['接待', '千牛']
[定位] 第 3 次：未找到标题匹配任一子串的窗口：接待、千牛
2026-03-29 17:06:41 | INFO | main | 定位尝试 3：未找到窗口 subs=['接待', '千牛']
[定位] 第 4 次：未找到标题匹配任一子串的窗口：接待、千牛
2026-03-29 17:06:42 | INFO | main | 定位尝试 4：未找到窗口 subs=['接待', '千牛']
[定位] 第 4 次：未找到标题匹配任一子串的窗口：接待、千牛
2026-03-29 17:06:44 | INFO | main | 定位尝试 4：未找到窗口 subs=['接待', '千牛']
[定位] 第 5 次：未找到标题匹配任一子串的窗口：接待、千牛
2026-03-29 17:06:44 | INFO | main | 定位尝试 5：未找到窗口 subs=['接待', '千牛']
[定位] 第 5 次：未找到标题匹配任一子串的窗口：接待、千牛
2026-03-29 17:06:46 | INFO | main | 定位尝试 5：未找到窗口 subs=['接待', '千牛']
[定位] 第 6 次：未找到标题匹配任一子串的窗口：接待、千牛
2026-03-29 17:06:46 | INFO | main | 定位尝试 6：未找到窗口 subs=['接待', '千牛']
[定位] 第 6 次：未找到标题匹配任一子串的窗口：接待、千牛
2026-03-29 17:06:48 | INFO | main | 定位尝试 6：未找到窗口 subs=['接待', '千牛']
[定位] 第 7 次：未找到标题匹配任一子串的窗口：接待、千牛
2026-03-29 17:06:48 | INFO | main | 定位尝试 7：未找到窗口 subs=['接待', '千牛']
[定位] 第 7 次：未找到标题匹配任一子串的窗口：接待、千牛
2026-03-29 17:06:50 | INFO | main | 定位尝试 7：未找到窗口 subs=['接待', '千牛']
[定位] 第 8 次：未找到标题匹配任一子串的窗口：接待、千牛
2026-03-29 17:06:50 | INFO | main | 定位尝试 8：未找到窗口 subs=['接待', '千牛']
[定位] 第 8 次：未找到标题匹配任一子串的窗口：接待、千牛
2026-03-29 17:06:52 | INFO | main | 定位尝试 8：未找到窗口 subs=['接待', '千牛']
[定位] 第 9 次：未找到标题匹配任一子串的窗口：接待、千牛
2026-03-29 17:06:52 | INFO | main | 定位尝试 9：未找到窗口 subs=['接待', '千牛']
[定位] 第 9 次：未找到标题匹配任一子串的窗口：接待、千牛
2026-03-29 17:06:54 | INFO | main | 定位尝试 9：未找到窗口 subs=['接待', '千牛']
[定位] 第 10 次：未找到标题匹配任一子串的窗口：接待、千牛
2026-03-29 17:06:54 | INFO | main | 定位尝试 10：未找到窗口 subs=['接待', '千牛']
[定位] 第 10 次：未找到标题匹配任一子串的窗口：接待、千牛
2026-03-29 17:06:56 | INFO | main | 定位尝试 10：未找到窗口 subs=['接待', '千牛']
[定位] 第 11 次：未找到标题匹配任一子串的窗口：接待、千牛
2026-03-29 17:06:56 | INFO | main | 定位尝试 11：未找到窗口 subs=['接待', '千牛']
[定位] 第 11 次：未找到标题匹配任一子串的窗口：接待、千牛
2026-03-29 17:06:58 | INFO | main | 定位尝试 11：未找到窗口 subs=['接待', '千牛']
[定位] 第 12 次：未找到标题匹配任一子串的窗口：接待、千牛
2026-03-29 17:06:58 | INFO | main | 定位尝试 12：未找到窗口 subs=['接待', '千牛']
[定位] 第 12 次：未找到标题匹配任一子串的窗口：接待、千牛
2026-03-29 17:07:00 | INFO | main | 定位尝试 12：未找到窗口 subs=['接待', '千牛']
[定位] 第 13 次：未找到标题匹配任一子串的窗口：接待、千牛
2026-03-29 17:07:00 | INFO | main | 定位尝试 13：未找到窗口 subs=['接待', '千牛']
[定位] 第 13 次：未找到标题匹配任一子串的窗口：接待、千牛
2026-03-29 17:07:02 | INFO | main | 定位尝试 13：未找到窗口 subs=['接待', '千牛']
[定位] 第 14 次：未找到标题匹配任一子串的窗口：接待、千牛
2026-03-29 17:07:02 | INFO | main | 定位尝试 14：未找到窗口 subs=['接待', '千牛']
[定位] 第 14 次：未找到标题匹配任一子串的窗口：接待、千牛
2026-03-29 17:07:04 | INFO | main | 定位尝试 14：未找到窗口 subs=['接待', '千牛']
[定位] 第 15 次：未找到标题匹配任一子串的窗口：接待、千牛
2026-03-29 17:07:04 | INFO | main | 定位尝试 15：未找到窗口 subs=['接待', '千牛']
[定位] 第 15 次：未找到标题匹配任一子串的窗口：接待、千牛
2026-03-29 17:07:06 | INFO | main | 定位尝试 15：未找到窗口 subs=['接待', '千牛']
重新定位失败，5s 后再试
重新定位失败，5s 后再试
[窗口丢失] 尝试重新定位…
2026-03-29 17:07:11 | WARNING | main | 窗口丢失，重新定位
[定位] 第 1 次：未找到标题匹配任一子串的窗口：接待、千牛
2026-03-29 17:07:11 | INFO | main | 定位尝试 1：未找到窗口 subs=['接待', '千牛']
[窗口丢失] 尝试重新定位…
2026-03-29 17:07:13 | WARNING | main | 窗口丢失，重新定位
[定位] 第 1 次：未找到标题匹配任一子串的窗口：接待、千牛
2026-03-29 17:07:13 | INFO | main | 定位尝试 1：未找到窗口 subs=['接待', '千牛']
[定位] 第 2 次：未找到标题匹配任一子串的窗口：接待、千牛
2026-03-29 17:07:13 | INFO | main | 定位尝试 2：未找到窗口 subs=['接待', '千牛']
[定位] 第 2 次：未找到标题匹配任一子串的窗口：接待、千牛
2026-03-29 17:07:15 | INFO | main | 定位尝试 2：未找到窗口 subs=['接待', '千牛']
[定位] 第 3 次：未找到标题匹配任一子串的窗口：接待、千牛
2026-03-29 17:07:15 | INFO | main | 定位尝试 3：未找到窗口 subs=['接待', '千牛']
[定位] 第 3 次：未找到标题匹配任一子串的窗口：接待、千牛
2026-03-29 17:07:17 | INFO | main | 定位尝试 3：未找到窗口 subs=['接待', '千牛']
[定位] 第 4 次：未找到标题匹配任一子串的窗口：接待、千牛
2026-03-29 17:07:17 | INFO | main | 定位尝试 4：未找到窗口 subs=['接待', '千牛']
[定位] 第 4 次：未找到标题匹配任一子串的窗口：接待、千牛
2026-03-29 17:07:19 | INFO | main | 定位尝试 4：未找到窗口 subs=['接待', '千牛']
[定位] 第 5 次：未找到标题匹配任一子串的窗口：接待、千牛
2026-03-29 17:07:20 | INFO | main | 定位尝试 5：未找到窗口 subs=['接待', '千牛']
[定位] 第 5 次：未找到标题匹配任一子串的窗口：接待、千牛
2026-03-29 17:07:21 | INFO | main | 定位尝试 5：未找到窗口 subs=['接待', '千牛']
[定位] 第 6 次：未找到标题匹配任一子串的窗口：接待、千牛
2026-03-29 17:07:22 | INFO | main | 定位尝试 6：未找到窗口 subs=['接待', '千牛']
[定位] 第 6 次：未找到标题匹配任一子串的窗口：接待、千牛
2026-03-29 17:07:23 | INFO | main | 定位尝试 6：未找到窗口 subs=['接待', '千牛']
[定位] 第 7 次：未找到标题匹配任一子串的窗口：接待、千牛
2026-03-29 17:07:24 | INFO | main | 定位尝试 7：未找到窗口 subs=['接待', '千牛']
[定位] 第 7 次：未找到标题匹配任一子串的窗口：接待、千牛
2026-03-29 17:07:25 | INFO | main | 定位尝试 7：未找到窗口 subs=['接待', '千牛']
[定位] 第 8 次：未找到标题匹配任一子串的窗口：接待、千牛
2026-03-29 17:07:26 | INFO | main | 定位尝试 8：未找到窗口 subs=['接待', '千牛']
[定位] 第 8 次：未找到标题匹配任一子串的窗口：接待、千牛
2026-03-29 17:07:27 | INFO | main | 定位尝试 8：未找到窗口 subs=['接待', '千牛']
[定位] 第 9 次：未找到标题匹配任一子串的窗口：接待、千牛
2026-03-29 17:07:28 | INFO | main | 定位尝试 9：未找到窗口 subs=['接待', '千牛']
[定位] 第 9 次：未找到标题匹配任一子串的窗口：接待、千牛
2026-03-29 17:07:30 | INFO | main | 定位尝试 9：未找到窗口 subs=['接待', '千牛']
[定位] 第 10 次：未找到标题匹配任一子串的窗口：接待、千牛
2026-03-29 17:07:30 | INFO | main | 定位尝试 10：未找到窗口 subs=['接待', '千牛']
[定位] 第 10 次：未找到标题匹配任一子串的窗口：接待、千牛
2026-03-29 17:07:32 | INFO | main | 定位尝试 10：未找到窗口 subs=['接待', '千牛']
[定位] 第 11 次：未找到标题匹配任一子串的窗口：接待、千牛
2026-03-29 17:07:32 | INFO | main | 定位尝试 11：未找到窗口 subs=['接待', '千牛']
[定位] 第 11 次：未找到标题匹配任一子串的窗口：接待、千牛
2026-03-29 17:07:34 | INFO | main | 定位尝试 11：未找到窗口 subs=['接待', '千牛']
[定位] 第 12 次：未找到标题匹配任一子串的窗口：接待、千牛
2026-03-29 17:07:34 | INFO | main | 定位尝试 12：未找到窗口 subs=['接待', '千牛']
[定位] 第 12 次：未找到标题匹配任一子串的窗口：接待、千牛
2026-03-29 17:07:36 | INFO | main | 定位尝试 12：未找到窗口 subs=['接待', '千牛']
[定位] 第 13 次：未找到标题匹配任一子串的窗口：接待、千牛
2026-03-29 17:07:36 | INFO | main | 定位尝试 13：未找到窗口 subs=['接待', '千牛']
[定位] 第 13 次：未找到标题匹配任一子串的窗口：接待、千牛
2026-03-29 17:07:38 | INFO | main | 定位尝试 13：未找到窗口 subs=['接待', '千牛']
[定位] 第 14 次：未找到标题匹配任一子串的窗口：接待、千牛
2026-03-29 17:07:38 | INFO | main | 定位尝试 14：未找到窗口 subs=['接待', '千牛']
[定位] 第 14 次：未找到标题匹配任一子串的窗口：接待、千牛
2026-03-29 17:07:40 | INFO | main | 定位尝试 14：未找到窗口 subs=['接待', '千牛']
[定位] 第 15 次：未找到标题匹配任一子串的窗口：接待、千牛
2026-03-29 17:07:40 | INFO | main | 定位尝试 15：未找到窗口 subs=['接待', '千牛']
[定位] 第 15 次：未找到标题匹配任一子串的窗口：接待、千牛
2026-03-29 17:07:42 | INFO | main | 定位尝试 15：未找到窗口 subs=['接待', '千牛']
重新定位失败，5s 后再试
重新定位失败，5s 后再试
[窗口丢失] 尝试重新定位…
2026-03-29 17:07:47 | WARNING | main | 窗口丢失，重新定位
[定位] 第 1 次：未找到标题匹配任一子串的窗口：接待、千牛
2026-03-29 17:07:47 | INFO | main | 定位尝试 1：未找到窗口 subs=['接待', '千牛']
[窗口丢失] 尝试重新定位…
2026-03-29 17:07:49 | WARNING | main | 窗口丢失，重新定位
[定位] 第 1 次：未找到标题匹配任一子串的窗口：接待、千牛
2026-03-29 17:07:49 | INFO | main | 定位尝试 1：未找到窗口 subs=['接待', '千牛']
[定位] 第 2 次：未找到标题匹配任一子串的窗口：接待、千牛
2026-03-29 17:07:49 | INFO | main | 定位尝试 2：未找到窗口 subs=['接待', '千牛']
[定位] 第 2 次：未找到标题匹配任一子串的窗口：接待、千牛
2026-03-29 17:07:51 | INFO | main | 定位尝试 2：未找到窗口 subs=['接待', '千牛']
[定位] 第 3 次：未找到标题匹配任一子串的窗口：接待、千牛
2026-03-29 17:07:51 | INFO | main | 定位尝试 3：未找到窗口 subs=['接待', '千牛']
[定位] 第 3 次：未找到标题匹配任一子串的窗口：接待、千牛
2026-03-29 17:07:53 | INFO | main | 定位尝试 3：未找到窗口 subs=['接待', '千牛']
[定位] 第 4 次：未找到标题匹配任一子串的窗口：接待、千牛
2026-03-29 17:07:53 | INFO | main | 定位尝试 4：未找到窗口 subs=['接待', '千牛']
[定位] 第 4 次：未找到标题匹配任一子串的窗口：接待、千牛
2026-03-29 17:07:55 | INFO | main | 定位尝试 4：未找到窗口 subs=['接待', '千牛']
[定位] 第 5 次：未找到标题匹配任一子串的窗口：接待、千牛
2026-03-29 17:07:55 | INFO | main | 定位尝试 5：未找到窗口 subs=['接待', '千牛']
[定位] 第 5 次：未找到标题匹配任一子串的窗口：接待、千牛
2026-03-29 17:07:57 | INFO | main | 定位尝试 5：未找到窗口 subs=['接待', '千牛']
[定位] 第 6 次：未找到标题匹配任一子串的窗口：接待、千牛
2026-03-29 17:07:57 | INFO | main | 定位尝试 6：未找到窗口 subs=['接待', '千牛']
[定位] 第 6 次：未找到标题匹配任一子串的窗口：接待、千牛
2026-03-29 17:07:59 | INFO | main | 定位尝试 6：未找到窗口 subs=['接待', '千牛']
[定位] 第 7 次：未找到标题匹配任一子串的窗口：接待、千牛
2026-03-29 17:07:59 | INFO | main | 定位尝试 7：未找到窗口 subs=['接待', '千牛']
[定位] 第 7 次：未找到标题匹配任一子串的窗口：接待、千牛
2026-03-29 17:08:01 | INFO | main | 定位尝试 7：未找到窗口 subs=['接待', '千牛']
[定位] 第 8 次：未找到标题匹配任一子串的窗口：接待、千牛
2026-03-29 17:08:02 | INFO | main | 定位尝试 8：未找到窗口 subs=['接待', '千牛']
[定位] 第 8 次：未找到标题匹配任一子串的窗口：接待、千牛
2026-03-29 17:08:03 | INFO | main | 定位尝试 8：未找到窗口 subs=['接待', '千牛']
[定位] 第 9 次：未找到标题匹配任一子串的窗口：接待、千牛
2026-03-29 17:08:04 | INFO | main | 定位尝试 9：未找到窗口 subs=['接待', '千牛']
[定位] 第 9 次：未找到标题匹配任一子串的窗口：接待、千牛
2026-03-29 17:08:05 | INFO | main | 定位尝试 9：未找到窗口 subs=['接待', '千牛']
[定位] 第 10 次：未找到标题匹配任一子串的窗口：接待、千牛
2026-03-29 17:08:06 | INFO | main | 定位尝试 10：未找到窗口 subs=['接待', '千牛']
[定位] 第 10 次：未找到标题匹配任一子串的窗口：接待、千牛
2026-03-29 17:08:07 | INFO | main | 定位尝试 10：未找到窗口 subs=['接待', '千牛']
[定位] 第 11 次：未找到标题匹配任一子串的窗口：接待、千牛
2026-03-29 17:08:08 | INFO | main | 定位尝试 11：未找到窗口 subs=['接待', '千牛']
[定位] 第 11 次：未找到标题匹配任一子串的窗口：接待、千牛
2026-03-29 17:08:09 | INFO | main | 定位尝试 11：未找到窗口 subs=['接待', '千牛']
[定位] 第 12 次：未找到标题匹配任一子串的窗口：接待、千牛
2026-03-29 17:08:10 | INFO | main | 定位尝试 12：未找到窗口 subs=['接待', '千牛']
[定位] 第 12 次：未找到标题匹配任一子串的窗口：接待、千牛
2026-03-29 17:08:11 | INFO | main | 定位尝试 12：未找到窗口 subs=['接待', '千牛']
[定位] 第 13 次：未找到标题匹配任一子串的窗口：接待、千牛
2026-03-29 17:08:12 | INFO | main | 定位尝试 13：未找到窗口 subs=['接待', '千牛']
[定位] 第 13 次：未找到标题匹配任一子串的窗口：接待、千牛
2026-03-29 17:08:14 | INFO | main | 定位尝试 13：未找到窗口 subs=['接待', '千牛']
[定位] 第 14 次：未找到标题匹配任一子串的窗口：接待、千牛
2026-03-29 17:08:14 | INFO | main | 定位尝试 14：未找到窗口 subs=['接待', '千牛']
[定位] 第 14 次：未找到标题匹配任一子串的窗口：接待、千牛
2026-03-29 17:08:16 | INFO | main | 定位尝试 14：未找到窗口 subs=['接待', '千牛']
[定位] 第 15 次：未找到标题匹配任一子串的窗口：接待、千牛
2026-03-29 17:08:16 | INFO | main | 定位尝试 15：未找到窗口 subs=['接待', '千牛']
[定位] 第 15 次：未找到标题匹配任一子串的窗口：接待、千牛
2026-03-29 17:08:18 | INFO | main | 定位尝试 15：未找到窗口 subs=['接待', '千牛']
重新定位失败，5s 后再试
重新定位失败，5s 后再试
[窗口丢失] 尝试重新定位…
2026-03-29 17:08:23 | WARNING | main | 窗口丢失，重新定位
[定位] 第 1 次：未找到标题匹配任一子串的窗口：接待、千牛
2026-03-29 17:08:23 | INFO | main | 定位尝试 1：未找到窗口 subs=['接待', '千牛']
[窗口丢失] 尝试重新定位…
2026-03-29 17:08:25 | WARNING | main | 窗口丢失，重新定位
[定位] 第 1 次：未找到标题匹配任一子串的窗口：接待、千牛
2026-03-29 17:08:25 | INFO | main | 定位尝试 1：未找到窗口 subs=['接待', '千牛']
[定位] 第 2 次：未找到标题匹配任一子串的窗口：接待、千牛
2026-03-29 17:08:25 | INFO | main | 定位尝试 2：未找到窗口 subs=['接待', '千牛']
[定位] 第 2 次：未找到标题匹配任一子串的窗口：接待、千牛
2026-03-29 17:08:27 | INFO | main | 定位尝试 2：未找到窗口 subs=['接待', '千牛']
[定位] 第 3 次：未找到标题匹配任一子串的窗口：接待、千牛
2026-03-29 17:08:27 | INFO | main | 定位尝试 3：未找到窗口 subs=['接待', '千牛']
[定位] 第 3 次：未找到标题匹配任一子串的窗口：接待、千牛
2026-03-29 17:08:29 | INFO | main | 定位尝试 3：未找到窗口 subs=['接待', '千牛']
[定位] 第 4 次：未找到标题匹配任一子串的窗口：接待、千牛
2026-03-29 17:08:29 | INFO | main | 定位尝试 4：未找到窗口 subs=['接待', '千牛']
[定位] 第 4 次：未找到标题匹配任一子串的窗口：接待、千牛
2026-03-29 17:08:31 | INFO | main | 定位尝试 4：未找到窗口 subs=['接待', '千牛']
[定位] 第 5 次：未找到标题匹配任一子串的窗口：接待、千牛
2026-03-29 17:08:31 | INFO | main | 定位尝试 5：未找到窗口 subs=['接待', '千牛']
[定位] 第 5 次：未找到标题匹配任一子串的窗口：接待、千牛
2026-03-29 17:08:33 | INFO | main | 定位尝试 5：未找到窗口 subs=['接待', '千牛']
[定位] 第 6 次：未找到标题匹配任一子串的窗口：接待、千牛
2026-03-29 17:08:33 | INFO | main | 定位尝试 6：未找到窗口 subs=['接待', '千牛']
[定位] 第 6 次：未找到标题匹配任一子串的窗口：接待、千牛
2026-03-29 17:08:35 | INFO | main | 定位尝试 6：未找到窗口 subs=['接待', '千牛']
[定位] 第 7 次：未找到标题匹配任一子串的窗口：接待、千牛
2026-03-29 17:08:35 | INFO | main | 定位尝试 7：未找到窗口 subs=['接待', '千牛']
[定位] 第 7 次：未找到标题匹配任一子串的窗口：接待、千牛
2026-03-29 17:08:37 | INFO | main | 定位尝试 7：未找到窗口 subs=['接待', '千牛']
[定位] 第 8 次：未找到标题匹配任一子串的窗口：接待、千牛
2026-03-29 17:08:37 | INFO | main | 定位尝试 8：未找到窗口 subs=['接待', '千牛']
[定位] 第 8 次：未找到标题匹配任一子串的窗口：接待、千牛
2026-03-29 17:08:39 | INFO | main | 定位尝试 8：未找到窗口 subs=['接待', '千牛']
[定位] 第 9 次：未找到标题匹配任一子串的窗口：接待、千牛
2026-03-29 17:08:40 | INFO | main | 定位尝试 9：未找到窗口 subs=['接待', '千牛']
[定位] 第 9 次：未找到标题匹配任一子串的窗口：接待、千牛
2026-03-29 17:08:41 | INFO | main | 定位尝试 9：未找到窗口 subs=['接待', '千牛']
[定位] 第 10 次：未找到标题匹配任一子串的窗口：接待、千牛
2026-03-29 17:08:42 | INFO | main | 定位尝试 10：未找到窗口 subs=['接待', '千牛']
[定位] 第 10 次：未找到标题匹配任一子串的窗口：接待、千牛
2026-03-29 17:08:44 | INFO | main | 定位尝试 10：未找到窗口 subs=['接待', '千牛']
[定位] 第 11 次：未找到标题匹配任一子串的窗口：接待、千牛
2026-03-29 17:08:44 | INFO | main | 定位尝试 11：未找到窗口 subs=['接待', '千牛']
[定位] 第 11 次：未找到标题匹配任一子串的窗口：接待、千牛
2026-03-29 17:08:46 | INFO | main | 定位尝试 11：未找到窗口 subs=['接待', '千牛']
[定位] 第 12 次：未找到标题匹配任一子串的窗口：接待、千牛
2026-03-29 17:08:46 | INFO | main | 定位尝试 12：未找到窗口 subs=['接待', '千牛']
[定位] 第 12 次：未找到标题匹配任一子串的窗口：接待、千牛
2026-03-29 17:08:48 | INFO | main | 定位尝试 12：未找到窗口 subs=['接待', '千牛']
[定位] 第 13 次：未找到标题匹配任一子串的窗口：接待、千牛
2026-03-29 17:08:48 | INFO | main | 定位尝试 13：未找到窗口 subs=['接待', '千牛']
[定位] 第 13 次：未找到标题匹配任一子串的窗口：接待、千牛
2026-03-29 17:08:50 | INFO | main | 定位尝试 13：未找到窗口 subs=['接待', '千牛']
[定位] 第 14 次：未找到标题匹配任一子串的窗口：接待、千牛
2026-03-29 17:08:50 | INFO | main | 定位尝试 14：未找到窗口 subs=['接待', '千牛']
[定位] 第 14 次：未找到标题匹配任一子串的窗口：接待、千牛
2026-03-29 17:08:52 | INFO | main | 定位尝试 14：未找到窗口 subs=['接待', '千牛']
[定位] 第 15 次：未找到标题匹配任一子串的窗口：接待、千牛
2026-03-29 17:08:52 | INFO | main | 定位尝试 15：未找到窗口 subs=['接待', '千牛']
[定位] 第 15 次：未找到标题匹配任一子串的窗口：接待、千牛
2026-03-29 17:08:54 | INFO | main | 定位尝试 15：未找到窗口 subs=['接待', '千牛']
重新定位失败，5s 后再试
重新定位失败，5s 后再试
[窗口丢失] 尝试重新定位…
2026-03-29 17:08:59 | WARNING | main | 窗口丢失，重新定位
[定位] 第 1 次：未找到标题匹配任一子串的窗口：接待、千牛
2026-03-29 17:08:59 | INFO | main | 定位尝试 1：未找到窗口 subs=['接待', '千牛']
[窗口丢失] 尝试重新定位…
2026-03-29 17:09:01 | WARNING | main | 窗口丢失，重新定位
[定位] 第 1 次：未找到标题匹配任一子串的窗口：接待、千牛
2026-03-29 17:09:01 | INFO | main | 定位尝试 1：未找到窗口 subs=['接待', '千牛']
[定位] 第 2 次：未找到标题匹配任一子串的窗口：接待、千牛
2026-03-29 17:09:01 | INFO | main | 定位尝试 2：未找到窗口 subs=['接待', '千牛']
[定位] 第 2 次：未找到标题匹配任一子串的窗口：接待、千牛
2026-03-29 17:09:03 | INFO | main | 定位尝试 2：未找到窗口 subs=['接待', '千牛']
[定位] 第 3 次：未找到标题匹配任一子串的窗口：接待、千牛
2026-03-29 17:09:03 | INFO | main | 定位尝试 3：未找到窗口 subs=['接待', '千牛']
[定位] 第 3 次：未找到标题匹配任一子串的窗口：接待、千牛
2026-03-29 17:09:05 | INFO | main | 定位尝试 3：未找到窗口 subs=['接待', '千牛']
[定位] 第 4 次：未找到标题匹配任一子串的窗口：接待、千牛
2026-03-29 17:09:05 | INFO | main | 定位尝试 4：未找到窗口 subs=['接待', '千牛']
[定位] 第 4 次：未找到标题匹配任一子串的窗口：接待、千牛
2026-03-29 17:09:07 | INFO | main | 定位尝试 4：未找到窗口 subs=['接待', '千牛']
[定位] 第 5 次：未找到标题匹配任一子串的窗口：接待、千牛
2026-03-29 17:09:07 | INFO | main | 定位尝试 5：未找到窗口 subs=['接待', '千牛']
[定位] 第 5 次：未找到标题匹配任一子串的窗口：接待、千牛
2026-03-29 17:09:09 | INFO | main | 定位尝试 5：未找到窗口 subs=['接待', '千牛']
[定位] 第 6 次：未找到标题匹配任一子串的窗口：接待、千牛
2026-03-29 17:09:09 | INFO | main | 定位尝试 6：未找到窗口 subs=['接待', '千牛']
[定位] 第 6 次：未找到标题匹配任一子串的窗口：接待、千牛
2026-03-29 17:09:11 | INFO | main | 定位尝试 6：未找到窗口 subs=['接待', '千牛']
[定位] 第 7 次：未找到标题匹配任一子串的窗口：接待、千牛
2026-03-29 17:09:11 | INFO | main | 定位尝试 7：未找到窗口 subs=['接待', '千牛']
[定位] 第 7 次：未找到标题匹配任一子串的窗口：接待、千牛
2026-03-29 17:09:13 | INFO | main | 定位尝试 7：未找到窗口 subs=['接待', '千牛']
[定位] 第 8 次：未找到标题匹配任一子串的窗口：接待、千牛
2026-03-29 17:09:14 | INFO | main | 定位尝试 8：未找到窗口 subs=['接待', '千牛']
[定位] 第 8 次：未找到标题匹配任一子串的窗口：接待、千牛
2026-03-29 17:09:16 | INFO | main | 定位尝试 8：未找到窗口 subs=['接待', '千牛']
[定位] 第 9 次：未找到标题匹配任一子串的窗口：接待、千牛
2026-03-29 17:09:16 | INFO | main | 定位尝试 9：未找到窗口 subs=['接待', '千牛']
[定位] 第 9 次：未找到标题匹配任一子串的窗口：接待、千牛
2026-03-29 17:09:18 | INFO | main | 定位尝试 9：未找到窗口 subs=['接待', '千牛']
[定位] 第 10 次：未找到标题匹配任一子串的窗口：接待、千牛
2026-03-29 17:09:18 | INFO | main | 定位尝试 10：未找到窗口 subs=['接待', '千牛']
[定位] 第 10 次：未找到标题匹配任一子串的窗口：接待、千牛
2026-03-29 17:09:20 | INFO | main | 定位尝试 10：未找到窗口 subs=['接待', '千牛']
[定位] 第 11 次：未找到标题匹配任一子串的窗口：接待、千牛
2026-03-29 17:09:20 | INFO | main | 定位尝试 11：未找到窗口 subs=['接待', '千牛']
[定位] 第 11 次：未找到标题匹配任一子串的窗口：接待、千牛
2026-03-29 17:09:22 | INFO | main | 定位尝试 11：未找到窗口 subs=['接待', '千牛']
[定位] 第 12 次：未找到标题匹配任一子串的窗口：接待、千牛
2026-03-29 17:09:22 | INFO | main | 定位尝试 12：未找到窗口 subs=['接待', '千牛']
[定位] 第 12 次：未找到标题匹配任一子串的窗口：接待、千牛
2026-03-29 17:09:24 | INFO | main | 定位尝试 12：未找到窗口 subs=['接待', '千牛']
[定位] 第 13 次：未找到标题匹配任一子串的窗口：接待、千牛
2026-03-29 17:09:24 | INFO | main | 定位尝试 13：未找到窗口 subs=['接待', '千牛']
[定位] 第 13 次：未找到标题匹配任一子串的窗口：接待、千牛
2026-03-29 17:09:26 | INFO | main | 定位尝试 13：未找到窗口 subs=['接待', '千牛']
[定位] 第 14 次：未找到标题匹配任一子串的窗口：接待、千牛
2026-03-29 17:09:26 | INFO | main | 定位尝试 14：未找到窗口 subs=['接待', '千牛']
[定位] 第 14 次：未找到标题匹配任一子串的窗口：接待、千牛
2026-03-29 17:09:28 | INFO | main | 定位尝试 14：未找到窗口 subs=['接待', '千牛']
[定位] 第 15 次：未找到标题匹配任一子串的窗口：接待、千牛
2026-03-29 17:09:28 | INFO | main | 定位尝试 15：未找到窗口 subs=['接待', '千牛']
重新定位失败，5s 后再试
[定位] 第 15 次：未找到标题匹配任一子串的窗口：接待、千牛
2026-03-29 17:09:30 | INFO | main | 定位尝试 15：未找到窗口 subs=['接待', '千牛']
重新定位失败，5s 后再试
2026-03-29 17:09:35 | ERROR | main | [SOAK] 连续异常 ≥ 10，建议检查窗口状态，休眠 30 秒
2026-03-29 17:09:37 | ERROR | main | [SOAK] 连续异常 ≥ 10，建议检查窗口状态，休眠 30 秒
[窗口丢失] 尝试重新定位…
2026-03-29 17:10:05 | WARNING | main | 窗口丢失，重新定位
[定位] 第 1 次：未找到标题匹配任一子串的窗口：接待、千牛
2026-03-29 17:10:05 | INFO | main | 定位尝试 1：未找到窗口 subs=['接待', '千牛']
[窗口丢失] 尝试重新定位…
2026-03-29 17:10:07 | WARNING | main | 窗口丢失，重新定位
[定位] 第 1 次：未找到标题匹配任一子串的窗口：接待、千牛
2026-03-29 17:10:07 | INFO | main | 定位尝试 1：未找到窗口 subs=['接待', '千牛']
[定位] 第 2 次：未找到标题匹配任一子串的窗口：接待、千牛
2026-03-29 17:10:07 | INFO | main | 定位尝试 2：未找到窗口 subs=['接待', '千牛']
[定位] 第 2 次：未找到标题匹配任一子串的窗口：接待、千牛
2026-03-29 17:10:10 | INFO | main | 定位尝试 2：未找到窗口 subs=['接待', '千牛']
[定位] 第 3 次：未找到标题匹配任一子串的窗口：接待、千牛
2026-03-29 17:10:10 | INFO | main | 定位尝试 3：未找到窗口 subs=['接待', '千牛']
[定位] 第 3 次：未找到标题匹配任一子串的窗口：接待、千牛
2026-03-29 17:10:12 | INFO | main | 定位尝试 3：未找到窗口 subs=['接待', '千牛']
[定位] 第 4 次：未找到标题匹配任一子串的窗口：接待、千牛
2026-03-29 17:10:12 | INFO | main | 定位尝试 4：未找到窗口 subs=['接待', '千牛']
[定位] 第 4 次：未找到标题匹配任一子串的窗口：接待、千牛
2026-03-29 17:10:14 | INFO | main | 定位尝试 4：未找到窗口 subs=['接待', '千牛']
[定位] 第 5 次：未找到标题匹配任一子串的窗口：接待、千牛
2026-03-29 17:10:14 | INFO | main | 定位尝试 5：未找到窗口 subs=['接待', '千牛']
[定位] 第 5 次：未找到标题匹配任一子串的窗口：接待、千牛
2026-03-29 17:10:16 | INFO | main | 定位尝试 5：未找到窗口 subs=['接待', '千牛']
[定位] 第 6 次：未找到标题匹配任一子串的窗口：接待、千牛
2026-03-29 17:10:16 | INFO | main | 定位尝试 6：未找到窗口 subs=['接待', '千牛']
[定位] 第 7 次：未找到标题匹配任一子串的窗口：接待、千牛
2026-03-29 17:10:18 | INFO | main | 定位尝试 7：未找到窗口 subs=['接待', '千牛']
[定位] 第 6 次：未找到标题匹配任一子串的窗口：接待、千牛
2026-03-29 17:10:18 | INFO | main | 定位尝试 6：未找到窗口 subs=['接待', '千牛']
[定位] 第 7 次：未找到标题匹配任一子串的窗口：接待、千牛
2026-03-29 17:10:20 | INFO | main | 定位尝试 7：未找到窗口 subs=['接待', '千牛']
[定位] 第 8 次：未找到标题匹配任一子串的窗口：接待、千牛
2026-03-29 17:10:20 | INFO | main | 定位尝试 8：未找到窗口 subs=['接待', '千牛']
[定位] 第 8 次：未找到标题匹配任一子串的窗口：接待、千牛
2026-03-29 17:10:22 | INFO | main | 定位尝试 8：未找到窗口 subs=['接待', '千牛']
[定位] 第 9 次：未找到标题匹配任一子串的窗口：接待、千牛
2026-03-29 17:10:24 | INFO | main | 定位尝试 9：未找到窗口 subs=['接待', '千牛']
[定位] 第 9 次：未找到标题匹配任一子串的窗口：接待、千牛
2026-03-29 17:10:25 | INFO | main | 定位尝试 9：未找到窗口 subs=['接待', '千牛']
[定位] 第 10 次：未找到标题匹配任一子串的窗口：接待、千牛
2026-03-29 17:10:26 | INFO | main | 定位尝试 10：未找到窗口 subs=['接待', '千牛']
[定位] 第 10 次：未找到标题匹配任一子串的窗口：接待、千牛
2026-03-29 17:10:27 | INFO | main | 定位尝试 10：未找到窗口 subs=['接待', '千牛']
[定位] 第 11 次：未找到标题匹配任一子串的窗口：接待、千牛
2026-03-29 17:10:28 | INFO | main | 定位尝试 11：未找到窗口 subs=['接待', '千牛']
[定位] 第 11 次：未找到标题匹配任一子串的窗口：接待、千牛
2026-03-29 17:10:29 | INFO | main | 定位尝试 11：未找到窗口 subs=['接待', '千牛']
[定位] 第 12 次：未找到标题匹配任一子串的窗口：接待、千牛
2026-03-29 17:10:30 | INFO | main | 定位尝试 12：未找到窗口 subs=['接待', '千牛']
[定位] 第 12 次：未找到标题匹配任一子串的窗口：接待、千牛
2026-03-29 17:10:31 | INFO | main | 定位尝试 12：未找到窗口 subs=['接待', '千牛']
[定位] 第 13 次：未找到标题匹配任一子串的窗口：接待、千牛
2026-03-29 17:10:32 | INFO | main | 定位尝试 13：未找到窗口 subs=['接待', '千牛']
[定位] 第 13 次：未找到标题匹配任一子串的窗口：接待、千牛
2026-03-29 17:10:33 | INFO | main | 定位尝试 13：未找到窗口 subs=['接待', '千牛']
[定位] 第 14 次：未找到标题匹配任一子串的窗口：接待、千牛
2026-03-29 17:10:34 | INFO | main | 定位尝试 14：未找到窗口 subs=['接待', '千牛']
[定位] 第 14 次：未找到标题匹配任一子串的窗口：接待、千牛
2026-03-29 17:10:35 | INFO | main | 定位尝试 14：未找到窗口 subs=['接待', '千牛']
[定位] 第 15 次：未找到标题匹配任一子串的窗口：接待、千牛
2026-03-29 17:10:37 | INFO | main | 定位尝试 15：未找到窗口 subs=['接待', '千牛']
[定位] 第 15 次：未找到标题匹配任一子串的窗口：接待、千牛
2026-03-29 17:10:38 | INFO | main | 定位尝试 15：未找到窗口 subs=['接待', '千牛']
重新定位失败，5s 后再试
重新定位失败，5s 后再试
2026-03-29 17:10:44 | INFO | main | [SOAK] 已运行 46.1 分钟，已处理 0 条消息
[窗口丢失] 尝试重新定位…
2026-03-29 17:10:44 | WARNING | main | 窗口丢失，重新定位
[定位] 第 1 次：未找到标题匹配任一子串的窗口：接待、千牛
2026-03-29 17:10:44 | INFO | main | 定位尝试 1：未找到窗口 subs=['接待', '千牛']
2026-03-29 17:10:45 | INFO | main | [SOAK] 已运行 31.9 分钟，已处理 0 条消息
[窗口丢失] 尝试重新定位…
2026-03-29 17:10:45 | WARNING | main | 窗口丢失，重新定位
[定位] 第 1 次：未找到标题匹配任一子串的窗口：接待、千牛
2026-03-29 17:10:45 | INFO | main | 定位尝试 1：未找到窗口 subs=['接待', '千牛']
[定位] 第 2 次：未找到标题匹配任一子串的窗口：接待、千牛
2026-03-29 17:10:46 | INFO | main | 定位尝试 2：未找到窗口 subs=['接待', '千牛']
[定位] 第 2 次：未找到标题匹配任一子串的窗口：接待、千牛
2026-03-29 17:10:47 | INFO | main | 定位尝试 2：未找到窗口 subs=['接待', '千牛']
[定位] 第 3 次：未找到标题匹配任一子串的窗口：接待、千牛
2026-03-29 17:10:48 | INFO | main | 定位尝试 3：未找到窗口 subs=['接待', '千牛']
[定位] 第 3 次：未找到标题匹配任一子串的窗口：接待、千牛
2026-03-29 17:10:49 | INFO | main | 定位尝试 3：未找到窗口 subs=['接待', '千牛']
[定位] 第 4 次：未找到标题匹配任一子串的窗口：接待、千牛
2026-03-29 17:10:50 | INFO | main | 定位尝试 4：未找到窗口 subs=['接待', '千牛']
[定位] 第 4 次：未找到标题匹配任一子串的窗口：接待、千牛
2026-03-29 17:10:51 | INFO | main | 定位尝试 4：未找到窗口 subs=['接待', '千牛']
[定位] 第 5 次：未找到标题匹配任一子串的窗口：接待、千牛
2026-03-29 17:10:52 | INFO | main | 定位尝试 5：未找到窗口 subs=['接待', '千牛']
[定位] 第 5 次：未找到标题匹配任一子串的窗口：接待、千牛
2026-03-29 17:10:53 | INFO | main | 定位尝试 5：未找到窗口 subs=['接待', '千牛']
[定位] 第 6 次：未找到标题匹配任一子串的窗口：接待、千牛
2026-03-29 17:10:54 | INFO | main | 定位尝试 6：未找到窗口 subs=['接待', '千牛']
[定位] 第 6 次：未找到标题匹配任一子串的窗口：接待、千牛
2026-03-29 17:10:55 | INFO | main | 定位尝试 6：未找到窗口 subs=['接待', '千牛']
[定位] 第 7 次：未找到标题匹配任一子串的窗口：接待、千牛
2026-03-29 17:10:56 | INFO | main | 定位尝试 7：未找到窗口 subs=['接待', '千牛']
[定位] 第 7 次：未找到标题匹配任一子串的窗口：接待、千牛
2026-03-29 17:10:57 | INFO | main | 定位尝试 7：未找到窗口 subs=['接待', '千牛']
[定位] 第 8 次：未找到标题匹配任一子串的窗口：接待、千牛
2026-03-29 17:10:58 | INFO | main | 定位尝试 8：未找到窗口 subs=['接待', '千牛']
[定位] 第 8 次：未找到标题匹配任一子串的窗口：接待、千牛
2026-03-29 17:10:59 | INFO | main | 定位尝试 8：未找到窗口 subs=['接待', '千牛']
[定位] 第 9 次：未找到标题匹配任一子串的窗口：接待、千牛
2026-03-29 17:11:00 | INFO | main | 定位尝试 9：未找到窗口 subs=['接待', '千牛']
[定位] 第 9 次：未找到标题匹配任一子串的窗口：接待、千牛
2026-03-29 17:11:01 | INFO | main | 定位尝试 9：未找到窗口 subs=['接待', '千牛']
[定位] 第 10 次：未找到标题匹配任一子串的窗口：接待、千牛
2026-03-29 17:11:02 | INFO | main | 定位尝试 10：未找到窗口 subs=['接待', '千牛']
[定位] 第 10 次：未找到标题匹配任一子串的窗口：接待、千牛
2026-03-29 17:11:03 | INFO | main | 定位尝试 10：未找到窗口 subs=['接待', '千牛']
[定位] 第 11 次：未找到标题匹配任一子串的窗口：接待、千牛
2026-03-29 17:11:04 | INFO | main | 定位尝试 11：未找到窗口 subs=['接待', '千牛']
[定位] 第 11 次：未找到标题匹配任一子串的窗口：接待、千牛
2026-03-29 17:11:05 | INFO | main | 定位尝试 11：未找到窗口 subs=['接待', '千牛']
[定位] 第 12 次：未找到标题匹配任一子串的窗口：接待、千牛
2026-03-29 17:11:06 | INFO | main | 定位尝试 12：未找到窗口 subs=['接待', '千牛']
[定位] 第 12 次：未找到标题匹配任一子串的窗口：接待、千牛
2026-03-29 17:11:07 | INFO | main | 定位尝试 12：未找到窗口 subs=['接待', '千牛']
[定位] 第 13 次：未找到标题匹配任一子串的窗口：接待、千牛
2026-03-29 17:11:08 | INFO | main | 定位尝试 13：未找到窗口 subs=['接待', '千牛']
[定位] 第 13 次：未找到标题匹配任一子串的窗口：接待、千牛
2026-03-29 17:11:09 | INFO | main | 定位尝试 13：未找到窗口 subs=['接待', '千牛']
[定位] 第 14 次：未找到标题匹配任一子串的窗口：接待、千牛
2026-03-29 17:11:10 | INFO | main | 定位尝试 14：未找到窗口 subs=['接待', '千牛']
[定位] 第 14 次：未找到标题匹配任一子串的窗口：接待、千牛
2026-03-29 17:11:11 | INFO | main | 定位尝试 14：未找到窗口 subs=['接待', '千牛']
[定位] 第 15 次：未找到标题匹配任一子串的窗口：接待、千牛
2026-03-29 17:11:12 | INFO | main | 定位尝试 15：未找到窗口 subs=['接待', '千牛']
[定位] 第 15 次：未找到标题匹配任一子串的窗口：接待、千牛
2026-03-29 17:11:13 | INFO | main | 定位尝试 15：未找到窗口 subs=['接待', '千牛']
重新定位失败，5s 后再试
重新定位失败，5s 后再试
[窗口丢失] 尝试重新定位…
2026-03-29 17:11:19 | WARNING | main | 窗口丢失，重新定位
[定位] 第 1 次：未找到标题匹配任一子串的窗口：接待、千牛
2026-03-29 17:11:19 | INFO | main | 定位尝试 1：未找到窗口 subs=['接待', '千牛']
[窗口丢失] 尝试重新定位…
2026-03-29 17:11:20 | WARNING | main | 窗口丢失，重新定位
[定位] 第 1 次：未找到标题匹配任一子串的窗口：接待、千牛
2026-03-29 17:11:20 | INFO | main | 定位尝试 1：未找到窗口 subs=['接待', '千牛']
[定位] 第 2 次：未找到标题匹配任一子串的窗口：接待、千牛
2026-03-29 17:11:21 | INFO | main | 定位尝试 2：未找到窗口 subs=['接待', '千牛']
[定位] 第 2 次：未找到标题匹配任一子串的窗口：接待、千牛
2026-03-29 17:11:22 | INFO | main | 定位尝试 2：未找到窗口 subs=['接待', '千牛']
[定位] 第 3 次：未找到标题匹配任一子串的窗口：接待、千牛
2026-03-29 17:11:23 | INFO | main | 定位尝试 3：未找到窗口 subs=['接待', '千牛']
[定位] 第 3 次：未找到标题匹配任一子串的窗口：接待、千牛
2026-03-29 17:11:25 | INFO | main | 定位尝试 3：未找到窗口 subs=['接待', '千牛']
[定位] 第 4 次：未找到标题匹配任一子串的窗口：接待、千牛
2026-03-29 17:11:25 | INFO | main | 定位尝试 4：未找到窗口 subs=['接待', '千牛']
[定位] 第 4 次：未找到标题匹配任一子串的窗口：接待、千牛
2026-03-29 17:11:27 | INFO | main | 定位尝试 4：未找到窗口 subs=['接待', '千牛']
[定位] 第 5 次：未找到标题匹配任一子串的窗口：接待、千牛
2026-03-29 17:11:27 | INFO | main | 定位尝试 5：未找到窗口 subs=['接待', '千牛']
[定位] 第 5 次：未找到标题匹配任一子串的窗口：接待、千牛
2026-03-29 17:11:29 | INFO | main | 定位尝试 5：未找到窗口 subs=['接待', '千牛']
[定位] 第 6 次：未找到标题匹配任一子串的窗口：接待、千牛
2026-03-29 17:11:30 | INFO | main | 定位尝试 6：未找到窗口 subs=['接待', '千牛']
[定位] 第 6 次：未找到标题匹配任一子串的窗口：接待、千牛
2026-03-29 17:11:31 | INFO | main | 定位尝试 6：未找到窗口 subs=['接待', '千牛']
[定位] 第 7 次：未找到标题匹配任一子串的窗口：接待、千牛
2026-03-29 17:11:32 | INFO | main | 定位尝试 7：未找到窗口 subs=['接待', '千牛']
[定位] 第 7 次：未找到标题匹配任一子串的窗口：接待、千牛
2026-03-29 17:11:33 | INFO | main | 定位尝试 7：未找到窗口 subs=['接待', '千牛']
[定位] 第 8 次：未找到标题匹配任一子串的窗口：接待、千牛
2026-03-29 17:11:34 | INFO | main | 定位尝试 8：未找到窗口 subs=['接待', '千牛']
[定位] 第 8 次：未找到标题匹配任一子串的窗口：接待、千牛
2026-03-29 17:11:35 | INFO | main | 定位尝试 8：未找到窗口 subs=['接待', '千牛']
[定位] 第 9 次：未找到标题匹配任一子串的窗口：接待、千牛
2026-03-29 17:11:36 | INFO | main | 定位尝试 9：未找到窗口 subs=['接待', '千牛']
[定位] 第 9 次：未找到标题匹配任一子串的窗口：接待、千牛
2026-03-29 17:11:37 | INFO | main | 定位尝试 9：未找到窗口 subs=['接待', '千牛']
[定位] 第 10 次：未找到标题匹配任一子串的窗口：接待、千牛
2026-03-29 17:11:38 | INFO | main | 定位尝试 10：未找到窗口 subs=['接待', '千牛']
[定位] 第 10 次：未找到标题匹配任一子串的窗口：接待、千牛
2026-03-29 17:11:39 | INFO | main | 定位尝试 10：未找到窗口 subs=['接待', '千牛']
[定位] 第 11 次：未找到标题匹配任一子串的窗口：接待、千牛
2026-03-29 17:11:40 | INFO | main | 定位尝试 11：未找到窗口 subs=['接待', '千牛']
[定位] 第 11 次：未找到标题匹配任一子串的窗口：接待、千牛
2026-03-29 17:11:41 | INFO | main | 定位尝试 11：未找到窗口 subs=['接待', '千牛']
[定位] 第 12 次：未找到标题匹配任一子串的窗口：接待、千牛
2026-03-29 17:11:42 | INFO | main | 定位尝试 12：未找到窗口 subs=['接待', '千牛']
[定位] 第 12 次：未找到标题匹配任一子串的窗口：接待、千牛
2026-03-29 17:11:43 | INFO | main | 定位尝试 12：未找到窗口 subs=['接待', '千牛']
[定位] 第 13 次：未找到标题匹配任一子串的窗口：接待、千牛
2026-03-29 17:11:44 | INFO | main | 定位尝试 13：未找到窗口 subs=['接待', '千牛']
[定位] 第 13 次：未找到标题匹配任一子串的窗口：接待、千牛
2026-03-29 17:11:45 | INFO | main | 定位尝试 13：未找到窗口 subs=['接待', '千牛']
[定位] 第 14 次：未找到标题匹配任一子串的窗口：接待、千牛
2026-03-29 17:11:46 | INFO | main | 定位尝试 14：未找到窗口 subs=['接待', '千牛']
[定位] 第 14 次：未找到标题匹配任一子串的窗口：接待、千牛
2026-03-29 17:11:47 | INFO | main | 定位尝试 14：未找到窗口 subs=['接待', '千牛']
[定位] 第 15 次：未找到标题匹配任一子串的窗口：接待、千牛
2026-03-29 17:11:48 | INFO | main | 定位尝试 15：未找到窗口 subs=['接待', '千牛']
[定位] 第 15 次：未找到标题匹配任一子串的窗口：接待、千牛
2026-03-29 17:11:49 | INFO | main | 定位尝试 15：未找到窗口 subs=['接待', '千牛']
重新定位失败，5s 后再试
重新定位失败，5s 后再试
[窗口丢失] 尝试重新定位…
2026-03-29 17:11:55 | WARNING | main | 窗口丢失，重新定位
[定位] 第 1 次：未找到标题匹配任一子串的窗口：接待、千牛
2026-03-29 17:11:55 | INFO | main | 定位尝试 1：未找到窗口 subs=['接待', '千牛']
[窗口丢失] 尝试重新定位…
2026-03-29 17:11:56 | WARNING | main | 窗口丢失，重新定位
[定位] 第 1 次：未找到标题匹配任一子串的窗口：接待、千牛
2026-03-29 17:11:56 | INFO | main | 定位尝试 1：未找到窗口 subs=['接待', '千牛']
[定位] 第 2 次：未找到标题匹配任一子串的窗口：接待、千牛
2026-03-29 17:11:57 | INFO | main | 定位尝试 2：未找到窗口 subs=['接待', '千牛']
[定位] 第 2 次：未找到标题匹配任一子串的窗口：接待、千牛
2026-03-29 17:11:58 | INFO | main | 定位尝试 2：未找到窗口 subs=['接待', '千牛']
[定位] 第 3 次：未找到标题匹配任一子串的窗口：接待、千牛
2026-03-29 17:11:59 | INFO | main | 定位尝试 3：未找到窗口 subs=['接待', '千牛']
[定位] 第 3 次：未找到标题匹配任一子串的窗口：接待、千牛
2026-03-29 17:12:00 | INFO | main | 定位尝试 3：未找到窗口 subs=['接待', '千牛']
[定位] 第 4 次：未找到标题匹配任一子串的窗口：接待、千牛
2026-03-29 17:12:01 | INFO | main | 定位尝试 4：未找到窗口 subs=['接待', '千牛']
[定位] 第 4 次：未找到标题匹配任一子串的窗口：接待、千牛
2026-03-29 17:12:02 | INFO | main | 定位尝试 4：未找到窗口 subs=['接待', '千牛']
[定位] 第 5 次：未找到标题匹配任一子串的窗口：接待、千牛
2026-03-29 17:12:03 | INFO | main | 定位尝试 5：未找到窗口 subs=['接待', '千牛']
[定位] 第 5 次：未找到标题匹配任一子串的窗口：接待、千牛
2026-03-29 17:12:04 | INFO | main | 定位尝试 5：未找到窗口 subs=['接待', '千牛']
[定位] 第 6 次：未找到标题匹配任一子串的窗口：接待、千牛
2026-03-29 17:12:05 | INFO | main | 定位尝试 6：未找到窗口 subs=['接待', '千牛']
[定位] 第 6 次：未找到标题匹配任一子串的窗口：接待、千牛
2026-03-29 17:12:06 | INFO | main | 定位尝试 6：未找到窗口 subs=['接待', '千牛']
[定位] 第 7 次：未找到标题匹配任一子串的窗口：接待、千牛
2026-03-29 17:12:07 | INFO | main | 定位尝试 7：未找到窗口 subs=['接待', '千牛']
[定位] 第 7 次：未找到标题匹配任一子串的窗口：接待、千牛
2026-03-29 17:12:08 | INFO | main | 定位尝试 7：未找到窗口 subs=['接待', '千牛']
[定位] 第 8 次：未找到标题匹配任一子串的窗口：接待、千牛
2026-03-29 17:12:09 | INFO | main | 定位尝试 8：未找到窗口 subs=['接待', '千牛']
[定位] 第 8 次：未找到标题匹配任一子串的窗口：接待、千牛
2026-03-29 17:12:11 | INFO | main | 定位尝试 8：未找到窗口 subs=['接待', '千牛']
[定位] 第 9 次：未找到标题匹配任一子串的窗口：接待、千牛
2026-03-29 17:12:11 | INFO | main | 定位尝试 9：未找到窗口 subs=['接待', '千牛']
[定位] 第 9 次：未找到标题匹配任一子串的窗口：接待、千牛
2026-03-29 17:12:13 | INFO | main | 定位尝试 9：未找到窗口 subs=['接待', '千牛']
[定位] 第 10 次：未找到标题匹配任一子串的窗口：接待、千牛
2026-03-29 17:12:14 | INFO | main | 定位尝试 10：未找到窗口 subs=['接待', '千牛']
[定位] 第 10 次：未找到标题匹配任一子串的窗口：接待、千牛
2026-03-29 17:12:15 | INFO | main | 定位尝试 10：未找到窗口 subs=['接待', '千牛']
[定位] 第 11 次：未找到标题匹配任一子串的窗口：接待、千牛
2026-03-29 17:12:16 | INFO | main | 定位尝试 11：未找到窗口 subs=['接待', '千牛']
[定位] 第 11 次：未找到标题匹配任一子串的窗口：接待、千牛
2026-03-29 17:12:17 | INFO | main | 定位尝试 11：未找到窗口 subs=['接待', '千牛']
[定位] 第 12 次：未找到标题匹配任一子串的窗口：接待、千牛
2026-03-29 17:12:18 | INFO | main | 定位尝试 12：未找到窗口 subs=['接待', '千牛']
[定位] 第 12 次：未找到标题匹配任一子串的窗口：接待、千牛
2026-03-29 17:12:19 | INFO | main | 定位尝试 12：未找到窗口 subs=['接待', '千牛']
[定位] 第 13 次：未找到标题匹配任一子串的窗口：接待、千牛
2026-03-29 17:12:20 | INFO | main | 定位尝试 13：未找到窗口 subs=['接待', '千牛']
[定位] 第 13 次：未找到标题匹配任一子串的窗口：接待、千牛
2026-03-29 17:12:21 | INFO | main | 定位尝试 13：未找到窗口 subs=['接待', '千牛']
[定位] 第 14 次：未找到标题匹配任一子串的窗口：接待、千牛
2026-03-29 17:12:22 | INFO | main | 定位尝试 14：未找到窗口 subs=['接待', '千牛']
[定位] 第 14 次：未找到标题匹配任一子串的窗口：接待、千牛
2026-03-29 17:12:23 | INFO | main | 定位尝试 14：未找到窗口 subs=['接待', '千牛']
[定位] 第 15 次：未找到标题匹配任一子串的窗口：接待、千牛
2026-03-29 17:12:24 | INFO | main | 定位尝试 15：未找到窗口 subs=['接待', '千牛']
[定位] 第 15 次：未找到标题匹配任一子串的窗口：接待、千牛
2026-03-29 17:12:25 | INFO | main | 定位尝试 15：未找到窗口 subs=['接待', '千牛']
重新定位失败，5s 后再试
重新定位失败，5s 后再试
[窗口丢失] 尝试重新定位…
2026-03-29 17:12:31 | WARNING | main | 窗口丢失，重新定位
[定位] 第 1 次：未找到标题匹配任一子串的窗口：接待、千牛
2026-03-29 17:12:31 | INFO | main | 定位尝试 1：未找到窗口 subs=['接待', '千牛']
[窗口丢失] 尝试重新定位…
2026-03-29 17:12:32 | WARNING | main | 窗口丢失，重新定位
[定位] 第 1 次：未找到标题匹配任一子串的窗口：接待、千牛
2026-03-29 17:12:32 | INFO | main | 定位尝试 1：未找到窗口 subs=['接待', '千牛']
[定位] 第 2 次：未找到标题匹配任一子串的窗口：接待、千牛
2026-03-29 17:12:33 | INFO | main | 定位尝试 2：未找到窗口 subs=['接待', '千牛']
[定位] 第 2 次：未找到标题匹配任一子串的窗口：接待、千牛
2026-03-29 17:12:34 | INFO | main | 定位尝试 2：未找到窗口 subs=['接待', '千牛']
[定位] 第 3 次：未找到标题匹配任一子串的窗口：接待、千牛
2026-03-29 17:12:35 | INFO | main | 定位尝试 3：未找到窗口 subs=['接待', '千牛']
[定位] 第 3 次：未找到标题匹配任一子串的窗口：接待、千牛
2026-03-29 17:12:36 | INFO | main | 定位尝试 3：未找到窗口 subs=['接待', '千牛']
[定位] 第 4 次：未找到标题匹配任一子串的窗口：接待、千牛
2026-03-29 17:12:37 | INFO | main | 定位尝试 4：未找到窗口 subs=['接待', '千牛']
[定位] 第 4 次：未找到标题匹配任一子串的窗口：接待、千牛
2026-03-29 17:12:38 | INFO | main | 定位尝试 4：未找到窗口 subs=['接待', '千牛']
[定位] 第 5 次：未找到标题匹配任一子串的窗口：接待、千牛
2026-03-29 17:12:39 | INFO | main | 定位尝试 5：未找到窗口 subs=['接待', '千牛']
[定位] 第 5 次：未找到标题匹配任一子串的窗口：接待、千牛
2026-03-29 17:12:40 | INFO | main | 定位尝试 5：未找到窗口 subs=['接待', '千牛']
[定位] 第 6 次：未找到标题匹配任一子串的窗口：接待、千牛
2026-03-29 17:12:41 | INFO | main | 定位尝试 6：未找到窗口 subs=['接待', '千牛']
[定位] 第 6 次：未找到标题匹配任一子串的窗口：接待、千牛
2026-03-29 17:12:42 | INFO | main | 定位尝试 6：未找到窗口 subs=['接待', '千牛']
[定位] 第 7 次：未找到标题匹配任一子串的窗口：接待、千牛
2026-03-29 17:12:43 | INFO | main | 定位尝试 7：未找到窗口 subs=['接待', '千牛']
[定位] 第 7 次：未找到标题匹配任一子串的窗口：接待、千牛
2026-03-29 17:12:44 | INFO | main | 定位尝试 7：未找到窗口 subs=['接待', '千牛']
[定位] 第 8 次：未找到标题匹配任一子串的窗口：接待、千牛
2026-03-29 17:12:45 | INFO | main | 定位尝试 8：未找到窗口 subs=['接待', '千牛']
[定位] 第 8 次：未找到标题匹配任一子串的窗口：接待、千牛
2026-03-29 17:12:46 | INFO | main | 定位尝试 8：未找到窗口 subs=['接待', '千牛']
[定位] 第 9 次：未找到标题匹配任一子串的窗口：接待、千牛
2026-03-29 17:12:47 | INFO | main | 定位尝试 9：未找到窗口 subs=['接待', '千牛']
[定位] 第 9 次：未找到标题匹配任一子串的窗口：接待、千牛
2026-03-29 17:12:48 | INFO | main | 定位尝试 9：未找到窗口 subs=['接待', '千牛']
[定位] 第 10 次：未找到标题匹配任一子串的窗口：接待、千牛
2026-03-29 17:12:49 | INFO | main | 定位尝试 10：未找到窗口 subs=['接待', '千牛']
[定位] 第 10 次：未找到标题匹配任一子串的窗口：接待、千牛
2026-03-29 17:12:51 | INFO | main | 定位尝试 10：未找到窗口 subs=['接待', '千牛']
[定位] 第 11 次：未找到标题匹配任一子串的窗口：接待、千牛
2026-03-29 17:12:51 | INFO | main | 定位尝试 11：未找到窗口 subs=['接待', '千牛']
[定位] 第 11 次：未找到标题匹配任一子串的窗口：接待、千牛
2026-03-29 17:12:53 | INFO | main | 定位尝试 11：未找到窗口 subs=['接待', '千牛']
[定位] 第 12 次：未找到标题匹配任一子串的窗口：接待、千牛
2026-03-29 17:12:54 | INFO | main | 定位尝试 12：未找到窗口 subs=['接待', '千牛']
[定位] 第 12 次：未找到标题匹配任一子串的窗口：接待、千牛
2026-03-29 17:12:55 | INFO | main | 定位尝试 12：未找到窗口 subs=['接待', '千牛']
[定位] 第 13 次：未找到标题匹配任一子串的窗口：接待、千牛
2026-03-29 17:12:56 | INFO | main | 定位尝试 13：未找到窗口 subs=['接待', '千牛']
[定位] 第 13 次：未找到标题匹配任一子串的窗口：接待、千牛
2026-03-29 17:12:57 | INFO | main | 定位尝试 13：未找到窗口 subs=['接待', '千牛']
[定位] 第 14 次：未找到标题匹配任一子串的窗口：接待、千牛
2026-03-29 17:12:58 | INFO | main | 定位尝试 14：未找到窗口 subs=['接待', '千牛']
[定位] 第 14 次：未找到标题匹配任一子串的窗口：接待、千牛
2026-03-29 17:12:59 | INFO | main | 定位尝试 14：未找到窗口 subs=['接待', '千牛']
[定位] 第 15 次：未找到标题匹配任一子串的窗口：接待、千牛
2026-03-29 17:13:00 | INFO | main | 定位尝试 15：未找到窗口 subs=['接待', '千牛']
[定位] 第 15 次：未找到标题匹配任一子串的窗口：接待、千牛
2026-03-29 17:13:01 | INFO | main | 定位尝试 15：未找到窗口 subs=['接待', '千牛']
重新定位失败，5s 后再试
重新定位失败，5s 后再试
[窗口丢失] 尝试重新定位…
2026-03-29 17:13:07 | WARNING | main | 窗口丢失，重新定位
[定位] 第 1 次：未找到标题匹配任一子串的窗口：接待、千牛
2026-03-29 17:13:07 | INFO | main | 定位尝试 1：未找到窗口 subs=['接待', '千牛']
[窗口丢失] 尝试重新定位…
2026-03-29 17:13:08 | WARNING | main | 窗口丢失，重新定位
[定位] 第 1 次：未找到标题匹配任一子串的窗口：接待、千牛
2026-03-29 17:13:08 | INFO | main | 定位尝试 1：未找到窗口 subs=['接待', '千牛']
[定位] 第 2 次：未找到标题匹配任一子串的窗口：接待、千牛
2026-03-29 17:13:09 | INFO | main | 定位尝试 2：未找到窗口 subs=['接待', '千牛']
[定位] 第 2 次：未找到标题匹配任一子串的窗口：接待、千牛
2026-03-29 17:13:10 | INFO | main | 定位尝试 2：未找到窗口 subs=['接待', '千牛']
[定位] 第 3 次：未找到标题匹配任一子串的窗口：接待、千牛
2026-03-29 17:13:11 | INFO | main | 定位尝试 3：未找到窗口 subs=['接待', '千牛']
[定位] 第 3 次：未找到标题匹配任一子串的窗口：接待、千牛
2026-03-29 17:13:12 | INFO | main | 定位尝试 3：未找到窗口 subs=['接待', '千牛']
[定位] 第 4 次：未找到标题匹配任一子串的窗口：接待、千牛
2026-03-29 17:13:13 | INFO | main | 定位尝试 4：未找到窗口 subs=['接待', '千牛']
[定位] 第 4 次：未找到标题匹配任一子串的窗口：接待、千牛
2026-03-29 17:13:14 | INFO | main | 定位尝试 4：未找到窗口 subs=['接待', '千牛']
[定位] 第 5 次：未找到标题匹配任一子串的窗口：接待、千牛
2026-03-29 17:13:15 | INFO | main | 定位尝试 5：未找到窗口 subs=['接待', '千牛']
[定位] 第 5 次：未找到标题匹配任一子串的窗口：接待、千牛
2026-03-29 17:13:16 | INFO | main | 定位尝试 5：未找到窗口 subs=['接待', '千牛']
[定位] 第 6 次：未找到标题匹配任一子串的窗口：接待、千牛
2026-03-29 17:13:17 | INFO | main | 定位尝试 6：未找到窗口 subs=['接待', '千牛']
[定位] 第 6 次：未找到标题匹配任一子串的窗口：接待、千牛
2026-03-29 17:13:18 | INFO | main | 定位尝试 6：未找到窗口 subs=['接待', '千牛']
[定位] 第 7 次：未找到标题匹配任一子串的窗口：接待、千牛
2026-03-29 17:13:19 | INFO | main | 定位尝试 7：未找到窗口 subs=['接待', '千牛']
[定位] 第 7 次：未找到标题匹配任一子串的窗口：接待、千牛
2026-03-29 17:13:20 | INFO | main | 定位尝试 7：未找到窗口 subs=['接待', '千牛']
[定位] 第 8 次：未找到标题匹配任一子串的窗口：接待、千牛
2026-03-29 17:13:21 | INFO | main | 定位尝试 8：未找到窗口 subs=['接待', '千牛']
[定位] 第 8 次：未找到标题匹配任一子串的窗口：接待、千牛
2026-03-29 17:13:22 | INFO | main | 定位尝试 8：未找到窗口 subs=['接待', '千牛']
[定位] 第 9 次：未找到标题匹配任一子串的窗口：接待、千牛
2026-03-29 17:13:23 | INFO | main | 定位尝试 9：未找到窗口 subs=['接待', '千牛']
[定位] 第 9 次：未找到标题匹配任一子串的窗口：接待、千牛
2026-03-29 17:13:24 | INFO | main | 定位尝试 9：未找到窗口 subs=['接待', '千牛']
[定位] 第 10 次：未找到标题匹配任一子串的窗口：接待、千牛
2026-03-29 17:13:25 | INFO | main | 定位尝试 10：未找到窗口 subs=['接待', '千牛']
[定位] 第 10 次：未找到标题匹配任一子串的窗口：接待、千牛
2026-03-29 17:13:26 | INFO | main | 定位尝试 10：未找到窗口 subs=['接待', '千牛']
[定位] 第 11 次：未找到标题匹配任一子串的窗口：接待、千牛
2026-03-29 17:13:27 | INFO | main | 定位尝试 11：未找到窗口 subs=['接待', '千牛']
[定位] 第 11 次：未找到标题匹配任一子串的窗口：接待、千牛
2026-03-29 17:13:28 | INFO | main | 定位尝试 11：未找到窗口 subs=['接待', '千牛']
[定位] 第 12 次：未找到标题匹配任一子串的窗口：接待、千牛
2026-03-29 17:13:29 | INFO | main | 定位尝试 12：未找到窗口 subs=['接待', '千牛']
[定位] 第 12 次：未找到标题匹配任一子串的窗口：接待、千牛
2026-03-29 17:13:31 | INFO | main | 定位尝试 12：未找到窗口 subs=['接待', '千牛']
[定位] 第 13 次：未找到标题匹配任一子串的窗口：接待、千牛
2026-03-29 17:13:31 | INFO | main | 定位尝试 13：未找到窗口 subs=['接待', '千牛']
[定位] 第 13 次：未找到标题匹配任一子串的窗口：接待、千牛
2026-03-29 17:13:33 | INFO | main | 定位尝试 13：未找到窗口 subs=['接待', '千牛']
[定位] 第 14 次：未找到标题匹配任一子串的窗口：接待、千牛
2026-03-29 17:13:34 | INFO | main | 定位尝试 14：未找到窗口 subs=['接待', '千牛']
[定位] 第 14 次：未找到标题匹配任一子串的窗口：接待、千牛
2026-03-29 17:13:35 | INFO | main | 定位尝试 14：未找到窗口 subs=['接待', '千牛']
[定位] 第 15 次：未找到标题匹配任一子串的窗口：接待、千牛
2026-03-29 17:13:36 | INFO | main | 定位尝试 15：未找到窗口 subs=['接待', '千牛']
[定位] 第 15 次：未找到标题匹配任一子串的窗口：接待、千牛
2026-03-29 17:13:37 | INFO | main | 定位尝试 15：未找到窗口 subs=['接待', '千牛']
重新定位失败，5s 后再试
重新定位失败，5s 后再试
[窗口丢失] 尝试重新定位…
2026-03-29 17:13:43 | WARNING | main | 窗口丢失，重新定位
[定位] 第 1 次：未找到标题匹配任一子串的窗口：接待、千牛
2026-03-29 17:13:43 | INFO | main | 定位尝试 1：未找到窗口 subs=['接待', '千牛']
[窗口丢失] 尝试重新定位…
2026-03-29 17:13:44 | WARNING | main | 窗口丢失，重新定位
[定位] 第 1 次：未找到标题匹配任一子串的窗口：接待、千牛
2026-03-29 17:13:44 | INFO | main | 定位尝试 1：未找到窗口 subs=['接待', '千牛']
[定位] 第 2 次：未找到标题匹配任一子串的窗口：接待、千牛
2026-03-29 17:13:45 | INFO | main | 定位尝试 2：未找到窗口 subs=['接待', '千牛']
[定位] 第 2 次：未找到标题匹配任一子串的窗口：接待、千牛
2026-03-29 17:13:46 | INFO | main | 定位尝试 2：未找到窗口 subs=['接待', '千牛']
[定位] 第 3 次：未找到标题匹配任一子串的窗口：接待、千牛
2026-03-29 17:13:47 | INFO | main | 定位尝试 3：未找到窗口 subs=['接待', '千牛']
[定位] 第 3 次：未找到标题匹配任一子串的窗口：接待、千牛
2026-03-29 17:13:48 | INFO | main | 定位尝试 3：未找到窗口 subs=['接待', '千牛']
[定位] 第 4 次：未找到标题匹配任一子串的窗口：接待、千牛
2026-03-29 17:13:49 | INFO | main | 定位尝试 4：未找到窗口 subs=['接待', '千牛']
[定位] 第 4 次：未找到标题匹配任一子串的窗口：接待、千牛
2026-03-29 17:13:50 | INFO | main | 定位尝试 4：未找到窗口 subs=['接待', '千牛']
[定位] 第 5 次：未找到标题匹配任一子串的窗口：接待、千牛
2026-03-29 17:13:51 | INFO | main | 定位尝试 5：未找到窗口 subs=['接待', '千牛']
[定位] 第 5 次：未找到标题匹配任一子串的窗口：接待、千牛
2026-03-29 17:13:52 | INFO | main | 定位尝试 5：未找到窗口 subs=['接待', '千牛']
[定位] 第 6 次：未找到标题匹配任一子串的窗口：接待、千牛
2026-03-29 17:13:53 | INFO | main | 定位尝试 6：未找到窗口 subs=['接待', '千牛']
[定位] 第 6 次：未找到标题匹配任一子串的窗口：接待、千牛
2026-03-29 17:13:54 | INFO | main | 定位尝试 6：未找到窗口 subs=['接待', '千牛']
[定位] 第 7 次：未找到标题匹配任一子串的窗口：接待、千牛
2026-03-29 17:13:55 | INFO | main | 定位尝试 7：未找到窗口 subs=['接待', '千牛']
[定位] 第 7 次：未找到标题匹配任一子串的窗口：接待、千牛
2026-03-29 17:13:56 | INFO | main | 定位尝试 7：未找到窗口 subs=['接待', '千牛']
[定位] 第 8 次：未找到标题匹配任一子串的窗口：接待、千牛
2026-03-29 17:13:57 | INFO | main | 定位尝试 8：未找到窗口 subs=['接待', '千牛']
[定位] 第 8 次：未找到标题匹配任一子串的窗口：接待、千牛
2026-03-29 17:13:58 | INFO | main | 定位尝试 8：未找到窗口 subs=['接待', '千牛']
[定位] 第 9 次：未找到标题匹配任一子串的窗口：接待、千牛
2026-03-29 17:13:59 | INFO | main | 定位尝试 9：未找到窗口 subs=['接待', '千牛']
[定位] 第 9 次：未找到标题匹配任一子串的窗口：接待、千牛
2026-03-29 17:14:00 | INFO | main | 定位尝试 9：未找到窗口 subs=['接待', '千牛']
[定位] 第 10 次：未找到标题匹配任一子串的窗口：接待、千牛
2026-03-29 17:14:01 | INFO | main | 定位尝试 10：未找到窗口 subs=['接待', '千牛']
[定位] 第 10 次：未找到标题匹配任一子串的窗口：接待、千牛
2026-03-29 17:14:02 | INFO | main | 定位尝试 10：未找到窗口 subs=['接待', '千牛']
[定位] 第 11 次：未找到标题匹配任一子串的窗口：接待、千牛
2026-03-29 17:14:03 | INFO | main | 定位尝试 11：未找到窗口 subs=['接待', '千牛']
[定位] 第 11 次：未找到标题匹配任一子串的窗口：接待、千牛
2026-03-29 17:14:04 | INFO | main | 定位尝试 11：未找到窗口 subs=['接待', '千牛']
[定位] 第 12 次：未找到标题匹配任一子串的窗口：接待、千牛
2026-03-29 17:14:05 | INFO | main | 定位尝试 12：未找到窗口 subs=['接待', '千牛']
[定位] 第 12 次：未找到标题匹配任一子串的窗口：接待、千牛
2026-03-29 17:14:06 | INFO | main | 定位尝试 12：未找到窗口 subs=['接待', '千牛']
[定位] 第 13 次：未找到标题匹配任一子串的窗口：接待、千牛
2026-03-29 17:14:07 | INFO | main | 定位尝试 13：未找到窗口 subs=['接待', '千牛']
[定位] 第 13 次：未找到标题匹配任一子串的窗口：接待、千牛
2026-03-29 17:14:08 | INFO | main | 定位尝试 13：未找到窗口 subs=['接待', '千牛']
[定位] 第 14 次：未找到标题匹配任一子串的窗口：接待、千牛
2026-03-29 17:14:09 | INFO | main | 定位尝试 14：未找到窗口 subs=['接待', '千牛']
[定位] 第 14 次：未找到标题匹配任一子串的窗口：接待、千牛
2026-03-29 17:14:10 | INFO | main | 定位尝试 14：未找到窗口 subs=['接待', '千牛']
[定位] 第 15 次：未找到标题匹配任一子串的窗口：接待、千牛
2026-03-29 17:14:11 | INFO | main | 定位尝试 15：未找到窗口 subs=['接待', '千牛']
[定位] 第 15 次：未找到标题匹配任一子串的窗口：接待、千牛
2026-03-29 17:14:12 | INFO | main | 定位尝试 15：未找到窗口 subs=['接待', '千牛']
重新定位失败，5s 后再试
重新定位失败，5s 后再试
[窗口丢失] 尝试重新定位…
2026-03-29 17:14:18 | WARNING | main | 窗口丢失，重新定位
[定位] 第 1 次：未找到标题匹配任一子串的窗口：接待、千牛
2026-03-29 17:14:18 | INFO | main | 定位尝试 1：未找到窗口 subs=['接待', '千牛']
[窗口丢失] 尝试重新定位…
2026-03-29 17:14:19 | WARNING | main | 窗口丢失，重新定位
[定位] 第 1 次：未找到标题匹配任一子串的窗口：接待、千牛
2026-03-29 17:14:19 | INFO | main | 定位尝试 1：未找到窗口 subs=['接待', '千牛']
[定位] 第 2 次：未找到标题匹配任一子串的窗口：接待、千牛
2026-03-29 17:14:20 | INFO | main | 定位尝试 2：未找到窗口 subs=['接待', '千牛']
[定位] 第 2 次：未找到标题匹配任一子串的窗口：接待、千牛
2026-03-29 17:14:22 | INFO | main | 定位尝试 2：未找到窗口 subs=['接待', '千牛']
[定位] 第 3 次：未找到标题匹配任一子串的窗口：接待、千牛
2026-03-29 17:14:22 | INFO | main | 定位尝试 3：未找到窗口 subs=['接待', '千牛']
[定位] 第 3 次：未找到标题匹配任一子串的窗口：接待、千牛
2026-03-29 17:14:24 | INFO | main | 定位尝试 3：未找到窗口 subs=['接待', '千牛']
[定位] 第 4 次：未找到标题匹配任一子串的窗口：接待、千牛
2026-03-29 17:14:24 | INFO | main | 定位尝试 4：未找到窗口 subs=['接待', '千牛']
[定位] 第 4 次：未找到标题匹配任一子串的窗口：接待、千牛
2026-03-29 17:14:26 | INFO | main | 定位尝试 4：未找到窗口 subs=['接待', '千牛']
[定位] 第 5 次：未找到标题匹配任一子串的窗口：接待、千牛
2026-03-29 17:14:26 | INFO | main | 定位尝试 5：未找到窗口 subs=['接待', '千牛']
[定位] 第 5 次：未找到标题匹配任一子串的窗口：接待、千牛
2026-03-29 17:14:28 | INFO | main | 定位尝试 5：未找到窗口 subs=['接待', '千牛']
[定位] 第 6 次：未找到标题匹配任一子串的窗口：接待、千牛
2026-03-29 17:14:29 | INFO | main | 定位尝试 6：未找到窗口 subs=['接待', '千牛']
[定位] 第 6 次：未找到标题匹配任一子串的窗口：接待、千牛
2026-03-29 17:14:30 | INFO | main | 定位尝试 6：未找到窗口 subs=['接待', '千牛']
[定位] 第 7 次：未找到标题匹配任一子串的窗口：接待、千牛
2026-03-29 17:14:31 | INFO | main | 定位尝试 7：未找到窗口 subs=['接待', '千牛']
[定位] 第 7 次：未找到标题匹配任一子串的窗口：接待、千牛
2026-03-29 17:14:32 | INFO | main | 定位尝试 7：未找到窗口 subs=['接待', '千牛']
[定位] 第 8 次：未找到标题匹配任一子串的窗口：接待、千牛
2026-03-29 17:14:33 | INFO | main | 定位尝试 8：未找到窗口 subs=['接待', '千牛']
[定位] 第 8 次：未找到标题匹配任一子串的窗口：接待、千牛
2026-03-29 17:14:34 | INFO | main | 定位尝试 8：未找到窗口 subs=['接待', '千牛']
[定位] 第 9 次：未找到标题匹配任一子串的窗口：接待、千牛
2026-03-29 17:14:35 | INFO | main | 定位尝试 9：未找到窗口 subs=['接待', '千牛']
[定位] 第 9 次：未找到标题匹配任一子串的窗口：接待、千牛
2026-03-29 17:14:36 | INFO | main | 定位尝试 9：未找到窗口 subs=['接待', '千牛']
[定位] 第 10 次：未找到标题匹配任一子串的窗口：接待、千牛
2026-03-29 17:14:37 | INFO | main | 定位尝试 10：未找到窗口 subs=['接待', '千牛']
[定位] 第 10 次：未找到标题匹配任一子串的窗口：接待、千牛
2026-03-29 17:14:38 | INFO | main | 定位尝试 10：未找到窗口 subs=['接待', '千牛']
[定位] 第 11 次：未找到标题匹配任一子串的窗口：接待、千牛
2026-03-29 17:14:39 | INFO | main | 定位尝试 11：未找到窗口 subs=['接待', '千牛']
[定位] 第 11 次：未找到标题匹配任一子串的窗口：接待、千牛
2026-03-29 17:14:40 | INFO | main | 定位尝试 11：未找到窗口 subs=['接待', '千牛']
[定位] 第 12 次：未找到标题匹配任一子串的窗口：接待、千牛
2026-03-29 17:14:41 | INFO | main | 定位尝试 12：未找到窗口 subs=['接待', '千牛']
[定位] 第 12 次：未找到标题匹配任一子串的窗口：接待、千牛
2026-03-29 17:14:42 | INFO | main | 定位尝试 12：未找到窗口 subs=['接待', '千牛']
[定位] 第 13 次：未找到标题匹配任一子串的窗口：接待、千牛
2026-03-29 17:14:43 | INFO | main | 定位尝试 13：未找到窗口 subs=['接待', '千牛']
[定位] 第 13 次：未找到标题匹配任一子串的窗口：接待、千牛
2026-03-29 17:14:44 | INFO | main | 定位尝试 13：未找到窗口 subs=['接待', '千牛']
[定位] 第 14 次：未找到标题匹配任一子串的窗口：接待、千牛
2026-03-29 17:14:45 | INFO | main | 定位尝试 14：未找到窗口 subs=['接待', '千牛']
[定位] 第 14 次：未找到标题匹配任一子串的窗口：接待、千牛
2026-03-29 17:14:46 | INFO | main | 定位尝试 14：未找到窗口 subs=['接待', '千牛']
[定位] 第 15 次：未找到标题匹配任一子串的窗口：接待、千牛
2026-03-29 17:14:47 | INFO | main | 定位尝试 15：未找到窗口 subs=['接待', '千牛']
[定位] 第 15 次：未找到标题匹配任一子串的窗口：接待、千牛
2026-03-29 17:14:48 | INFO | main | 定位尝试 15：未找到窗口 subs=['接待', '千牛']
重新定位失败，5s 后再试
重新定位失败，5s 后再试
[窗口丢失] 尝试重新定位…
2026-03-29 17:14:54 | WARNING | main | 窗口丢失，重新定位
[定位] 第 1 次：未找到标题匹配任一子串的窗口：接待、千牛
2026-03-29 17:14:54 | INFO | main | 定位尝试 1：未找到窗口 subs=['接待', '千牛']
[窗口丢失] 尝试重新定位…
2026-03-29 17:14:55 | WARNING | main | 窗口丢失，重新定位
[定位] 第 1 次：未找到标题匹配任一子串的窗口：接待、千牛
2026-03-29 17:14:55 | INFO | main | 定位尝试 1：未找到窗口 subs=['接待', '千牛']
[定位] 第 2 次：未找到标题匹配任一子串的窗口：接待、千牛
2026-03-29 17:14:56 | INFO | main | 定位尝试 2：未找到窗口 subs=['接待', '千牛']
[定位] 第 2 次：未找到标题匹配任一子串的窗口：接待、千牛
2026-03-29 17:14:57 | INFO | main | 定位尝试 2：未找到窗口 subs=['接待', '千牛']
[定位] 第 3 次：未找到标题匹配任一子串的窗口：接待、千牛
2026-03-29 17:14:58 | INFO | main | 定位尝试 3：未找到窗口 subs=['接待', '千牛']
[定位] 第 3 次：未找到标题匹配任一子串的窗口：接待、千牛
2026-03-29 17:14:59 | INFO | main | 定位尝试 3：未找到窗口 subs=['接待', '千牛']
[定位] 第 4 次：未找到标题匹配任一子串的窗口：接待、千牛
2026-03-29 17:15:00 | INFO | main | 定位尝试 4：未找到窗口 subs=['接待', '千牛']
[定位] 第 4 次：未找到标题匹配任一子串的窗口：接待、千牛
2026-03-29 17:15:01 | INFO | main | 定位尝试 4：未找到窗口 subs=['接待', '千牛']
[定位] 第 5 次：未找到标题匹配任一子串的窗口：接待、千牛
2026-03-29 17:15:02 | INFO | main | 定位尝试 5：未找到窗口 subs=['接待', '千牛']
[定位] 第 5 次：未找到标题匹配任一子串的窗口：接待、千牛
2026-03-29 17:15:03 | INFO | main | 定位尝试 5：未找到窗口 subs=['接待', '千牛']
[定位] 第 6 次：未找到标题匹配任一子串的窗口：接待、千牛
2026-03-29 17:15:04 | INFO | main | 定位尝试 6：未找到窗口 subs=['接待', '千牛']
[定位] 第 6 次：未找到标题匹配任一子串的窗口：接待、千牛
2026-03-29 17:15:05 | INFO | main | 定位尝试 6：未找到窗口 subs=['接待', '千牛']
[定位] 第 7 次：未找到标题匹配任一子串的窗口：接待、千牛
2026-03-29 17:15:06 | INFO | main | 定位尝试 7：未找到窗口 subs=['接待', '千牛']
[定位] 第 7 次：未找到标题匹配任一子串的窗口：接待、千牛
2026-03-29 17:15:07 | INFO | main | 定位尝试 7：未找到窗口 subs=['接待', '千牛']
[定位] 第 8 次：未找到标题匹配任一子串的窗口：接待、千牛
2026-03-29 17:15:08 | INFO | main | 定位尝试 8：未找到窗口 subs=['接待', '千牛']
[定位] 第 8 次：未找到标题匹配任一子串的窗口：接待、千牛
2026-03-29 17:15:10 | INFO | main | 定位尝试 8：未找到窗口 subs=['接待', '千牛']
[定位] 第 9 次：未找到标题匹配任一子串的窗口：接待、千牛
2026-03-29 17:15:11 | INFO | main | 定位尝试 9：未找到窗口 subs=['接待', '千牛']
[定位] 第 9 次：未找到标题匹配任一子串的窗口：接待、千牛
2026-03-29 17:15:12 | INFO | main | 定位尝试 9：未找到窗口 subs=['接待', '千牛']
[定位] 第 10 次：未找到标题匹配任一子串的窗口：接待、千牛
2026-03-29 17:15:13 | INFO | main | 定位尝试 10：未找到窗口 subs=['接待', '千牛']
[定位] 第 10 次：未找到标题匹配任一子串的窗口：接待、千牛
2026-03-29 17:15:14 | INFO | main | 定位尝试 10：未找到窗口 subs=['接待', '千牛']
[定位] 第 11 次：未找到标题匹配任一子串的窗口：接待、千牛
2026-03-29 17:15:15 | INFO | main | 定位尝试 11：未找到窗口 subs=['接待', '千牛']
[定位] 第 11 次：未找到标题匹配任一子串的窗口：接待、千牛
2026-03-29 17:15:16 | INFO | main | 定位尝试 11：未找到窗口 subs=['接待', '千牛']
[定位] 第 12 次：未找到标题匹配任一子串的窗口：接待、千牛
2026-03-29 17:15:17 | INFO | main | 定位尝试 12：未找到窗口 subs=['接待', '千牛']
[定位] 第 12 次：未找到标题匹配任一子串的窗口：接待、千牛
2026-03-29 17:15:18 | INFO | main | 定位尝试 12：未找到窗口 subs=['接待', '千牛']
[定位] 第 13 次：未找到标题匹配任一子串的窗口：接待、千牛
2026-03-29 17:15:19 | INFO | main | 定位尝试 13：未找到窗口 subs=['接待', '千牛']
[定位] 第 13 次：未找到标题匹配任一子串的窗口：接待、千牛
2026-03-29 17:15:20 | INFO | main | 定位尝试 13：未找到窗口 subs=['接待', '千牛']
[定位] 第 14 次：未找到标题匹配任一子串的窗口：接待、千牛
2026-03-29 17:15:21 | INFO | main | 定位尝试 14：未找到窗口 subs=['接待', '千牛']
[定位] 第 14 次：未找到标题匹配任一子串的窗口：接待、千牛
2026-03-29 17:15:22 | INFO | main | 定位尝试 14：未找到窗口 subs=['接待', '千牛']
[定位] 第 15 次：未找到标题匹配任一子串的窗口：接待、千牛
2026-03-29 17:15:23 | INFO | main | 定位尝试 15：未找到窗口 subs=['接待', '千牛']
[定位] 第 15 次：未找到标题匹配任一子串的窗口：接待、千牛
2026-03-29 17:15:24 | INFO | main | 定位尝试 15：未找到窗口 subs=['接待', '千牛']
重新定位失败，5s 后再试
重新定位失败，5s 后再试
[窗口丢失] 尝试重新定位…
2026-03-29 17:15:30 | WARNING | main | 窗口丢失，重新定位
[定位] 第 1 次：未找到标题匹配任一子串的窗口：接待、千牛
2026-03-29 17:15:30 | INFO | main | 定位尝试 1：未找到窗口 subs=['接待', '千牛']
[窗口丢失] 尝试重新定位…
2026-03-29 17:15:31 | WARNING | main | 窗口丢失，重新定位
[定位] 第 1 次：未找到标题匹配任一子串的窗口：接待、千牛
2026-03-29 17:15:31 | INFO | main | 定位尝试 1：未找到窗口 subs=['接待', '千牛']
[定位] 第 2 次：未找到标题匹配任一子串的窗口：接待、千牛
2026-03-29 17:15:32 | INFO | main | 定位尝试 2：未找到窗口 subs=['接待', '千牛']
[定位] 第 2 次：未找到标题匹配任一子串的窗口：接待、千牛
2026-03-29 17:15:33 | INFO | main | 定位尝试 2：未找到窗口 subs=['接待', '千牛']
[定位] 第 3 次：未找到标题匹配任一子串的窗口：接待、千牛
2026-03-29 17:15:34 | INFO | main | 定位尝试 3：未找到窗口 subs=['接待', '千牛']
[定位] 第 3 次：未找到标题匹配任一子串的窗口：接待、千牛
2026-03-29 17:15:35 | INFO | main | 定位尝试 3：未找到窗口 subs=['接待', '千牛']
[定位] 第 4 次：未找到标题匹配任一子串的窗口：接待、千牛
2026-03-29 17:15:36 | INFO | main | 定位尝试 4：未找到窗口 subs=['接待', '千牛']
[定位] 第 4 次：未找到标题匹配任一子串的窗口：接待、千牛
2026-03-29 17:15:37 | INFO | main | 定位尝试 4：未找到窗口 subs=['接待', '千牛']
[定位] 第 5 次：未找到标题匹配任一子串的窗口：接待、千牛
2026-03-29 17:15:38 | INFO | main | 定位尝试 5：未找到窗口 subs=['接待', '千牛']
[定位] 第 5 次：未找到标题匹配任一子串的窗口：接待、千牛
2026-03-29 17:15:39 | INFO | main | 定位尝试 5：未找到窗口 subs=['接待', '千牛']
[定位] 第 6 次：未找到标题匹配任一子串的窗口：接待、千牛
2026-03-29 17:15:40 | INFO | main | 定位尝试 6：未找到窗口 subs=['接待', '千牛']
[定位] 第 6 次：未找到标题匹配任一子串的窗口：接待、千牛
2026-03-29 17:15:41 | INFO | main | 定位尝试 6：未找到窗口 subs=['接待', '千牛']
[定位] 第 7 次：未找到标题匹配任一子串的窗口：接待、千牛
2026-03-29 17:15:42 | INFO | main | 定位尝试 7：未找到窗口 subs=['接待', '千牛']
[定位] 第 7 次：未找到标题匹配任一子串的窗口：接待、千牛
2026-03-29 17:15:43 | INFO | main | 定位尝试 7：未找到窗口 subs=['接待', '千牛']
[定位] 第 8 次：未找到标题匹配任一子串的窗口：接待、千牛
2026-03-29 17:15:44 | INFO | main | 定位尝试 8：未找到窗口 subs=['接待', '千牛']
[定位] 第 8 次：未找到标题匹配任一子串的窗口：接待、千牛
2026-03-29 17:15:45 | INFO | main | 定位尝试 8：未找到窗口 subs=['接待', '千牛']
[定位] 第 9 次：未找到标题匹配任一子串的窗口：接待、千牛
2026-03-29 17:15:46 | INFO | main | 定位尝试 9：未找到窗口 subs=['接待', '千牛']
[定位] 第 9 次：未找到标题匹配任一子串的窗口：接待、千牛
2026-03-29 17:15:48 | INFO | main | 定位尝试 9：未找到窗口 subs=['接待', '千牛']
[定位] 第 10 次：未找到标题匹配任一子串的窗口：接待、千牛
2026-03-29 17:15:49 | INFO | main | 定位尝试 10：未找到窗口 subs=['接待', '千牛']
[定位] 第 10 次：未找到标题匹配任一子串的窗口：接待、千牛
2026-03-29 17:15:50 | INFO | main | 定位尝试 10：未找到窗口 subs=['接待', '千牛']
[定位] 第 11 次：未找到标题匹配任一子串的窗口：接待、千牛
2026-03-29 17:15:51 | INFO | main | 定位尝试 11：未找到窗口 subs=['接待', '千牛']
[定位] 第 11 次：未找到标题匹配任一子串的窗口：接待、千牛
2026-03-29 17:15:52 | INFO | main | 定位尝试 11：未找到窗口 subs=['接待', '千牛']
[定位] 第 12 次：未找到标题匹配任一子串的窗口：接待、千牛
2026-03-29 17:15:53 | INFO | main | 定位尝试 12：未找到窗口 subs=['接待', '千牛']
[定位] 第 12 次：未找到标题匹配任一子串的窗口：接待、千牛
2026-03-29 17:15:54 | INFO | main | 定位尝试 12：未找到窗口 subs=['接待', '千牛']
[定位] 第 13 次：未找到标题匹配任一子串的窗口：接待、千牛
2026-03-29 17:15:55 | INFO | main | 定位尝试 13：未找到窗口 subs=['接待', '千牛']
[定位] 第 13 次：未找到标题匹配任一子串的窗口：接待、千牛
2026-03-29 17:15:56 | INFO | main | 定位尝试 13：未找到窗口 subs=['接待', '千牛']
[定位] 第 14 次：未找到标题匹配任一子串的窗口：接待、千牛
2026-03-29 17:15:57 | INFO | main | 定位尝试 14：未找到窗口 subs=['接待', '千牛']
[定位] 第 14 次：未找到标题匹配任一子串的窗口：接待、千牛
2026-03-29 17:15:58 | INFO | main | 定位尝试 14：未找到窗口 subs=['接待', '千牛']
[定位] 第 15 次：未找到标题匹配任一子串的窗口：接待、千牛
2026-03-29 17:15:59 | INFO | main | 定位尝试 15：未找到窗口 subs=['接待', '千牛']
[定位] 第 15 次：未找到标题匹配任一子串的窗口：接待、千牛
2026-03-29 17:16:00 | INFO | main | 定位尝试 15：未找到窗口 subs=['接待', '千牛']
重新定位失败，5s 后再试
重新定位失败，5s 后再试
2026-03-29 17:16:06 | INFO | main | [SOAK] 已运行 51.5 分钟，已处理 0 条消息
2026-03-29 17:16:06 | ERROR | main | [SOAK] 连续异常 ≥ 10，建议检查窗口状态，休眠 30 秒
2026-03-29 17:16:07 | INFO | main | [SOAK] 已运行 37.3 分钟，已处理 0 条消息
2026-03-29 17:16:07 | ERROR | main | [SOAK] 连续异常 ≥ 10，建议检查窗口状态，休眠 30 秒
[窗口丢失] 尝试重新定位…
2026-03-29 17:16:36 | WARNING | main | 窗口丢失，重新定位
[定位] 第 1 次：未找到标题匹配任一子串的窗口：接待、千牛
2026-03-29 17:16:36 | INFO | main | 定位尝试 1：未找到窗口 subs=['接待', '千牛']
[窗口丢失] 尝试重新定位…
2026-03-29 17:16:37 | WARNING | main | 窗口丢失，重新定位
[定位] 第 1 次：未找到标题匹配任一子串的窗口：接待、千牛
2026-03-29 17:16:37 | INFO | main | 定位尝试 1：未找到窗口 subs=['接待', '千牛']
[定位] 第 2 次：未找到标题匹配任一子串的窗口：接待、千牛
2026-03-29 17:16:38 | INFO | main | 定位尝试 2：未找到窗口 subs=['接待', '千牛']
[定位] 第 2 次：未找到标题匹配任一子串的窗口：接待、千牛
2026-03-29 17:16:39 | INFO | main | 定位尝试 2：未找到窗口 subs=['接待', '千牛']
[定位] 第 3 次：未找到标题匹配任一子串的窗口：接待、千牛
2026-03-29 17:16:40 | INFO | main | 定位尝试 3：未找到窗口 subs=['接待', '千牛']
[定位] 第 3 次：未找到标题匹配任一子串的窗口：接待、千牛
2026-03-29 17:16:41 | INFO | main | 定位尝试 3：未找到窗口 subs=['接待', '千牛']
[定位] 第 4 次：未找到标题匹配任一子串的窗口：接待、千牛
2026-03-29 17:16:42 | INFO | main | 定位尝试 4：未找到窗口 subs=['接待', '千牛']
[定位] 第 4 次：未找到标题匹配任一子串的窗口：接待、千牛
2026-03-29 17:16:43 | INFO | main | 定位尝试 4：未找到窗口 subs=['接待', '千牛']
[定位] 第 5 次：未找到标题匹配任一子串的窗口：接待、千牛
2026-03-29 17:16:44 | INFO | main | 定位尝试 5：未找到窗口 subs=['接待', '千牛']
[定位] 第 5 次：未找到标题匹配任一子串的窗口：接待、千牛
2026-03-29 17:16:45 | INFO | main | 定位尝试 5：未找到窗口 subs=['接待', '千牛']
[定位] 第 6 次：未找到标题匹配任一子串的窗口：接待、千牛
2026-03-29 17:16:46 | INFO | main | 定位尝试 6：未找到窗口 subs=['接待', '千牛']
[定位] 第 6 次：未找到标题匹配任一子串的窗口：接待、千牛
2026-03-29 17:16:47 | INFO | main | 定位尝试 6：未找到窗口 subs=['接待', '千牛']
[定位] 第 7 次：未找到标题匹配任一子串的窗口：接待、千牛
2026-03-29 17:16:48 | INFO | main | 定位尝试 7：未找到窗口 subs=['接待', '千牛']
[定位] 第 7 次：未找到标题匹配任一子串的窗口：接待、千牛
2026-03-29 17:16:49 | INFO | main | 定位尝试 7：未找到窗口 subs=['接待', '千牛']
[定位] 第 8 次：未找到标题匹配任一子串的窗口：接待、千牛
2026-03-29 17:16:50 | INFO | main | 定位尝试 8：未找到窗口 subs=['接待', '千牛']
[定位] 第 8 次：未找到标题匹配任一子串的窗口：接待、千牛
2026-03-29 17:16:52 | INFO | main | 定位尝试 8：未找到窗口 subs=['接待', '千牛']
[定位] 第 9 次：未找到标题匹配任一子串的窗口：接待、千牛
2026-03-29 17:16:52 | INFO | main | 定位尝试 9：未找到窗口 subs=['接待', '千牛']
[定位] 第 9 次：未找到标题匹配任一子串的窗口：接待、千牛
2026-03-29 17:16:54 | INFO | main | 定位尝试 9：未找到窗口 subs=['接待', '千牛']
[定位] 第 10 次：未找到标题匹配任一子串的窗口：接待、千牛
2026-03-29 17:16:55 | INFO | main | 定位尝试 10：未找到窗口 subs=['接待', '千牛']
[定位] 第 10 次：未找到标题匹配任一子串的窗口：接待、千牛
2026-03-29 17:16:56 | INFO | main | 定位尝试 10：未找到窗口 subs=['接待', '千牛']
[定位] 第 11 次：未找到标题匹配任一子串的窗口：接待、千牛
2026-03-29 17:16:57 | INFO | main | 定位尝试 11：未找到窗口 subs=['接待', '千牛']
[定位] 第 11 次：未找到标题匹配任一子串的窗口：接待、千牛
2026-03-29 17:16:58 | INFO | main | 定位尝试 11：未找到窗口 subs=['接待', '千牛']
[定位] 第 12 次：未找到标题匹配任一子串的窗口：接待、千牛
2026-03-29 17:16:59 | INFO | main | 定位尝试 12：未找到窗口 subs=['接待', '千牛']
[定位] 第 12 次：未找到标题匹配任一子串的窗口：接待、千牛
2026-03-29 17:17:00 | INFO | main | 定位尝试 12：未找到窗口 subs=['接待', '千牛']
[定位] 第 13 次：未找到标题匹配任一子串的窗口：接待、千牛
2026-03-29 17:17:01 | INFO | main | 定位尝试 13：未找到窗口 subs=['接待', '千牛']
[定位] 第 13 次：未找到标题匹配任一子串的窗口：接待、千牛
2026-03-29 17:17:02 | INFO | main | 定位尝试 13：未找到窗口 subs=['接待', '千牛']
[定位] 第 14 次：未找到标题匹配任一子串的窗口：接待、千牛
2026-03-29 17:17:03 | INFO | main | 定位尝试 14：未找到窗口 subs=['接待', '千牛']
[定位] 第 14 次：未找到标题匹配任一子串的窗口：接待、千牛
2026-03-29 17:17:04 | INFO | main | 定位尝试 14：未找到窗口 subs=['接待', '千牛']
[定位] 第 15 次：未找到标题匹配任一子串的窗口：接待、千牛
2026-03-29 17:17:05 | INFO | main | 定位尝试 15：未找到窗口 subs=['接待', '千牛']
[定位] 第 15 次：未找到标题匹配任一子串的窗口：接待、千牛
2026-03-29 17:17:06 | INFO | main | 定位尝试 15：未找到窗口 subs=['接待', '千牛']
重新定位失败，5s 后再试
重新定位失败，5s 后再试
[窗口丢失] 尝试重新定位…
2026-03-29 17:17:12 | WARNING | main | 窗口丢失，重新定位
[定位] 第 1 次：未找到标题匹配任一子串的窗口：接待、千牛
2026-03-29 17:17:12 | INFO | main | 定位尝试 1：未找到窗口 subs=['接待', '千牛']
[窗口丢失] 尝试重新定位…
2026-03-29 17:17:13 | WARNING | main | 窗口丢失，重新定位
[定位] 第 1 次：未找到标题匹配任一子串的窗口：接待、千牛
2026-03-29 17:17:13 | INFO | main | 定位尝试 1：未找到窗口 subs=['接待', '千牛']
[定位] 第 2 次：未找到标题匹配任一子串的窗口：接待、千牛
2026-03-29 17:17:14 | INFO | main | 定位尝试 2：未找到窗口 subs=['接待', '千牛']
[定位] 第 2 次：未找到标题匹配任一子串的窗口：接待、千牛
2026-03-29 17:17:15 | INFO | main | 定位尝试 2：未找到窗口 subs=['接待', '千牛']
[定位] 第 3 次：未找到标题匹配任一子串的窗口：接待、千牛
2026-03-29 17:17:16 | INFO | main | 定位尝试 3：未找到窗口 subs=['接待', '千牛']
[定位] 第 3 次：未找到标题匹配任一子串的窗口：接待、千牛
2026-03-29 17:17:17 | INFO | main | 定位尝试 3：未找到窗口 subs=['接待', '千牛']
[定位] 第 4 次：未找到标题匹配任一子串的窗口：接待、千牛
2026-03-29 17:17:18 | INFO | main | 定位尝试 4：未找到窗口 subs=['接待', '千牛']
[定位] 第 4 次：未找到标题匹配任一子串的窗口：接待、千牛
2026-03-29 17:17:20 | INFO | main | 定位尝试 4：未找到窗口 subs=['接待', '千牛']
[定位] 第 5 次：未找到标题匹配任一子串的窗口：接待、千牛
2026-03-29 17:17:20 | INFO | main | 定位尝试 5：未找到窗口 subs=['接待', '千牛']
[定位] 第 5 次：未找到标题匹配任一子串的窗口：接待、千牛
2026-03-29 17:17:22 | INFO | main | 定位尝试 5：未找到窗口 subs=['接待', '千牛']
[定位] 第 6 次：未找到标题匹配任一子串的窗口：接待、千牛
2026-03-29 17:17:22 | INFO | main | 定位尝试 6：未找到窗口 subs=['接待', '千牛']
[定位] 第 6 次：未找到标题匹配任一子串的窗口：接待、千牛
2026-03-29 17:17:24 | INFO | main | 定位尝试 6：未找到窗口 subs=['接待', '千牛']
[定位] 第 7 次：未找到标题匹配任一子串的窗口：接待、千牛
2026-03-29 17:17:24 | INFO | main | 定位尝试 7：未找到窗口 subs=['接待', '千牛']
[定位] 第 7 次：未找到标题匹配任一子串的窗口：接待、千牛
2026-03-29 17:17:26 | INFO | main | 定位尝试 7：未找到窗口 subs=['接待', '千牛']
[定位] 第 8 次：未找到标题匹配任一子串的窗口：接待、千牛
2026-03-29 17:17:27 | INFO | main | 定位尝试 8：未找到窗口 subs=['接待', '千牛']
[定位] 第 8 次：未找到标题匹配任一子串的窗口：接待、千牛
2026-03-29 17:17:28 | INFO | main | 定位尝试 8：未找到窗口 subs=['接待', '千牛']
[定位] 第 9 次：未找到标题匹配任一子串的窗口：接待、千牛
2026-03-29 17:17:29 | INFO | main | 定位尝试 9：未找到窗口 subs=['接待', '千牛']
[定位] 第 9 次：未找到标题匹配任一子串的窗口：接待、千牛
2026-03-29 17:17:30 | INFO | main | 定位尝试 9：未找到窗口 subs=['接待', '千牛']
[定位] 第 10 次：未找到标题匹配任一子串的窗口：接待、千牛
2026-03-29 17:17:31 | INFO | main | 定位尝试 10：未找到窗口 subs=['接待', '千牛']
[定位] 第 10 次：未找到标题匹配任一子串的窗口：接待、千牛
2026-03-29 17:17:32 | INFO | main | 定位尝试 10：未找到窗口 subs=['接待', '千牛']
[定位] 第 11 次：未找到标题匹配任一子串的窗口：接待、千牛
2026-03-29 17:17:33 | INFO | main | 定位尝试 11：未找到窗口 subs=['接待', '千牛']
[定位] 第 11 次：未找到标题匹配任一子串的窗口：接待、千牛
2026-03-29 17:17:34 | INFO | main | 定位尝试 11：未找到窗口 subs=['接待', '千牛']
[定位] 第 12 次：未找到标题匹配任一子串的窗口：接待、千牛
2026-03-29 17:17:35 | INFO | main | 定位尝试 12：未找到窗口 subs=['接待', '千牛']
[定位] 第 12 次：未找到标题匹配任一子串的窗口：接待、千牛
2026-03-29 17:17:36 | INFO | main | 定位尝试 12：未找到窗口 subs=['接待', '千牛']
[定位] 第 13 次：未找到标题匹配任一子串的窗口：接待、千牛
2026-03-29 17:17:37 | INFO | main | 定位尝试 13：未找到窗口 subs=['接待', '千牛']
[定位] 第 13 次：未找到标题匹配任一子串的窗口：接待、千牛
2026-03-29 17:17:38 | INFO | main | 定位尝试 13：未找到窗口 subs=['接待', '千牛']
[定位] 第 14 次：未找到标题匹配任一子串的窗口：接待、千牛
2026-03-29 17:17:39 | INFO | main | 定位尝试 14：未找到窗口 subs=['接待', '千牛']
[定位] 第 14 次：未找到标题匹配任一子串的窗口：接待、千牛
2026-03-29 17:17:40 | INFO | main | 定位尝试 14：未找到窗口 subs=['接待', '千牛']
[定位] 第 15 次：未找到标题匹配任一子串的窗口：接待、千牛
2026-03-29 17:17:41 | INFO | main | 定位尝试 15：未找到窗口 subs=['接待', '千牛']
[定位] 第 15 次：未找到标题匹配任一子串的窗口：接待、千牛
2026-03-29 17:17:43 | INFO | main | 定位尝试 15：未找到窗口 subs=['接待', '千牛']
重新定位失败，5s 后再试
重新定位失败，5s 后再试
[窗口丢失] 尝试重新定位…
2026-03-29 17:17:48 | WARNING | main | 窗口丢失，重新定位
[定位] 第 1 次：未找到标题匹配任一子串的窗口：接待、千牛
2026-03-29 17:17:48 | INFO | main | 定位尝试 1：未找到窗口 subs=['接待', '千牛']
[窗口丢失] 尝试重新定位…
2026-03-29 17:17:50 | WARNING | main | 窗口丢失，重新定位
[定位] 第 1 次：未找到标题匹配任一子串的窗口：接待、千牛
2026-03-29 17:17:50 | INFO | main | 定位尝试 1：未找到窗口 subs=['接待', '千牛']
[定位] 第 2 次：未找到标题匹配任一子串的窗口：接待、千牛
2026-03-29 17:17:50 | INFO | main | 定位尝试 2：未找到窗口 subs=['接待', '千牛']
[定位] 第 2 次：未找到标题匹配任一子串的窗口：接待、千牛
2026-03-29 17:17:52 | INFO | main | 定位尝试 2：未找到窗口 subs=['接待', '千牛']
[定位] 第 3 次：未找到标题匹配任一子串的窗口：接待、千牛
2026-03-29 17:17:52 | INFO | main | 定位尝试 3：未找到窗口 subs=['接待', '千牛']
[定位] 第 3 次：未找到标题匹配任一子串的窗口：接待、千牛
2026-03-29 17:17:54 | INFO | main | 定位尝试 3：未找到窗口 subs=['接待', '千牛']
[定位] 第 4 次：未找到标题匹配任一子串的窗口：接待、千牛
2026-03-29 17:17:55 | INFO | main | 定位尝试 4：未找到窗口 subs=['接待', '千牛']
[定位] 第 4 次：未找到标题匹配任一子串的窗口：接待、千牛
2026-03-29 17:17:56 | INFO | main | 定位尝试 4：未找到窗口 subs=['接待', '千牛']
[定位] 第 5 次：未找到标题匹配任一子串的窗口：接待、千牛
2026-03-29 17:17:57 | INFO | main | 定位尝试 5：未找到窗口 subs=['接待', '千牛']
[定位] 第 5 次：未找到标题匹配任一子串的窗口：接待、千牛
2026-03-29 17:17:58 | INFO | main | 定位尝试 5：未找到窗口 subs=['接待', '千牛']
[定位] 第 6 次：未找到标题匹配任一子串的窗口：接待、千牛
2026-03-29 17:17:59 | INFO | main | 定位尝试 6：未找到窗口 subs=['接待', '千牛']
[定位] 第 6 次：未找到标题匹配任一子串的窗口：接待、千牛
2026-03-29 17:18:00 | INFO | main | 定位尝试 6：未找到窗口 subs=['接待', '千牛']
[定位] 第 7 次：未找到标题匹配任一子串的窗口：接待、千牛
2026-03-29 17:18:01 | INFO | main | 定位尝试 7：未找到窗口 subs=['接待', '千牛']
[定位] 第 7 次：未找到标题匹配任一子串的窗口：接待、千牛
2026-03-29 17:18:02 | INFO | main | 定位尝试 7：未找到窗口 subs=['接待', '千牛']
[定位] 第 8 次：未找到标题匹配任一子串的窗口：接待、千牛
2026-03-29 17:18:03 | INFO | main | 定位尝试 8：未找到窗口 subs=['接待', '千牛']
[定位] 第 8 次：未找到标题匹配任一子串的窗口：接待、千牛
2026-03-29 17:18:04 | INFO | main | 定位尝试 8：未找到窗口 subs=['接待', '千牛']
[定位] 第 9 次：未找到标题匹配任一子串的窗口：接待、千牛
2026-03-29 17:18:05 | INFO | main | 定位尝试 9：未找到窗口 subs=['接待', '千牛']
[定位] 第 9 次：未找到标题匹配任一子串的窗口：接待、千牛
2026-03-29 17:18:06 | INFO | main | 定位尝试 9：未找到窗口 subs=['接待', '千牛']
[定位] 第 10 次：未找到标题匹配任一子串的窗口：接待、千牛
2026-03-29 17:18:07 | INFO | main | 定位尝试 10：未找到窗口 subs=['接待', '千牛']
[定位] 第 10 次：未找到标题匹配任一子串的窗口：接待、千牛
2026-03-29 17:18:08 | INFO | main | 定位尝试 10：未找到窗口 subs=['接待', '千牛']
[定位] 第 11 次：未找到标题匹配任一子串的窗口：接待、千牛
2026-03-29 17:18:09 | INFO | main | 定位尝试 11：未找到窗口 subs=['接待', '千牛']
[定位] 第 11 次：未找到标题匹配任一子串的窗口：接待、千牛
2026-03-29 17:18:10 | INFO | main | 定位尝试 11：未找到窗口 subs=['接待', '千牛']
[定位] 第 12 次：未找到标题匹配任一子串的窗口：接待、千牛
2026-03-29 17:18:11 | INFO | main | 定位尝试 12：未找到窗口 subs=['接待', '千牛']
[定位] 第 12 次：未找到标题匹配任一子串的窗口：接待、千牛
2026-03-29 17:18:13 | INFO | main | 定位尝试 12：未找到窗口 subs=['接待', '千牛']
[定位] 第 13 次：未找到标题匹配任一子串的窗口：接待、千牛
2026-03-29 17:18:13 | INFO | main | 定位尝试 13：未找到窗口 subs=['接待', '千牛']
[定位] 第 13 次：未找到标题匹配任一子串的窗口：接待、千牛
2026-03-29 17:18:15 | INFO | main | 定位尝试 13：未找到窗口 subs=['接待', '千牛']
[定位] 第 14 次：未找到标题匹配任一子串的窗口：接待、千牛
2026-03-29 17:18:15 | INFO | main | 定位尝试 14：未找到窗口 subs=['接待', '千牛']
[定位] 第 14 次：未找到标题匹配任一子串的窗口：接待、千牛
2026-03-29 17:18:17 | INFO | main | 定位尝试 14：未找到窗口 subs=['接待', '千牛']
[定位] 第 15 次：未找到标题匹配任一子串的窗口：接待、千牛
2026-03-29 17:18:17 | INFO | main | 定位尝试 15：未找到窗口 subs=['接待', '千牛']
[定位] 第 15 次：未找到标题匹配任一子串的窗口：接待、千牛
2026-03-29 17:18:19 | INFO | main | 定位尝试 15：未找到窗口 subs=['接待', '千牛']
重新定位失败，5s 后再试
重新定位失败，5s 后再试
[窗口丢失] 尝试重新定位…
2026-03-29 17:18:24 | WARNING | main | 窗口丢失，重新定位
[定位] 第 1 次：未找到标题匹配任一子串的窗口：接待、千牛
2026-03-29 17:18:24 | INFO | main | 定位尝试 1：未找到窗口 subs=['接待', '千牛']
[窗口丢失] 尝试重新定位…
2026-03-29 17:18:26 | WARNING | main | 窗口丢失，重新定位
[定位] 第 1 次：未找到标题匹配任一子串的窗口：接待、千牛
2026-03-29 17:18:26 | INFO | main | 定位尝试 1：未找到窗口 subs=['接待', '千牛']
[定位] 第 2 次：未找到标题匹配任一子串的窗口：接待、千牛
2026-03-29 17:18:27 | INFO | main | 定位尝试 2：未找到窗口 subs=['接待', '千牛']
[定位] 第 2 次：未找到标题匹配任一子串的窗口：接待、千牛
2026-03-29 17:18:28 | INFO | main | 定位尝试 2：未找到窗口 subs=['接待', '千牛']
[定位] 第 3 次：未找到标题匹配任一子串的窗口：接待、千牛
2026-03-29 17:18:29 | INFO | main | 定位尝试 3：未找到窗口 subs=['接待', '千牛']
[定位] 第 3 次：未找到标题匹配任一子串的窗口：接待、千牛
2026-03-29 17:18:30 | INFO | main | 定位尝试 3：未找到窗口 subs=['接待', '千牛']
[定位] 第 4 次：未找到标题匹配任一子串的窗口：接待、千牛
2026-03-29 17:18:31 | INFO | main | 定位尝试 4：未找到窗口 subs=['接待', '千牛']
[定位] 第 4 次：未找到标题匹配任一子串的窗口：接待、千牛
2026-03-29 17:18:32 | INFO | main | 定位尝试 4：未找到窗口 subs=['接待', '千牛']
[定位] 第 5 次：未找到标题匹配任一子串的窗口：接待、千牛
2026-03-29 17:18:33 | INFO | main | 定位尝试 5：未找到窗口 subs=['接待', '千牛']
[定位] 第 5 次：未找到标题匹配任一子串的窗口：接待、千牛
2026-03-29 17:18:34 | INFO | main | 定位尝试 5：未找到窗口 subs=['接待', '千牛']
[定位] 第 6 次：未找到标题匹配任一子串的窗口：接待、千牛
2026-03-29 17:18:35 | INFO | main | 定位尝试 6：未找到窗口 subs=['接待', '千牛']
[定位] 第 6 次：未找到标题匹配任一子串的窗口：接待、千牛
2026-03-29 17:18:36 | INFO | main | 定位尝试 6：未找到窗口 subs=['接待', '千牛']
[定位] 第 7 次：未找到标题匹配任一子串的窗口：接待、千牛
2026-03-29 17:18:37 | INFO | main | 定位尝试 7：未找到窗口 subs=['接待', '千牛']
[定位] 第 7 次：未找到标题匹配任一子串的窗口：接待、千牛
2026-03-29 17:18:38 | INFO | main | 定位尝试 7：未找到窗口 subs=['接待', '千牛']
[定位] 第 8 次：未找到标题匹配任一子串的窗口：接待、千牛
2026-03-29 17:18:39 | INFO | main | 定位尝试 8：未找到窗口 subs=['接待', '千牛']
[定位] 第 8 次：未找到标题匹配任一子串的窗口：接待、千牛
2026-03-29 17:18:40 | INFO | main | 定位尝试 8：未找到窗口 subs=['接待', '千牛']
[定位] 第 9 次：未找到标题匹配任一子串的窗口：接待、千牛
2026-03-29 17:18:41 | INFO | main | 定位尝试 9：未找到窗口 subs=['接待', '千牛']
[定位] 第 9 次：未找到标题匹配任一子串的窗口：接待、千牛
2026-03-29 17:18:43 | INFO | main | 定位尝试 9：未找到窗口 subs=['接待', '千牛']
[定位] 第 10 次：未找到标题匹配任一子串的窗口：接待、千牛
2026-03-29 17:18:43 | INFO | main | 定位尝试 10：未找到窗口 subs=['接待', '千牛']
[定位] 第 10 次：未找到标题匹配任一子串的窗口：接待、千牛
2026-03-29 17:18:45 | INFO | main | 定位尝试 10：未找到窗口 subs=['接待', '千牛']
[定位] 第 11 次：未找到标题匹配任一子串的窗口：接待、千牛
2026-03-29 17:18:45 | INFO | main | 定位尝试 11：未找到窗口 subs=['接待', '千牛']
[定位] 第 11 次：未找到标题匹配任一子串的窗口：接待、千牛
2026-03-29 17:18:47 | INFO | main | 定位尝试 11：未找到窗口 subs=['接待', '千牛']
[定位] 第 12 次：未找到标题匹配任一子串的窗口：接待、千牛
2026-03-29 17:18:47 | INFO | main | 定位尝试 12：未找到窗口 subs=['接待', '千牛']
[定位] 第 12 次：未找到标题匹配任一子串的窗口：接待、千牛
2026-03-29 17:18:49 | INFO | main | 定位尝试 12：未找到窗口 subs=['接待', '千牛']
[定位] 第 13 次：未找到标题匹配任一子串的窗口：接待、千牛
2026-03-29 17:18:49 | INFO | main | 定位尝试 13：未找到窗口 subs=['接待', '千牛']
[定位] 第 13 次：未找到标题匹配任一子串的窗口：接待、千牛
2026-03-29 17:18:51 | INFO | main | 定位尝试 13：未找到窗口 subs=['接待', '千牛']
[定位] 第 14 次：未找到标题匹配任一子串的窗口：接待、千牛
2026-03-29 17:18:51 | INFO | main | 定位尝试 14：未找到窗口 subs=['接待', '千牛']
[定位] 第 14 次：未找到标题匹配任一子串的窗口：接待、千牛
2026-03-29 17:18:53 | INFO | main | 定位尝试 14：未找到窗口 subs=['接待', '千牛']
[定位] 第 15 次：未找到标题匹配任一子串的窗口：接待、千牛
2026-03-29 17:18:53 | INFO | main | 定位尝试 15：未找到窗口 subs=['接待', '千牛']
[定位] 第 15 次：未找到标题匹配任一子串的窗口：接待、千牛
2026-03-29 17:18:55 | INFO | main | 定位尝试 15：未找到窗口 subs=['接待', '千牛']
重新定位失败，5s 后再试
重新定位失败，5s 后再试
[窗口丢失] 尝试重新定位…
2026-03-29 17:19:00 | WARNING | main | 窗口丢失，重新定位
[定位] 第 1 次：未找到标题匹配任一子串的窗口：接待、千牛
2026-03-29 17:19:01 | INFO | main | 定位尝试 1：未找到窗口 subs=['接待', '千牛']
[窗口丢失] 尝试重新定位…
2026-03-29 17:19:02 | WARNING | main | 窗口丢失，重新定位
[定位] 第 1 次：未找到标题匹配任一子串的窗口：接待、千牛
2026-03-29 17:19:02 | INFO | main | 定位尝试 1：未找到窗口 subs=['接待', '千牛']
[定位] 第 2 次：未找到标题匹配任一子串的窗口：接待、千牛
2026-03-29 17:19:03 | INFO | main | 定位尝试 2：未找到窗口 subs=['接待', '千牛']
[定位] 第 2 次：未找到标题匹配任一子串的窗口：接待、千牛
2026-03-29 17:19:04 | INFO | main | 定位尝试 2：未找到窗口 subs=['接待', '千牛']
[定位] 第 3 次：未找到标题匹配任一子串的窗口：接待、千牛
2026-03-29 17:19:05 | INFO | main | 定位尝试 3：未找到窗口 subs=['接待', '千牛']
[定位] 第 3 次：未找到标题匹配任一子串的窗口：接待、千牛
2026-03-29 17:19:06 | INFO | main | 定位尝试 3：未找到窗口 subs=['接待', '千牛']
[定位] 第 4 次：未找到标题匹配任一子串的窗口：接待、千牛
2026-03-29 17:19:07 | INFO | main | 定位尝试 4：未找到窗口 subs=['接待', '千牛']
[定位] 第 4 次：未找到标题匹配任一子串的窗口：接待、千牛
2026-03-29 17:19:08 | INFO | main | 定位尝试 4：未找到窗口 subs=['接待', '千牛']
[定位] 第 5 次：未找到标题匹配任一子串的窗口：接待、千牛
2026-03-29 17:19:09 | INFO | main | 定位尝试 5：未找到窗口 subs=['接待', '千牛']
[定位] 第 5 次：未找到标题匹配任一子串的窗口：接待、千牛
2026-03-29 17:19:10 | INFO | main | 定位尝试 5：未找到窗口 subs=['接待', '千牛']
[定位] 第 6 次：未找到标题匹配任一子串的窗口：接待、千牛
2026-03-29 17:19:11 | INFO | main | 定位尝试 6：未找到窗口 subs=['接待', '千牛']
[定位] 第 6 次：未找到标题匹配任一子串的窗口：接待、千牛
2026-03-29 17:19:12 | INFO | main | 定位尝试 6：未找到窗口 subs=['接待', '千牛']
[定位] 第 7 次：未找到标题匹配任一子串的窗口：接待、千牛
2026-03-29 17:19:13 | INFO | main | 定位尝试 7：未找到窗口 subs=['接待', '千牛']
[定位] 第 7 次：未找到标题匹配任一子串的窗口：接待、千牛
2026-03-29 17:19:14 | INFO | main | 定位尝试 7：未找到窗口 subs=['接待', '千牛']
[定位] 第 8 次：未找到标题匹配任一子串的窗口：接待、千牛
2026-03-29 17:19:15 | INFO | main | 定位尝试 8：未找到窗口 subs=['接待', '千牛']
[定位] 第 8 次：未找到标题匹配任一子串的窗口：接待、千牛
2026-03-29 17:19:16 | INFO | main | 定位尝试 8：未找到窗口 subs=['接待', '千牛']
[定位] 第 9 次：未找到标题匹配任一子串的窗口：接待、千牛
2026-03-29 17:19:17 | INFO | main | 定位尝试 9：未找到窗口 subs=['接待', '千牛']
[定位] 第 9 次：未找到标题匹配任一子串的窗口：接待、千牛
2026-03-29 17:19:19 | INFO | main | 定位尝试 9：未找到窗口 subs=['接待', '千牛']
[定位] 第 10 次：未找到标题匹配任一子串的窗口：接待、千牛
2026-03-29 17:19:19 | INFO | main | 定位尝试 10：未找到窗口 subs=['接待', '千牛']
[定位] 第 10 次：未找到标题匹配任一子串的窗口：接待、千牛
2026-03-29 17:19:21 | INFO | main | 定位尝试 10：未找到窗口 subs=['接待', '千牛']
[定位] 第 11 次：未找到标题匹配任一子串的窗口：接待、千牛
2026-03-29 17:19:21 | INFO | main | 定位尝试 11：未找到窗口 subs=['接待', '千牛']
[定位] 第 11 次：未找到标题匹配任一子串的窗口：接待、千牛
2026-03-29 17:19:23 | INFO | main | 定位尝试 11：未找到窗口 subs=['接待', '千牛']
[定位] 第 12 次：未找到标题匹配任一子串的窗口：接待、千牛
2026-03-29 17:19:23 | INFO | main | 定位尝试 12：未找到窗口 subs=['接待', '千牛']
[定位] 第 12 次：未找到标题匹配任一子串的窗口：接待、千牛
2026-03-29 17:19:25 | INFO | main | 定位尝试 12：未找到窗口 subs=['接待', '千牛']
[定位] 第 13 次：未找到标题匹配任一子串的窗口：接待、千牛
2026-03-29 17:19:25 | INFO | main | 定位尝试 13：未找到窗口 subs=['接待', '千牛']
[定位] 第 13 次：未找到标题匹配任一子串的窗口：接待、千牛
2026-03-29 17:19:27 | INFO | main | 定位尝试 13：未找到窗口 subs=['接待', '千牛']
[定位] 第 14 次：未找到标题匹配任一子串的窗口：接待、千牛
2026-03-29 17:19:27 | INFO | main | 定位尝试 14：未找到窗口 subs=['接待', '千牛']
[定位] 第 14 次：未找到标题匹配任一子串的窗口：接待、千牛
2026-03-29 17:19:29 | INFO | main | 定位尝试 14：未找到窗口 subs=['接待', '千牛']
[定位] 第 15 次：未找到标题匹配任一子串的窗口：接待、千牛
2026-03-29 17:19:30 | INFO | main | 定位尝试 15：未找到窗口 subs=['接待', '千牛']
[定位] 第 15 次：未找到标题匹配任一子串的窗口：接待、千牛
2026-03-29 17:19:31 | INFO | main | 定位尝试 15：未找到窗口 subs=['接待', '千牛']
重新定位失败，5s 后再试
重新定位失败，5s 后再试
[窗口丢失] 尝试重新定位…
2026-03-29 17:19:37 | WARNING | main | 窗口丢失，重新定位
[定位] 第 1 次：未找到标题匹配任一子串的窗口：接待、千牛
2026-03-29 17:19:37 | INFO | main | 定位尝试 1：未找到窗口 subs=['接待', '千牛']
[窗口丢失] 尝试重新定位…
2026-03-29 17:19:38 | WARNING | main | 窗口丢失，重新定位
[定位] 第 1 次：未找到标题匹配任一子串的窗口：接待、千牛
2026-03-29 17:19:38 | INFO | main | 定位尝试 1：未找到窗口 subs=['接待', '千牛']
[定位] 第 2 次：未找到标题匹配任一子串的窗口：接待、千牛
2026-03-29 17:19:39 | INFO | main | 定位尝试 2：未找到窗口 subs=['接待', '千牛']
[定位] 第 2 次：未找到标题匹配任一子串的窗口：接待、千牛
2026-03-29 17:19:40 | INFO | main | 定位尝试 2：未找到窗口 subs=['接待', '千牛']
[定位] 第 3 次：未找到标题匹配任一子串的窗口：接待、千牛
2026-03-29 17:19:41 | INFO | main | 定位尝试 3：未找到窗口 subs=['接待', '千牛']
[定位] 第 3 次：未找到标题匹配任一子串的窗口：接待、千牛
2026-03-29 17:19:42 | INFO | main | 定位尝试 3：未找到窗口 subs=['接待', '千牛']
[定位] 第 4 次：未找到标题匹配任一子串的窗口：接待、千牛
2026-03-29 17:19:43 | INFO | main | 定位尝试 4：未找到窗口 subs=['接待', '千牛']
[定位] 第 4 次：未找到标题匹配任一子串的窗口：接待、千牛
2026-03-29 17:19:44 | INFO | main | 定位尝试 4：未找到窗口 subs=['接待', '千牛']
[定位] 第 5 次：未找到标题匹配任一子串的窗口：接待、千牛
2026-03-29 17:19:45 | INFO | main | 定位尝试 5：未找到窗口 subs=['接待', '千牛']
[定位] 第 5 次：未找到标题匹配任一子串的窗口：接待、千牛
2026-03-29 17:19:46 | INFO | main | 定位尝试 5：未找到窗口 subs=['接待', '千牛']
[定位] 第 6 次：未找到标题匹配任一子串的窗口：接待、千牛
2026-03-29 17:19:47 | INFO | main | 定位尝试 6：未找到窗口 subs=['接待', '千牛']
[定位] 第 6 次：未找到标题匹配任一子串的窗口：接待、千牛
2026-03-29 17:19:48 | INFO | main | 定位尝试 6：未找到窗口 subs=['接待', '千牛']
[定位] 第 7 次：未找到标题匹配任一子串的窗口：接待、千牛
2026-03-29 17:19:49 | INFO | main | 定位尝试 7：未找到窗口 subs=['接待', '千牛']
[定位] 第 7 次：未找到标题匹配任一子串的窗口：接待、千牛
2026-03-29 17:19:50 | INFO | main | 定位尝试 7：未找到窗口 subs=['接待', '千牛']
[定位] 第 8 次：未找到标题匹配任一子串的窗口：接待、千牛
2026-03-29 17:19:51 | INFO | main | 定位尝试 8：未找到窗口 subs=['接待', '千牛']
[定位] 第 8 次：未找到标题匹配任一子串的窗口：接待、千牛
2026-03-29 17:19:52 | INFO | main | 定位尝试 8：未找到窗口 subs=['接待', '千牛']
[定位] 第 9 次：未找到标题匹配任一子串的窗口：接待、千牛
2026-03-29 17:19:53 | INFO | main | 定位尝试 9：未找到窗口 subs=['接待', '千牛']
[定位] 第 9 次：未找到标题匹配任一子串的窗口：接待、千牛
2026-03-29 17:19:54 | INFO | main | 定位尝试 9：未找到窗口 subs=['接待', '千牛']
[定位] 第 10 次：未找到标题匹配任一子串的窗口：接待、千牛
2026-03-29 17:19:55 | INFO | main | 定位尝试 10：未找到窗口 subs=['接待', '千牛']
[定位] 第 10 次：未找到标题匹配任一子串的窗口：接待、千牛
2026-03-29 17:19:56 | INFO | main | 定位尝试 10：未找到窗口 subs=['接待', '千牛']
[定位] 第 11 次：未找到标题匹配任一子串的窗口：接待、千牛
2026-03-29 17:19:57 | INFO | main | 定位尝试 11：未找到窗口 subs=['接待', '千牛']
[定位] 第 11 次：未找到标题匹配任一子串的窗口：接待、千牛
2026-03-29 17:19:58 | INFO | main | 定位尝试 11：未找到窗口 subs=['接待', '千牛']
[定位] 第 12 次：未找到标题匹配任一子串的窗口：接待、千牛
2026-03-29 17:19:59 | INFO | main | 定位尝试 12：未找到窗口 subs=['接待', '千牛']
[定位] 第 12 次：未找到标题匹配任一子串的窗口：接待、千牛
2026-03-29 17:20:01 | INFO | main | 定位尝试 12：未找到窗口 subs=['接待', '千牛']
[定位] 第 13 次：未找到标题匹配任一子串的窗口：接待、千牛
2026-03-29 17:20:01 | INFO | main | 定位尝试 13：未找到窗口 subs=['接待', '千牛']
[定位] 第 13 次：未找到标题匹配任一子串的窗口：接待、千牛
2026-03-29 17:20:03 | INFO | main | 定位尝试 13：未找到窗口 subs=['接待', '千牛']
[定位] 第 14 次：未找到标题匹配任一子串的窗口：接待、千牛
2026-03-29 17:20:03 | INFO | main | 定位尝试 14：未找到窗口 subs=['接待', '千牛']
[定位] 第 14 次：未找到标题匹配任一子串的窗口：接待、千牛
2026-03-29 17:20:05 | INFO | main | 定位尝试 14：未找到窗口 subs=['接待', '千牛']
[定位] 第 15 次：未找到标题匹配任一子串的窗口：接待、千牛
2026-03-29 17:20:05 | INFO | main | 定位尝试 15：未找到窗口 subs=['接待', '千牛']
[定位] 第 15 次：未找到标题匹配任一子串的窗口：接待、千牛
2026-03-29 17:20:07 | INFO | main | 定位尝试 15：未找到窗口 subs=['接待', '千牛']
重新定位失败，5s 后再试
重新定位失败，5s 后再试
[窗口丢失] 尝试重新定位…
2026-03-29 17:20:12 | WARNING | main | 窗口丢失，重新定位
[定位] 第 1 次：未找到标题匹配任一子串的窗口：接待、千牛
2026-03-29 17:20:12 | INFO | main | 定位尝试 1：未找到窗口 subs=['接待', '千牛']
[窗口丢失] 尝试重新定位…
2026-03-29 17:20:14 | WARNING | main | 窗口丢失，重新定位
[定位] 第 1 次：未找到标题匹配任一子串的窗口：接待、千牛
2026-03-29 17:20:14 | INFO | main | 定位尝试 1：未找到窗口 subs=['接待', '千牛']
[定位] 第 2 次：未找到标题匹配任一子串的窗口：接待、千牛
2026-03-29 17:20:14 | INFO | main | 定位尝试 2：未找到窗口 subs=['接待', '千牛']
[定位] 第 2 次：未找到标题匹配任一子串的窗口：接待、千牛
2026-03-29 17:20:16 | INFO | main | 定位尝试 2：未找到窗口 subs=['接待', '千牛']
[定位] 第 3 次：未找到标题匹配任一子串的窗口：接待、千牛
2026-03-29 17:20:16 | INFO | main | 定位尝试 3：未找到窗口 subs=['接待', '千牛']
[定位] 第 3 次：未找到标题匹配任一子串的窗口：接待、千牛
2026-03-29 17:20:18 | INFO | main | 定位尝试 3：未找到窗口 subs=['接待', '千牛']
[定位] 第 4 次：未找到标题匹配任一子串的窗口：接待、千牛
2026-03-29 17:20:19 | INFO | main | 定位尝试 4：未找到窗口 subs=['接待', '千牛']
[定位] 第 4 次：未找到标题匹配任一子串的窗口：接待、千牛
2026-03-29 17:20:20 | INFO | main | 定位尝试 4：未找到窗口 subs=['接待', '千牛']
[定位] 第 5 次：未找到标题匹配任一子串的窗口：接待、千牛
2026-03-29 17:20:21 | INFO | main | 定位尝试 5：未找到窗口 subs=['接待', '千牛']
[定位] 第 5 次：未找到标题匹配任一子串的窗口：接待、千牛
2026-03-29 17:20:22 | INFO | main | 定位尝试 5：未找到窗口 subs=['接待', '千牛']
[定位] 第 6 次：未找到标题匹配任一子串的窗口：接待、千牛
2026-03-29 17:20:23 | INFO | main | 定位尝试 6：未找到窗口 subs=['接待', '千牛']
[定位] 第 6 次：未找到标题匹配任一子串的窗口：接待、千牛
2026-03-29 17:20:24 | INFO | main | 定位尝试 6：未找到窗口 subs=['接待', '千牛']
[定位] 第 7 次：未找到标题匹配任一子串的窗口：接待、千牛
2026-03-29 17:20:25 | INFO | main | 定位尝试 7：未找到窗口 subs=['接待', '千牛']
[定位] 第 7 次：未找到标题匹配任一子串的窗口：接待、千牛
2026-03-29 17:20:26 | INFO | main | 定位尝试 7：未找到窗口 subs=['接待', '千牛']
[定位] 第 8 次：未找到标题匹配任一子串的窗口：接待、千牛
2026-03-29 17:20:27 | INFO | main | 定位尝试 8：未找到窗口 subs=['接待', '千牛']
[定位] 第 8 次：未找到标题匹配任一子串的窗口：接待、千牛
2026-03-29 17:20:28 | INFO | main | 定位尝试 8：未找到窗口 subs=['接待', '千牛']
[定位] 第 9 次：未找到标题匹配任一子串的窗口：接待、千牛
2026-03-29 17:20:29 | INFO | main | 定位尝试 9：未找到窗口 subs=['接待', '千牛']
[定位] 第 9 次：未找到标题匹配任一子串的窗口：接待、千牛
2026-03-29 17:20:30 | INFO | main | 定位尝试 9：未找到窗口 subs=['接待', '千牛']
[定位] 第 10 次：未找到标题匹配任一子串的窗口：接待、千牛
2026-03-29 17:20:31 | INFO | main | 定位尝试 10：未找到窗口 subs=['接待', '千牛']
[定位] 第 10 次：未找到标题匹配任一子串的窗口：接待、千牛
2026-03-29 17:20:32 | INFO | main | 定位尝试 10：未找到窗口 subs=['接待', '千牛']
[定位] 第 11 次：未找到标题匹配任一子串的窗口：接待、千牛
2026-03-29 17:20:33 | INFO | main | 定位尝试 11：未找到窗口 subs=['接待', '千牛']
[定位] 第 11 次：未找到标题匹配任一子串的窗口：接待、千牛
2026-03-29 17:20:34 | INFO | main | 定位尝试 11：未找到窗口 subs=['接待', '千牛']
[定位] 第 12 次：未找到标题匹配任一子串的窗口：接待、千牛
2026-03-29 17:20:35 | INFO | main | 定位尝试 12：未找到窗口 subs=['接待', '千牛']
[定位] 第 12 次：未找到标题匹配任一子串的窗口：接待、千牛
2026-03-29 17:20:36 | INFO | main | 定位尝试 12：未找到窗口 subs=['接待', '千牛']
[定位] 第 13 次：未找到标题匹配任一子串的窗口：接待、千牛
2026-03-29 17:20:37 | INFO | main | 定位尝试 13：未找到窗口 subs=['接待', '千牛']
[定位] 第 13 次：未找到标题匹配任一子串的窗口：接待、千牛
2026-03-29 17:20:38 | INFO | main | 定位尝试 13：未找到窗口 subs=['接待', '千牛']
[定位] 第 14 次：未找到标题匹配任一子串的窗口：接待、千牛
2026-03-29 17:20:39 | INFO | main | 定位尝试 14：未找到窗口 subs=['接待', '千牛']
[定位] 第 14 次：未找到标题匹配任一子串的窗口：接待、千牛
2026-03-29 17:20:40 | INFO | main | 定位尝试 14：未找到窗口 subs=['接待', '千牛']
[定位] 第 15 次：未找到标题匹配任一子串的窗口：接待、千牛
2026-03-29 17:20:41 | INFO | main | 定位尝试 15：未找到窗口 subs=['接待', '千牛']
[定位] 第 15 次：未找到标题匹配任一子串的窗口：接待、千牛
2026-03-29 17:20:42 | INFO | main | 定位尝试 15：未找到窗口 subs=['接待', '千牛']
重新定位失败，5s 后再试
重新定位失败，5s 后再试
[窗口丢失] 尝试重新定位…
2026-03-29 17:20:48 | WARNING | main | 窗口丢失，重新定位
[定位] 第 1 次：未找到标题匹配任一子串的窗口：接待、千牛
2026-03-29 17:20:48 | INFO | main | 定位尝试 1：未找到窗口 subs=['接待', '千牛']
[窗口丢失] 尝试重新定位…
2026-03-29 17:20:49 | WARNING | main | 窗口丢失，重新定位
[定位] 第 1 次：未找到标题匹配任一子串的窗口：接待、千牛
2026-03-29 17:20:49 | INFO | main | 定位尝试 1：未找到窗口 subs=['接待', '千牛']
[定位] 第 2 次：未找到标题匹配任一子串的窗口：接待、千牛
2026-03-29 17:20:50 | INFO | main | 定位尝试 2：未找到窗口 subs=['接待', '千牛']
[定位] 第 2 次：未找到标题匹配任一子串的窗口：接待、千牛
2026-03-29 17:20:51 | INFO | main | 定位尝试 2：未找到窗口 subs=['接待', '千牛']
[定位] 第 3 次：未找到标题匹配任一子串的窗口：接待、千牛
2026-03-29 17:20:52 | INFO | main | 定位尝试 3：未找到窗口 subs=['接待', '千牛']
[定位] 第 3 次：未找到标题匹配任一子串的窗口：接待、千牛
2026-03-29 17:20:54 | INFO | main | 定位尝试 3：未找到窗口 subs=['接待', '千牛']
[定位] 第 4 次：未找到标题匹配任一子串的窗口：接待、千牛
2026-03-29 17:20:54 | INFO | main | 定位尝试 4：未找到窗口 subs=['接待', '千牛']
[定位] 第 4 次：未找到标题匹配任一子串的窗口：接待、千牛
2026-03-29 17:20:56 | INFO | main | 定位尝试 4：未找到窗口 subs=['接待', '千牛']
[定位] 第 5 次：未找到标题匹配任一子串的窗口：接待、千牛
2026-03-29 17:20:56 | INFO | main | 定位尝试 5：未找到窗口 subs=['接待', '千牛']
[定位] 第 5 次：未找到标题匹配任一子串的窗口：接待、千牛
2026-03-29 17:20:58 | INFO | main | 定位尝试 5：未找到窗口 subs=['接待', '千牛']
[定位] 第 6 次：未找到标题匹配任一子串的窗口：接待、千牛
2026-03-29 17:20:58 | INFO | main | 定位尝试 6：未找到窗口 subs=['接待', '千牛']
[定位] 第 6 次：未找到标题匹配任一子串的窗口：接待、千牛
2026-03-29 17:21:00 | INFO | main | 定位尝试 6：未找到窗口 subs=['接待', '千牛']
[定位] 第 7 次：未找到标题匹配任一子串的窗口：接待、千牛
2026-03-29 17:21:00 | INFO | main | 定位尝试 7：未找到窗口 subs=['接待', '千牛']
[定位] 第 7 次：未找到标题匹配任一子串的窗口：接待、千牛
2026-03-29 17:21:02 | INFO | main | 定位尝试 7：未找到窗口 subs=['接待', '千牛']
[定位] 第 8 次：未找到标题匹配任一子串的窗口：接待、千牛
2026-03-29 17:21:03 | INFO | main | 定位尝试 8：未找到窗口 subs=['接待', '千牛']
[定位] 第 8 次：未找到标题匹配任一子串的窗口：接待、千牛
2026-03-29 17:21:04 | INFO | main | 定位尝试 8：未找到窗口 subs=['接待', '千牛']
[定位] 第 9 次：未找到标题匹配任一子串的窗口：接待、千牛
2026-03-29 17:21:05 | INFO | main | 定位尝试 9：未找到窗口 subs=['接待', '千牛']
[定位] 第 9 次：未找到标题匹配任一子串的窗口：接待、千牛
2026-03-29 17:21:06 | INFO | main | 定位尝试 9：未找到窗口 subs=['接待', '千牛']
[定位] 第 10 次：未找到标题匹配任一子串的窗口：接待、千牛
2026-03-29 17:21:07 | INFO | main | 定位尝试 10：未找到窗口 subs=['接待', '千牛']
[定位] 第 10 次：未找到标题匹配任一子串的窗口：接待、千牛
2026-03-29 17:21:08 | INFO | main | 定位尝试 10：未找到窗口 subs=['接待', '千牛']
[定位] 第 11 次：未找到标题匹配任一子串的窗口：接待、千牛
2026-03-29 17:21:09 | INFO | main | 定位尝试 11：未找到窗口 subs=['接待', '千牛']
[定位] 第 11 次：未找到标题匹配任一子串的窗口：接待、千牛
2026-03-29 17:21:10 | INFO | main | 定位尝试 11：未找到窗口 subs=['接待', '千牛']
[定位] 第 12 次：未找到标题匹配任一子串的窗口：接待、千牛
2026-03-29 17:21:11 | INFO | main | 定位尝试 12：未找到窗口 subs=['接待', '千牛']
[定位] 第 12 次：未找到标题匹配任一子串的窗口：接待、千牛
2026-03-29 17:21:12 | INFO | main | 定位尝试 12：未找到窗口 subs=['接待', '千牛']
[定位] 第 13 次：未找到标题匹配任一子串的窗口：接待、千牛
2026-03-29 17:21:13 | INFO | main | 定位尝试 13：未找到窗口 subs=['接待', '千牛']
[定位] 第 13 次：未找到标题匹配任一子串的窗口：接待、千牛
2026-03-29 17:21:14 | INFO | main | 定位尝试 13：未找到窗口 subs=['接待', '千牛']
[定位] 第 14 次：未找到标题匹配任一子串的窗口：接待、千牛
2026-03-29 17:21:15 | INFO | main | 定位尝试 14：未找到窗口 subs=['接待', '千牛']
[定位] 第 14 次：未找到标题匹配任一子串的窗口：接待、千牛
2026-03-29 17:21:16 | INFO | main | 定位尝试 14：未找到窗口 subs=['接待', '千牛']
[定位] 第 15 次：未找到标题匹配任一子串的窗口：接待、千牛
2026-03-29 17:21:17 | INFO | main | 定位尝试 15：未找到窗口 subs=['接待', '千牛']
[定位] 第 15 次：未找到标题匹配任一子串的窗口：接待、千牛
2026-03-29 17:21:18 | INFO | main | 定位尝试 15：未找到窗口 subs=['接待', '千牛']
重新定位失败，5s 后再试
重新定位失败，5s 后再试
2026-03-29 17:21:24 | INFO | main | [SOAK] 已运行 56.8 分钟，已处理 0 条消息
[窗口丢失] 尝试重新定位…
2026-03-29 17:21:24 | WARNING | main | 窗口丢失，重新定位
[定位] 第 1 次：未找到标题匹配任一子串的窗口：接待、千牛
2026-03-29 17:21:24 | INFO | main | 定位尝试 1：未找到窗口 subs=['接待', '千牛']
2026-03-29 17:21:25 | INFO | main | [SOAK] 已运行 42.6 分钟，已处理 0 条消息
[窗口丢失] 尝试重新定位…
2026-03-29 17:21:25 | WARNING | main | 窗口丢失，重新定位
[定位] 第 1 次：未找到标题匹配任一子串的窗口：接待、千牛
2026-03-29 17:21:25 | INFO | main | 定位尝试 1：未找到窗口 subs=['接待', '千牛']
[定位] 第 2 次：未找到标题匹配任一子串的窗口：接待、千牛
2026-03-29 17:21:26 | INFO | main | 定位尝试 2：未找到窗口 subs=['接待', '千牛']
[定位] 第 2 次：未找到标题匹配任一子串的窗口：接待、千牛
2026-03-29 17:21:27 | INFO | main | 定位尝试 2：未找到窗口 subs=['接待', '千牛']
[定位] 第 3 次：未找到标题匹配任一子串的窗口：接待、千牛
2026-03-29 17:21:28 | INFO | main | 定位尝试 3：未找到窗口 subs=['接待', '千牛']
[定位] 第 3 次：未找到标题匹配任一子串的窗口：接待、千牛
2026-03-29 17:21:29 | INFO | main | 定位尝试 3：未找到窗口 subs=['接待', '千牛']
[定位] 第 4 次：未找到标题匹配任一子串的窗口：接待、千牛
2026-03-29 17:21:30 | INFO | main | 定位尝试 4：未找到窗口 subs=['接待', '千牛']
[定位] 第 4 次：未找到标题匹配任一子串的窗口：接待、千牛
2026-03-29 17:21:31 | INFO | main | 定位尝试 4：未找到窗口 subs=['接待', '千牛']
[定位] 第 5 次：未找到标题匹配任一子串的窗口：接待、千牛
2026-03-29 17:21:32 | INFO | main | 定位尝试 5：未找到窗口 subs=['接待', '千牛']
[定位] 第 5 次：未找到标题匹配任一子串的窗口：接待、千牛
2026-03-29 17:21:33 | INFO | main | 定位尝试 5：未找到窗口 subs=['接待', '千牛']
[定位] 第 6 次：未找到标题匹配任一子串的窗口：接待、千牛
2026-03-29 17:21:34 | INFO | main | 定位尝试 6：未找到窗口 subs=['接待', '千牛']
[定位] 第 6 次：未找到标题匹配任一子串的窗口：接待、千牛
2026-03-29 17:21:35 | INFO | main | 定位尝试 6：未找到窗口 subs=['接待', '千牛']
[定位] 第 7 次：未找到标题匹配任一子串的窗口：接待、千牛
2026-03-29 17:21:36 | INFO | main | 定位尝试 7：未找到窗口 subs=['接待', '千牛']
[定位] 第 7 次：未找到标题匹配任一子串的窗口：接待、千牛
2026-03-29 17:21:38 | INFO | main | 定位尝试 7：未找到窗口 subs=['接待', '千牛']
[定位] 第 8 次：未找到标题匹配任一子串的窗口：接待、千牛
2026-03-29 17:21:38 | INFO | main | 定位尝试 8：未找到窗口 subs=['接待', '千牛']
[定位] 第 8 次：未找到标题匹配任一子串的窗口：接待、千牛
2026-03-29 17:21:40 | INFO | main | 定位尝试 8：未找到窗口 subs=['接待', '千牛']
[定位] 第 9 次：未找到标题匹配任一子串的窗口：接待、千牛
2026-03-29 17:21:40 | INFO | main | 定位尝试 9：未找到窗口 subs=['接待', '千牛']
[定位] 第 9 次：未找到标题匹配任一子串的窗口：接待、千牛
2026-03-29 17:21:42 | INFO | main | 定位尝试 9：未找到窗口 subs=['接待', '千牛']
[定位] 第 10 次：未找到标题匹配任一子串的窗口：接待、千牛
2026-03-29 17:21:42 | INFO | main | 定位尝试 10：未找到窗口 subs=['接待', '千牛']
[定位] 第 10 次：未找到标题匹配任一子串的窗口：接待、千牛
2026-03-29 17:21:44 | INFO | main | 定位尝试 10：未找到窗口 subs=['接待', '千牛']
[定位] 第 11 次：未找到标题匹配任一子串的窗口：接待、千牛
2026-03-29 17:21:44 | INFO | main | 定位尝试 11：未找到窗口 subs=['接待', '千牛']
[定位] 第 11 次：未找到标题匹配任一子串的窗口：接待、千牛
2026-03-29 17:21:46 | INFO | main | 定位尝试 11：未找到窗口 subs=['接待', '千牛']
[定位] 第 12 次：未找到标题匹配任一子串的窗口：接待、千牛
2026-03-29 17:21:46 | INFO | main | 定位尝试 12：未找到窗口 subs=['接待', '千牛']
[定位] 第 12 次：未找到标题匹配任一子串的窗口：接待、千牛
2026-03-29 17:21:48 | INFO | main | 定位尝试 12：未找到窗口 subs=['接待', '千牛']
[定位] 第 13 次：未找到标题匹配任一子串的窗口：接待、千牛
2026-03-29 17:21:48 | INFO | main | 定位尝试 13：未找到窗口 subs=['接待', '千牛']
[定位] 第 13 次：未找到标题匹配任一子串的窗口：接待、千牛
2026-03-29 17:21:50 | INFO | main | 定位尝试 13：未找到窗口 subs=['接待', '千牛']
[定位] 第 14 次：未找到标题匹配任一子串的窗口：接待、千牛
2026-03-29 17:21:51 | INFO | main | 定位尝试 14：未找到窗口 subs=['接待', '千牛']
[定位] 第 14 次：未找到标题匹配任一子串的窗口：接待、千牛
2026-03-29 17:21:52 | INFO | main | 定位尝试 14：未找到窗口 subs=['接待', '千牛']
[定位] 第 15 次：未找到标题匹配任一子串的窗口：接待、千牛
2026-03-29 17:21:53 | INFO | main | 定位尝试 15：未找到窗口 subs=['接待', '千牛']
[定位] 第 15 次：未找到标题匹配任一子串的窗口：接待、千牛
2026-03-29 17:21:54 | INFO | main | 定位尝试 15：未找到窗口 subs=['接待', '千牛']
重新定位失败，5s 后再试
重新定位失败，5s 后再试
[窗口丢失] 尝试重新定位…
2026-03-29 17:22:00 | WARNING | main | 窗口丢失，重新定位
[定位] 第 1 次：未找到标题匹配任一子串的窗口：接待、千牛
2026-03-29 17:22:00 | INFO | main | 定位尝试 1：未找到窗口 subs=['接待', '千牛']
[窗口丢失] 尝试重新定位…
2026-03-29 17:22:01 | WARNING | main | 窗口丢失，重新定位
[定位] 第 1 次：未找到标题匹配任一子串的窗口：接待、千牛
2026-03-29 17:22:01 | INFO | main | 定位尝试 1：未找到窗口 subs=['接待', '千牛']
[定位] 第 2 次：未找到标题匹配任一子串的窗口：接待、千牛
2026-03-29 17:22:02 | INFO | main | 定位尝试 2：未找到窗口 subs=['接待', '千牛']
[定位] 第 2 次：未找到标题匹配任一子串的窗口：接待、千牛
2026-03-29 17:22:03 | INFO | main | 定位尝试 2：未找到窗口 subs=['接待', '千牛']
[定位] 第 3 次：未找到标题匹配任一子串的窗口：接待、千牛
2026-03-29 17:22:04 | INFO | main | 定位尝试 3：未找到窗口 subs=['接待', '千牛']
[定位] 第 3 次：未找到标题匹配任一子串的窗口：接待、千牛
2026-03-29 17:22:05 | INFO | main | 定位尝试 3：未找到窗口 subs=['接待', '千牛']
[定位] 第 4 次：未找到标题匹配任一子串的窗口：接待、千牛
2026-03-29 17:22:06 | INFO | main | 定位尝试 4：未找到窗口 subs=['接待', '千牛']
[定位] 第 4 次：未找到标题匹配任一子串的窗口：接待、千牛
2026-03-29 17:22:07 | INFO | main | 定位尝试 4：未找到窗口 subs=['接待', '千牛']
[定位] 第 5 次：未找到标题匹配任一子串的窗口：接待、千牛
2026-03-29 17:22:08 | INFO | main | 定位尝试 5：未找到窗口 subs=['接待', '千牛']
[定位] 第 5 次：未找到标题匹配任一子串的窗口：接待、千牛
2026-03-29 17:22:09 | INFO | main | 定位尝试 5：未找到窗口 subs=['接待', '千牛']
[定位] 第 6 次：未找到标题匹配任一子串的窗口：接待、千牛
2026-03-29 17:22:10 | INFO | main | 定位尝试 6：未找到窗口 subs=['接待', '千牛']
[定位] 第 6 次：未找到标题匹配任一子串的窗口：接待、千牛
2026-03-29 17:22:11 | INFO | main | 定位尝试 6：未找到窗口 subs=['接待', '千牛']
[定位] 第 7 次：未找到标题匹配任一子串的窗口：接待、千牛
2026-03-29 17:22:12 | INFO | main | 定位尝试 7：未找到窗口 subs=['接待', '千牛']
[定位] 第 7 次：未找到标题匹配任一子串的窗口：接待、千牛
2026-03-29 17:22:13 | INFO | main | 定位尝试 7：未找到窗口 subs=['接待', '千牛']
[定位] 第 8 次：未找到标题匹配任一子串的窗口：接待、千牛
2026-03-29 17:22:14 | INFO | main | 定位尝试 8：未找到窗口 subs=['接待', '千牛']
[定位] 第 8 次：未找到标题匹配任一子串的窗口：接待、千牛
2026-03-29 17:22:15 | INFO | main | 定位尝试 8：未找到窗口 subs=['接待', '千牛']
[定位] 第 9 次：未找到标题匹配任一子串的窗口：接待、千牛
2026-03-29 17:22:16 | INFO | main | 定位尝试 9：未找到窗口 subs=['接待', '千牛']
[定位] 第 9 次：未找到标题匹配任一子串的窗口：接待、千牛
2026-03-29 17:22:17 | INFO | main | 定位尝试 9：未找到窗口 subs=['接待', '千牛']
[定位] 第 10 次：未找到标题匹配任一子串的窗口：接待、千牛
2026-03-29 17:22:18 | INFO | main | 定位尝试 10：未找到窗口 subs=['接待', '千牛']
[定位] 第 10 次：未找到标题匹配任一子串的窗口：接待、千牛
2026-03-29 17:22:19 | INFO | main | 定位尝试 10：未找到窗口 subs=['接待', '千牛']
[定位] 第 11 次：未找到标题匹配任一子串的窗口：接待、千牛
2026-03-29 17:22:20 | INFO | main | 定位尝试 11：未找到窗口 subs=['接待', '千牛']
[定位] 第 11 次：未找到标题匹配任一子串的窗口：接待、千牛
2026-03-29 17:22:22 | INFO | main | 定位尝试 11：未找到窗口 subs=['接待', '千牛']
[定位] 第 12 次：未找到标题匹配任一子串的窗口：接待、千牛
2026-03-29 17:22:22 | INFO | main | 定位尝试 12：未找到窗口 subs=['接待', '千牛']
[定位] 第 12 次：未找到标题匹配任一子串的窗口：接待、千牛
2026-03-29 17:22:24 | INFO | main | 定位尝试 12：未找到窗口 subs=['接待', '千牛']
[定位] 第 13 次：未找到标题匹配任一子串的窗口：接待、千牛
2026-03-29 17:22:24 | INFO | main | 定位尝试 13：未找到窗口 subs=['接待', '千牛']
[定位] 第 13 次：未找到标题匹配任一子串的窗口：接待、千牛
2026-03-29 17:22:26 | INFO | main | 定位尝试 13：未找到窗口 subs=['接待', '千牛']
[定位] 第 14 次：未找到标题匹配任一子串的窗口：接待、千牛
2026-03-29 17:22:26 | INFO | main | 定位尝试 14：未找到窗口 subs=['接待', '千牛']
[定位] 第 14 次：未找到标题匹配任一子串的窗口：接待、千牛
2026-03-29 17:22:28 | INFO | main | 定位尝试 14：未找到窗口 subs=['接待', '千牛']
[定位] 第 15 次：未找到标题匹配任一子串的窗口：接待、千牛
2026-03-29 17:22:28 | INFO | main | 定位尝试 15：未找到窗口 subs=['接待', '千牛']
[定位] 第 15 次：未找到标题匹配任一子串的窗口：接待、千牛
2026-03-29 17:22:30 | INFO | main | 定位尝试 15：未找到窗口 subs=['接待', '千牛']
重新定位失败，5s 后再试
重新定位失败，5s 后再试
2026-03-29 17:22:35 | ERROR | main | [SOAK] 连续异常 ≥ 10，建议检查窗口状态，休眠 30 秒
2026-03-29 17:22:37 | ERROR | main | [SOAK] 连续异常 ≥ 10，建议检查窗口状态，休眠 30 秒
[窗口丢失] 尝试重新定位…
2026-03-29 17:23:05 | WARNING | main | 窗口丢失，重新定位
[定位] 第 1 次：未找到标题匹配任一子串的窗口：接待、千牛
2026-03-29 17:23:05 | INFO | main | 定位尝试 1：未找到窗口 subs=['接待', '千牛']
[窗口丢失] 尝试重新定位…
2026-03-29 17:23:07 | WARNING | main | 窗口丢失，重新定位
[定位] 第 1 次：未找到标题匹配任一子串的窗口：接待、千牛
2026-03-29 17:23:07 | INFO | main | 定位尝试 1：未找到窗口 subs=['接待', '千牛']
[定位] 第 2 次：未找到标题匹配任一子串的窗口：接待、千牛
2026-03-29 17:23:07 | INFO | main | 定位尝试 2：未找到窗口 subs=['接待', '千牛']
[定位] 第 2 次：未找到标题匹配任一子串的窗口：接待、千牛
2026-03-29 17:23:09 | INFO | main | 定位尝试 2：未找到窗口 subs=['接待', '千牛']
[定位] 第 3 次：未找到标题匹配任一子串的窗口：接待、千牛
2026-03-29 17:23:09 | INFO | main | 定位尝试 3：未找到窗口 subs=['接待', '千牛']
[定位] 第 3 次：未找到标题匹配任一子串的窗口：接待、千牛
2026-03-29 17:23:11 | INFO | main | 定位尝试 3：未找到窗口 subs=['接待', '千牛']
[定位] 第 4 次：未找到标题匹配任一子串的窗口：接待、千牛
2026-03-29 17:23:11 | INFO | main | 定位尝试 4：未找到窗口 subs=['接待', '千牛']
[定位] 第 4 次：未找到标题匹配任一子串的窗口：接待、千牛
2026-03-29 17:23:13 | INFO | main | 定位尝试 4：未找到窗口 subs=['接待', '千牛']
[定位] 第 5 次：未找到标题匹配任一子串的窗口：接待、千牛
2026-03-29 17:23:13 | INFO | main | 定位尝试 5：未找到窗口 subs=['接待', '千牛']
[定位] 第 5 次：未找到标题匹配任一子串的窗口：接待、千牛
2026-03-29 17:23:15 | INFO | main | 定位尝试 5：未找到窗口 subs=['接待', '千牛']
[定位] 第 6 次：未找到标题匹配任一子串的窗口：接待、千牛
2026-03-29 17:23:16 | INFO | main | 定位尝试 6：未找到窗口 subs=['接待', '千牛']
[定位] 第 6 次：未找到标题匹配任一子串的窗口：接待、千牛
2026-03-29 17:23:17 | INFO | main | 定位尝试 6：未找到窗口 subs=['接待', '千牛']
[定位] 第 7 次：未找到标题匹配任一子串的窗口：接待、千牛
2026-03-29 17:23:18 | INFO | main | 定位尝试 7：未找到窗口 subs=['接待', '千牛']
[定位] 第 7 次：未找到标题匹配任一子串的窗口：接待、千牛
2026-03-29 17:23:19 | INFO | main | 定位尝试 7：未找到窗口 subs=['接待', '千牛']
[定位] 第 8 次：未找到标题匹配任一子串的窗口：接待、千牛
2026-03-29 17:23:20 | INFO | main | 定位尝试 8：未找到窗口 subs=['接待', '千牛']
[定位] 第 8 次：未找到标题匹配任一子串的窗口：接待、千牛
2026-03-29 17:23:21 | INFO | main | 定位尝试 8：未找到窗口 subs=['接待', '千牛']
[定位] 第 9 次：未找到标题匹配任一子串的窗口：接待、千牛
2026-03-29 17:23:22 | INFO | main | 定位尝试 9：未找到窗口 subs=['接待', '千牛']
[定位] 第 9 次：未找到标题匹配任一子串的窗口：接待、千牛
2026-03-29 17:23:23 | INFO | main | 定位尝试 9：未找到窗口 subs=['接待', '千牛']
[定位] 第 10 次：未找到标题匹配任一子串的窗口：接待、千牛
2026-03-29 17:23:24 | INFO | main | 定位尝试 10：未找到窗口 subs=['接待', '千牛']
[定位] 第 10 次：未找到标题匹配任一子串的窗口：接待、千牛
2026-03-29 17:23:25 | INFO | main | 定位尝试 10：未找到窗口 subs=['接待', '千牛']
[定位] 第 11 次：未找到标题匹配任一子串的窗口：接待、千牛
2026-03-29 17:23:26 | INFO | main | 定位尝试 11：未找到窗口 subs=['接待', '千牛']
[定位] 第 11 次：未找到标题匹配任一子串的窗口：接待、千牛
2026-03-29 17:23:27 | INFO | main | 定位尝试 11：未找到窗口 subs=['接待', '千牛']
[定位] 第 12 次：未找到标题匹配任一子串的窗口：接待、千牛
2026-03-29 17:23:28 | INFO | main | 定位尝试 12：未找到窗口 subs=['接待', '千牛']
[定位] 第 12 次：未找到标题匹配任一子串的窗口：接待、千牛
2026-03-29 17:23:29 | INFO | main | 定位尝试 12：未找到窗口 subs=['接待', '千牛']
[定位] 第 13 次：未找到标题匹配任一子串的窗口：接待、千牛
2026-03-29 17:23:30 | INFO | main | 定位尝试 13：未找到窗口 subs=['接待', '千牛']
[定位] 第 13 次：未找到标题匹配任一子串的窗口：接待、千牛
2026-03-29 17:23:31 | INFO | main | 定位尝试 13：未找到窗口 subs=['接待', '千牛']
[定位] 第 14 次：未找到标题匹配任一子串的窗口：接待、千牛
2026-03-29 17:23:32 | INFO | main | 定位尝试 14：未找到窗口 subs=['接待', '千牛']
[定位] 第 14 次：未找到标题匹配任一子串的窗口：接待、千牛
2026-03-29 17:23:33 | INFO | main | 定位尝试 14：未找到窗口 subs=['接待', '千牛']
[定位] 第 15 次：未找到标题匹配任一子串的窗口：接待、千牛
2026-03-29 17:23:34 | INFO | main | 定位尝试 15：未找到窗口 subs=['接待', '千牛']
[定位] 第 15 次：未找到标题匹配任一子串的窗口：接待、千牛
2026-03-29 17:23:35 | INFO | main | 定位尝试 15：未找到窗口 subs=['接待', '千牛']
重新定位失败，5s 后再试
重新定位失败，5s 后再试
[窗口丢失] 尝试重新定位…
2026-03-29 17:23:41 | WARNING | main | 窗口丢失，重新定位
[定位] 第 1 次：未找到标题匹配任一子串的窗口：接待、千牛
2026-03-29 17:23:41 | INFO | main | 定位尝试 1：未找到窗口 subs=['接待', '千牛']
[窗口丢失] 尝试重新定位…
2026-03-29 17:23:42 | WARNING | main | 窗口丢失，重新定位
[定位] 第 1 次：未找到标题匹配任一子串的窗口：接待、千牛
2026-03-29 17:23:42 | INFO | main | 定位尝试 1：未找到窗口 subs=['接待', '千牛']
[定位] 第 2 次：未找到标题匹配任一子串的窗口：接待、千牛
2026-03-29 17:23:43 | INFO | main | 定位尝试 2：未找到窗口 subs=['接待', '千牛']
[定位] 第 2 次：未找到标题匹配任一子串的窗口：接待、千牛
2026-03-29 17:23:45 | INFO | main | 定位尝试 2：未找到窗口 subs=['接待', '千牛']
[定位] 第 3 次：未找到标题匹配任一子串的窗口：接待、千牛
2026-03-29 17:23:45 | INFO | main | 定位尝试 3：未找到窗口 subs=['接待', '千牛']
[定位] 第 3 次：未找到标题匹配任一子串的窗口：接待、千牛
2026-03-29 17:23:47 | INFO | main | 定位尝试 3：未找到窗口 subs=['接待', '千牛']
[定位] 第 4 次：未找到标题匹配任一子串的窗口：接待、千牛
2026-03-29 17:23:47 | INFO | main | 定位尝试 4：未找到窗口 subs=['接待', '千牛']
[定位] 第 4 次：未找到标题匹配任一子串的窗口：接待、千牛
2026-03-29 17:23:49 | INFO | main | 定位尝试 4：未找到窗口 subs=['接待', '千牛']
[定位] 第 5 次：未找到标题匹配任一子串的窗口：接待、千牛
2026-03-29 17:23:49 | INFO | main | 定位尝试 5：未找到窗口 subs=['接待', '千牛']
[定位] 第 5 次：未找到标题匹配任一子串的窗口：接待、千牛
2026-03-29 17:23:51 | INFO | main | 定位尝试 5：未找到窗口 subs=['接待', '千牛']
[定位] 第 6 次：未找到标题匹配任一子串的窗口：接待、千牛
2026-03-29 17:23:52 | INFO | main | 定位尝试 6：未找到窗口 subs=['接待', '千牛']
[定位] 第 6 次：未找到标题匹配任一子串的窗口：接待、千牛
2026-03-29 17:23:53 | INFO | main | 定位尝试 6：未找到窗口 subs=['接待', '千牛']
[定位] 第 7 次：未找到标题匹配任一子串的窗口：接待、千牛
2026-03-29 17:23:54 | INFO | main | 定位尝试 7：未找到窗口 subs=['接待', '千牛']
[定位] 第 7 次：未找到标题匹配任一子串的窗口：接待、千牛
2026-03-29 17:23:55 | INFO | main | 定位尝试 7：未找到窗口 subs=['接待', '千牛']
[定位] 第 8 次：未找到标题匹配任一子串的窗口：接待、千牛
2026-03-29 17:23:56 | INFO | main | 定位尝试 8：未找到窗口 subs=['接待', '千牛']
[定位] 第 8 次：未找到标题匹配任一子串的窗口：接待、千牛
2026-03-29 17:23:57 | INFO | main | 定位尝试 8：未找到窗口 subs=['接待', '千牛']
[定位] 第 9 次：未找到标题匹配任一子串的窗口：接待、千牛
2026-03-29 17:23:58 | INFO | main | 定位尝试 9：未找到窗口 subs=['接待', '千牛']
[定位] 第 9 次：未找到标题匹配任一子串的窗口：接待、千牛
2026-03-29 17:23:59 | INFO | main | 定位尝试 9：未找到窗口 subs=['接待', '千牛']
[定位] 第 10 次：未找到标题匹配任一子串的窗口：接待、千牛
2026-03-29 17:24:00 | INFO | main | 定位尝试 10：未找到窗口 subs=['接待', '千牛']
[定位] 第 10 次：未找到标题匹配任一子串的窗口：接待、千牛
2026-03-29 17:24:01 | INFO | main | 定位尝试 10：未找到窗口 subs=['接待', '千牛']
[定位] 第 11 次：未找到标题匹配任一子串的窗口：接待、千牛
2026-03-29 17:24:02 | INFO | main | 定位尝试 11：未找到窗口 subs=['接待', '千牛']
[定位] 第 11 次：未找到标题匹配任一子串的窗口：接待、千牛
2026-03-29 17:24:03 | INFO | main | 定位尝试 11：未找到窗口 subs=['接待', '千牛']
[定位] 第 12 次：未找到标题匹配任一子串的窗口：接待、千牛
2026-03-29 17:24:04 | INFO | main | 定位尝试 12：未找到窗口 subs=['接待', '千牛']
[定位] 第 12 次：未找到标题匹配任一子串的窗口：接待、千牛
2026-03-29 17:24:05 | INFO | main | 定位尝试 12：未找到窗口 subs=['接待', '千牛']
[定位] 第 13 次：未找到标题匹配任一子串的窗口：接待、千牛
2026-03-29 17:24:06 | INFO | main | 定位尝试 13：未找到窗口 subs=['接待', '千牛']
[定位] 第 13 次：未找到标题匹配任一子串的窗口：接待、千牛
2026-03-29 17:24:07 | INFO | main | 定位尝试 13：未找到窗口 subs=['接待', '千牛']
[定位] 第 14 次：未找到标题匹配任一子串的窗口：接待、千牛
2026-03-29 17:24:08 | INFO | main | 定位尝试 14：未找到窗口 subs=['接待', '千牛']
[定位] 第 14 次：未找到标题匹配任一子串的窗口：接待、千牛
2026-03-29 17:24:09 | INFO | main | 定位尝试 14：未找到窗口 subs=['接待', '千牛']
[定位] 第 15 次：未找到标题匹配任一子串的窗口：接待、千牛
2026-03-29 17:24:10 | INFO | main | 定位尝试 15：未找到窗口 subs=['接待', '千牛']
[定位] 第 15 次：未找到标题匹配任一子串的窗口：接待、千牛
2026-03-29 17:24:11 | INFO | main | 定位尝试 15：未找到窗口 subs=['接待', '千牛']
重新定位失败，5s 后再试
重新定位失败，5s 后再试
[窗口丢失] 尝试重新定位…
2026-03-29 17:24:17 | WARNING | main | 窗口丢失，重新定位
[定位] 第 1 次：未找到标题匹配任一子串的窗口：接待、千牛
2026-03-29 17:24:17 | INFO | main | 定位尝试 1：未找到窗口 subs=['接待', '千牛']
[窗口丢失] 尝试重新定位…
2026-03-29 17:24:18 | WARNING | main | 窗口丢失，重新定位
[定位] 第 1 次：未找到标题匹配任一子串的窗口：接待、千牛
2026-03-29 17:24:18 | INFO | main | 定位尝试 1：未找到窗口 subs=['接待', '千牛']
[定位] 第 2 次：未找到标题匹配任一子串的窗口：接待、千牛
2026-03-29 17:24:19 | INFO | main | 定位尝试 2：未找到窗口 subs=['接待', '千牛']
[定位] 第 2 次：未找到标题匹配任一子串的窗口：接待、千牛
2026-03-29 17:24:21 | INFO | main | 定位尝试 2：未找到窗口 subs=['接待', '千牛']
[定位] 第 3 次：未找到标题匹配任一子串的窗口：接待、千牛
2026-03-29 17:24:21 | INFO | main | 定位尝试 3：未找到窗口 subs=['接待', '千牛']
[定位] 第 3 次：未找到标题匹配任一子串的窗口：接待、千牛
2026-03-29 17:24:23 | INFO | main | 定位尝试 3：未找到窗口 subs=['接待', '千牛']
[定位] 第 4 次：未找到标题匹配任一子串的窗口：接待、千牛
2026-03-29 17:24:23 | INFO | main | 定位尝试 4：未找到窗口 subs=['接待', '千牛']
[定位] 第 4 次：未找到标题匹配任一子串的窗口：接待、千牛
2026-03-29 17:24:25 | INFO | main | 定位尝试 4：未找到窗口 subs=['接待', '千牛']
[定位] 第 5 次：未找到标题匹配任一子串的窗口：接待、千牛
2026-03-29 17:24:25 | INFO | main | 定位尝试 5：未找到窗口 subs=['接待', '千牛']
[定位] 第 5 次：未找到标题匹配任一子串的窗口：接待、千牛
2026-03-29 17:24:27 | INFO | main | 定位尝试 5：未找到窗口 subs=['接待', '千牛']
[定位] 第 6 次：未找到标题匹配任一子串的窗口：接待、千牛
2026-03-29 17:24:27 | INFO | main | 定位尝试 6：未找到窗口 subs=['接待', '千牛']
[定位] 第 6 次：未找到标题匹配任一子串的窗口：接待、千牛
2026-03-29 17:24:29 | INFO | main | 定位尝试 6：未找到窗口 subs=['接待', '千牛']
[定位] 第 7 次：未找到标题匹配任一子串的窗口：接待、千牛
2026-03-29 17:24:29 | INFO | main | 定位尝试 7：未找到窗口 subs=['接待', '千牛']
[定位] 第 7 次：未找到标题匹配任一子串的窗口：接待、千牛
2026-03-29 17:24:31 | INFO | main | 定位尝试 7：未找到窗口 subs=['接待', '千牛']
[定位] 第 8 次：未找到标题匹配任一子串的窗口：接待、千牛
2026-03-29 17:24:31 | INFO | main | 定位尝试 8：未找到窗口 subs=['接待', '千牛']
[定位] 第 8 次：未找到标题匹配任一子串的窗口：接待、千牛
2026-03-29 17:24:33 | INFO | main | 定位尝试 8：未找到窗口 subs=['接待', '千牛']
[定位] 第 9 次：未找到标题匹配任一子串的窗口：接待、千牛
2026-03-29 17:24:33 | INFO | main | 定位尝试 9：未找到窗口 subs=['接待', '千牛']
[定位] 第 9 次：未找到标题匹配任一子串的窗口：接待、千牛
2026-03-29 17:24:35 | INFO | main | 定位尝试 9：未找到窗口 subs=['接待', '千牛']
[定位] 第 10 次：未找到标题匹配任一子串的窗口：接待、千牛
2026-03-29 17:24:35 | INFO | main | 定位尝试 10：未找到窗口 subs=['接待', '千牛']
[定位] 第 10 次：未找到标题匹配任一子串的窗口：接待、千牛
2026-03-29 17:24:37 | INFO | main | 定位尝试 10：未找到窗口 subs=['接待', '千牛']
[定位] 第 11 次：未找到标题匹配任一子串的窗口：接待、千牛
2026-03-29 17:24:37 | INFO | main | 定位尝试 11：未找到窗口 subs=['接待', '千牛']
[定位] 第 11 次：未找到标题匹配任一子串的窗口：接待、千牛
2026-03-29 17:24:39 | INFO | main | 定位尝试 11：未找到窗口 subs=['接待', '千牛']
[定位] 第 12 次：未找到标题匹配任一子串的窗口：接待、千牛
2026-03-29 17:24:40 | INFO | main | 定位尝试 12：未找到窗口 subs=['接待', '千牛']
[定位] 第 12 次：未找到标题匹配任一子串的窗口：接待、千牛
2026-03-29 17:24:41 | INFO | main | 定位尝试 12：未找到窗口 subs=['接待', '千牛']
[定位] 第 13 次：未找到标题匹配任一子串的窗口：接待、千牛
2026-03-29 17:24:42 | INFO | main | 定位尝试 13：未找到窗口 subs=['接待', '千牛']
[定位] 第 13 次：未找到标题匹配任一子串的窗口：接待、千牛
2026-03-29 17:24:43 | INFO | main | 定位尝试 13：未找到窗口 subs=['接待', '千牛']
[定位] 第 14 次：未找到标题匹配任一子串的窗口：接待、千牛
2026-03-29 17:24:44 | INFO | main | 定位尝试 14：未找到窗口 subs=['接待', '千牛']
[定位] 第 14 次：未找到标题匹配任一子串的窗口：接待、千牛
2026-03-29 17:24:45 | INFO | main | 定位尝试 14：未找到窗口 subs=['接待', '千牛']
[定位] 第 15 次：未找到标题匹配任一子串的窗口：接待、千牛
2026-03-29 17:24:46 | INFO | main | 定位尝试 15：未找到窗口 subs=['接待', '千牛']
[定位] 第 15 次：未找到标题匹配任一子串的窗口：接待、千牛
2026-03-29 17:24:47 | INFO | main | 定位尝试 15：未找到窗口 subs=['接待', '千牛']
重新定位失败，5s 后再试
重新定位失败，5s 后再试
[窗口丢失] 尝试重新定位…
2026-03-29 17:24:53 | WARNING | main | 窗口丢失，重新定位
[定位] 第 1 次：未找到标题匹配任一子串的窗口：接待、千牛
2026-03-29 17:24:53 | INFO | main | 定位尝试 1：未找到窗口 subs=['接待', '千牛']
[窗口丢失] 尝试重新定位…
2026-03-29 17:24:54 | WARNING | main | 窗口丢失，重新定位
[定位] 第 1 次：未找到标题匹配任一子串的窗口：接待、千牛
2026-03-29 17:24:54 | INFO | main | 定位尝试 1：未找到窗口 subs=['接待', '千牛']
[定位] 第 2 次：未找到标题匹配任一子串的窗口：接待、千牛
2026-03-29 17:24:55 | INFO | main | 定位尝试 2：未找到窗口 subs=['接待', '千牛']
[定位] 第 2 次：未找到标题匹配任一子串的窗口：接待、千牛
2026-03-29 17:24:56 | INFO | main | 定位尝试 2：未找到窗口 subs=['接待', '千牛']
[定位] 第 3 次：未找到标题匹配任一子串的窗口：接待、千牛
2026-03-29 17:24:57 | INFO | main | 定位尝试 3：未找到窗口 subs=['接待', '千牛']
[定位] 第 3 次：未找到标题匹配任一子串的窗口：接待、千牛
2026-03-29 17:24:58 | INFO | main | 定位尝试 3：未找到窗口 subs=['接待', '千牛']
[定位] 第 4 次：未找到标题匹配任一子串的窗口：接待、千牛
2026-03-29 17:24:59 | INFO | main | 定位尝试 4：未找到窗口 subs=['接待', '千牛']
[定位] 第 4 次：未找到标题匹配任一子串的窗口：接待、千牛
2026-03-29 17:25:00 | INFO | main | 定位尝试 4：未找到窗口 subs=['接待', '千牛']
[定位] 第 5 次：未找到标题匹配任一子串的窗口：接待、千牛
2026-03-29 17:25:01 | INFO | main | 定位尝试 5：未找到窗口 subs=['接待', '千牛']
[定位] 第 5 次：未找到标题匹配任一子串的窗口：接待、千牛
2026-03-29 17:25:02 | INFO | main | 定位尝试 5：未找到窗口 subs=['接待', '千牛']
[定位] 第 6 次：未找到标题匹配任一子串的窗口：接待、千牛
2026-03-29 17:25:03 | INFO | main | 定位尝试 6：未找到窗口 subs=['接待', '千牛']
[定位] 第 6 次：未找到标题匹配任一子串的窗口：接待、千牛
2026-03-29 17:25:04 | INFO | main | 定位尝试 6：未找到窗口 subs=['接待', '千牛']
[定位] 第 7 次：未找到标题匹配任一子串的窗口：接待、千牛
2026-03-29 17:25:05 | INFO | main | 定位尝试 7：未找到窗口 subs=['接待', '千牛']
[定位] 第 7 次：未找到标题匹配任一子串的窗口：接待、千牛
2026-03-29 17:25:06 | INFO | main | 定位尝试 7：未找到窗口 subs=['接待', '千牛']
[定位] 第 8 次：未找到标题匹配任一子串的窗口：接待、千牛
2026-03-29 17:25:07 | INFO | main | 定位尝试 8：未找到窗口 subs=['接待', '千牛']
[定位] 第 8 次：未找到标题匹配任一子串的窗口：接待、千牛
2026-03-29 17:25:09 | INFO | main | 定位尝试 8：未找到窗口 subs=['接待', '千牛']
[定位] 第 9 次：未找到标题匹配任一子串的窗口：接待、千牛
2026-03-29 17:25:09 | INFO | main | 定位尝试 9：未找到窗口 subs=['接待', '千牛']
[定位] 第 9 次：未找到标题匹配任一子串的窗口：接待、千牛
2026-03-29 17:25:11 | INFO | main | 定位尝试 9：未找到窗口 subs=['接待', '千牛']
[定位] 第 10 次：未找到标题匹配任一子串的窗口：接待、千牛
2026-03-29 17:25:11 | INFO | main | 定位尝试 10：未找到窗口 subs=['接待', '千牛']
[定位] 第 10 次：未找到标题匹配任一子串的窗口：接待、千牛
2026-03-29 17:25:13 | INFO | main | 定位尝试 10：未找到窗口 subs=['接待', '千牛']
[定位] 第 11 次：未找到标题匹配任一子串的窗口：接待、千牛
2026-03-29 17:25:13 | INFO | main | 定位尝试 11：未找到窗口 subs=['接待', '千牛']
[定位] 第 11 次：未找到标题匹配任一子串的窗口：接待、千牛
2026-03-29 17:25:15 | INFO | main | 定位尝试 11：未找到窗口 subs=['接待', '千牛']
[定位] 第 12 次：未找到标题匹配任一子串的窗口：接待、千牛
2026-03-29 17:25:15 | INFO | main | 定位尝试 12：未找到窗口 subs=['接待', '千牛']
[定位] 第 12 次：未找到标题匹配任一子串的窗口：接待、千牛
2026-03-29 17:25:17 | INFO | main | 定位尝试 12：未找到窗口 subs=['接待', '千牛']
[定位] 第 13 次：未找到标题匹配任一子串的窗口：接待、千牛
2026-03-29 17:25:17 | INFO | main | 定位尝试 13：未找到窗口 subs=['接待', '千牛']
[定位] 第 13 次：未找到标题匹配任一子串的窗口：接待、千牛
2026-03-29 17:25:19 | INFO | main | 定位尝试 13：未找到窗口 subs=['接待', '千牛']
[定位] 第 14 次：未找到标题匹配任一子串的窗口：接待、千牛
2026-03-29 17:25:19 | INFO | main | 定位尝试 14：未找到窗口 subs=['接待', '千牛']
[定位] 第 14 次：未找到标题匹配任一子串的窗口：接待、千牛
2026-03-29 17:25:21 | INFO | main | 定位尝试 14：未找到窗口 subs=['接待', '千牛']
[定位] 第 15 次：未找到标题匹配任一子串的窗口：接待、千牛
2026-03-29 17:25:21 | INFO | main | 定位尝试 15：未找到窗口 subs=['接待', '千牛']
[定位] 第 15 次：未找到标题匹配任一子串的窗口：接待、千牛
2026-03-29 17:25:23 | INFO | main | 定位尝试 15：未找到窗口 subs=['接待', '千牛']
重新定位失败，5s 后再试
重新定位失败，5s 后再试
[窗口丢失] 尝试重新定位…
2026-03-29 17:25:28 | WARNING | main | 窗口丢失，重新定位
[定位] 第 1 次：未找到标题匹配任一子串的窗口：接待、千牛
2026-03-29 17:25:29 | INFO | main | 定位尝试 1：未找到窗口 subs=['接待', '千牛']
[窗口丢失] 尝试重新定位…
2026-03-29 17:25:30 | WARNING | main | 窗口丢失，重新定位
[定位] 第 1 次：未找到标题匹配任一子串的窗口：接待、千牛
2026-03-29 17:25:30 | INFO | main | 定位尝试 1：未找到窗口 subs=['接待', '千牛']
[定位] 第 2 次：未找到标题匹配任一子串的窗口：接待、千牛
2026-03-29 17:25:31 | INFO | main | 定位尝试 2：未找到窗口 subs=['接待', '千牛']
[定位] 第 2 次：未找到标题匹配任一子串的窗口：接待、千牛
2026-03-29 17:25:32 | INFO | main | 定位尝试 2：未找到窗口 subs=['接待', '千牛']
[定位] 第 3 次：未找到标题匹配任一子串的窗口：接待、千牛
2026-03-29 17:25:33 | INFO | main | 定位尝试 3：未找到窗口 subs=['接待', '千牛']
[定位] 第 3 次：未找到标题匹配任一子串的窗口：接待、千牛
2026-03-29 17:25:34 | INFO | main | 定位尝试 3：未找到窗口 subs=['接待', '千牛']
[定位] 第 4 次：未找到标题匹配任一子串的窗口：接待、千牛
2026-03-29 17:25:35 | INFO | main | 定位尝试 4：未找到窗口 subs=['接待', '千牛']
[定位] 第 4 次：未找到标题匹配任一子串的窗口：接待、千牛
2026-03-29 17:25:36 | INFO | main | 定位尝试 4：未找到窗口 subs=['接待', '千牛']
[定位] 第 5 次：未找到标题匹配任一子串的窗口：接待、千牛
2026-03-29 17:25:37 | INFO | main | 定位尝试 5：未找到窗口 subs=['接待', '千牛']
[定位] 第 5 次：未找到标题匹配任一子串的窗口：接待、千牛
2026-03-29 17:25:38 | INFO | main | 定位尝试 5：未找到窗口 subs=['接待', '千牛']
[定位] 第 6 次：未找到标题匹配任一子串的窗口：接待、千牛
2026-03-29 17:25:39 | INFO | main | 定位尝试 6：未找到窗口 subs=['接待', '千牛']
[定位] 第 6 次：未找到标题匹配任一子串的窗口：接待、千牛
2026-03-29 17:25:40 | INFO | main | 定位尝试 6：未找到窗口 subs=['接待', '千牛']
[定位] 第 7 次：未找到标题匹配任一子串的窗口：接待、千牛
2026-03-29 17:25:41 | INFO | main | 定位尝试 7：未找到窗口 subs=['接待', '千牛']
[定位] 第 7 次：未找到标题匹配任一子串的窗口：接待、千牛
2026-03-29 17:25:42 | INFO | main | 定位尝试 7：未找到窗口 subs=['接待', '千牛']
[定位] 第 8 次：未找到标题匹配任一子串的窗口：接待、千牛
2026-03-29 17:25:43 | INFO | main | 定位尝试 8：未找到窗口 subs=['接待', '千牛']
[定位] 第 8 次：未找到标题匹配任一子串的窗口：接待、千牛
2026-03-29 17:25:44 | INFO | main | 定位尝试 8：未找到窗口 subs=['接待', '千牛']
[定位] 第 9 次：未找到标题匹配任一子串的窗口：接待、千牛
2026-03-29 17:25:45 | INFO | main | 定位尝试 9：未找到窗口 subs=['接待', '千牛']
[定位] 第 9 次：未找到标题匹配任一子串的窗口：接待、千牛
2026-03-29 17:25:46 | INFO | main | 定位尝试 9：未找到窗口 subs=['接待', '千牛']
[定位] 第 10 次：未找到标题匹配任一子串的窗口：接待、千牛
2026-03-29 17:25:47 | INFO | main | 定位尝试 10：未找到窗口 subs=['接待', '千牛']
[定位] 第 10 次：未找到标题匹配任一子串的窗口：接待、千牛
2026-03-29 17:25:48 | INFO | main | 定位尝试 10：未找到窗口 subs=['接待', '千牛']
[定位] 第 11 次：未找到标题匹配任一子串的窗口：接待、千牛
2026-03-29 17:25:49 | INFO | main | 定位尝试 11：未找到窗口 subs=['接待', '千牛']
[定位] 第 11 次：未找到标题匹配任一子串的窗口：接待、千牛
2026-03-29 17:25:50 | INFO | main | 定位尝试 11：未找到窗口 subs=['接待', '千牛']
[定位] 第 12 次：未找到标题匹配任一子串的窗口：接待、千牛
2026-03-29 17:25:51 | INFO | main | 定位尝试 12：未找到窗口 subs=['接待', '千牛']
[定位] 第 12 次：未找到标题匹配任一子串的窗口：接待、千牛
2026-03-29 17:25:52 | INFO | main | 定位尝试 12：未找到窗口 subs=['接待', '千牛']
[定位] 第 13 次：未找到标题匹配任一子串的窗口：接待、千牛
2026-03-29 17:25:53 | INFO | main | 定位尝试 13：未找到窗口 subs=['接待', '千牛']
[定位] 第 13 次：未找到标题匹配任一子串的窗口：接待、千牛
2026-03-29 17:25:55 | INFO | main | 定位尝试 13：未找到窗口 subs=['接待', '千牛']
[定位] 第 14 次：未找到标题匹配任一子串的窗口：接待、千牛
2026-03-29 17:25:55 | INFO | main | 定位尝试 14：未找到窗口 subs=['接待', '千牛']
[定位] 第 14 次：未找到标题匹配任一子串的窗口：接待、千牛
2026-03-29 17:25:57 | INFO | main | 定位尝试 14：未找到窗口 subs=['接待', '千牛']
[定位] 第 15 次：未找到标题匹配任一子串的窗口：接待、千牛
2026-03-29 17:25:57 | INFO | main | 定位尝试 15：未找到窗口 subs=['接待', '千牛']
[定位] 第 15 次：未找到标题匹配任一子串的窗口：接待、千牛
2026-03-29 17:25:59 | INFO | main | 定位尝试 15：未找到窗口 subs=['接待', '千牛']
重新定位失败，5s 后再试
重新定位失败，5s 后再试
[窗口丢失] 尝试重新定位…
2026-03-29 17:26:04 | WARNING | main | 窗口丢失，重新定位
[定位] 第 1 次：未找到标题匹配任一子串的窗口：接待、千牛
2026-03-29 17:26:04 | INFO | main | 定位尝试 1：未找到窗口 subs=['接待', '千牛']
[窗口丢失] 尝试重新定位…
2026-03-29 17:26:06 | WARNING | main | 窗口丢失，重新定位
[定位] 第 1 次：未找到标题匹配任一子串的窗口：接待、千牛
2026-03-29 17:26:06 | INFO | main | 定位尝试 1：未找到窗口 subs=['接待', '千牛']
[定位] 第 2 次：未找到标题匹配任一子串的窗口：接待、千牛
2026-03-29 17:26:06 | INFO | main | 定位尝试 2：未找到窗口 subs=['接待', '千牛']
[定位] 第 2 次：未找到标题匹配任一子串的窗口：接待、千牛
2026-03-29 17:26:08 | INFO | main | 定位尝试 2：未找到窗口 subs=['接待', '千牛']
[定位] 第 3 次：未找到标题匹配任一子串的窗口：接待、千牛
2026-03-29 17:26:08 | INFO | main | 定位尝试 3：未找到窗口 subs=['接待', '千牛']
[定位] 第 3 次：未找到标题匹配任一子串的窗口：接待、千牛
2026-03-29 17:26:10 | INFO | main | 定位尝试 3：未找到窗口 subs=['接待', '千牛']
[定位] 第 4 次：未找到标题匹配任一子串的窗口：接待、千牛
2026-03-29 17:26:10 | INFO | main | 定位尝试 4：未找到窗口 subs=['接待', '千牛']
[定位] 第 4 次：未找到标题匹配任一子串的窗口：接待、千牛
2026-03-29 17:26:12 | INFO | main | 定位尝试 4：未找到窗口 subs=['接待', '千牛']
[定位] 第 5 次：未找到标题匹配任一子串的窗口：接待、千牛
2026-03-29 17:26:12 | INFO | main | 定位尝试 5：未找到窗口 subs=['接待', '千牛']
[定位] 第 5 次：未找到标题匹配任一子串的窗口：接待、千牛
2026-03-29 17:26:14 | INFO | main | 定位尝试 5：未找到窗口 subs=['接待', '千牛']
[定位] 第 6 次：未找到标题匹配任一子串的窗口：接待、千牛
2026-03-29 17:26:14 | INFO | main | 定位尝试 6：未找到窗口 subs=['接待', '千牛']
[定位] 第 6 次：未找到标题匹配任一子串的窗口：接待、千牛
2026-03-29 17:26:16 | INFO | main | 定位尝试 6：未找到窗口 subs=['接待', '千牛']
[定位] 第 7 次：未找到标题匹配任一子串的窗口：接待、千牛
2026-03-29 17:26:16 | INFO | main | 定位尝试 7：未找到窗口 subs=['接待', '千牛']
[定位] 第 7 次：未找到标题匹配任一子串的窗口：接待、千牛
2026-03-29 17:26:18 | INFO | main | 定位尝试 7：未找到窗口 subs=['接待', '千牛']
[定位] 第 8 次：未找到标题匹配任一子串的窗口：接待、千牛
2026-03-29 17:26:18 | INFO | main | 定位尝试 8：未找到窗口 subs=['接待', '千牛']
[定位] 第 8 次：未找到标题匹配任一子串的窗口：接待、千牛
2026-03-29 17:26:20 | INFO | main | 定位尝试 8：未找到窗口 subs=['接待', '千牛']
[定位] 第 9 次：未找到标题匹配任一子串的窗口：接待、千牛
2026-03-29 17:26:21 | INFO | main | 定位尝试 9：未找到窗口 subs=['接待', '千牛']
[定位] 第 9 次：未找到标题匹配任一子串的窗口：接待、千牛
2026-03-29 17:26:22 | INFO | main | 定位尝试 9：未找到窗口 subs=['接待', '千牛']
[定位] 第 10 次：未找到标题匹配任一子串的窗口：接待、千牛
2026-03-29 17:26:23 | INFO | main | 定位尝试 10：未找到窗口 subs=['接待', '千牛']
[定位] 第 10 次：未找到标题匹配任一子串的窗口：接待、千牛
2026-03-29 17:26:24 | INFO | main | 定位尝试 10：未找到窗口 subs=['接待', '千牛']
[定位] 第 11 次：未找到标题匹配任一子串的窗口：接待、千牛
2026-03-29 17:26:25 | INFO | main | 定位尝试 11：未找到窗口 subs=['接待', '千牛']
[定位] 第 11 次：未找到标题匹配任一子串的窗口：接待、千牛
2026-03-29 17:26:26 | INFO | main | 定位尝试 11：未找到窗口 subs=['接待', '千牛']
[定位] 第 12 次：未找到标题匹配任一子串的窗口：接待、千牛
2026-03-29 17:26:27 | INFO | main | 定位尝试 12：未找到窗口 subs=['接待', '千牛']
[定位] 第 12 次：未找到标题匹配任一子串的窗口：接待、千牛
2026-03-29 17:26:28 | INFO | main | 定位尝试 12：未找到窗口 subs=['接待', '千牛']
[定位] 第 13 次：未找到标题匹配任一子串的窗口：接待、千牛
2026-03-29 17:26:29 | INFO | main | 定位尝试 13：未找到窗口 subs=['接待', '千牛']
[定位] 第 13 次：未找到标题匹配任一子串的窗口：接待、千牛
2026-03-29 17:26:30 | INFO | main | 定位尝试 13：未找到窗口 subs=['接待', '千牛']
[定位] 第 14 次：未找到标题匹配任一子串的窗口：接待、千牛
2026-03-29 17:26:31 | INFO | main | 定位尝试 14：未找到窗口 subs=['接待', '千牛']
[定位] 第 14 次：未找到标题匹配任一子串的窗口：接待、千牛
2026-03-29 17:26:32 | INFO | main | 定位尝试 14：未找到窗口 subs=['接待', '千牛']
[定位] 第 15 次：未找到标题匹配任一子串的窗口：接待、千牛
2026-03-29 17:26:33 | INFO | main | 定位尝试 15：未找到窗口 subs=['接待', '千牛']
[定位] 第 15 次：未找到标题匹配任一子串的窗口：接待、千牛
2026-03-29 17:26:34 | INFO | main | 定位尝试 15：未找到窗口 subs=['接待', '千牛']
重新定位失败，5s 后再试
重新定位失败，5s 后再试
2026-03-29 17:26:40 | INFO | main | [SOAK] 已运行 62.0 分钟，已处理 0 条消息
[窗口丢失] 尝试重新定位…
2026-03-29 17:26:40 | WARNING | main | 窗口丢失，重新定位
[定位] 第 1 次：未找到标题匹配任一子串的窗口：接待、千牛
2026-03-29 17:26:40 | INFO | main | 定位尝试 1：未找到窗口 subs=['接待', '千牛']
2026-03-29 17:26:41 | INFO | main | [SOAK] 已运行 47.8 分钟，已处理 0 条消息
[窗口丢失] 尝试重新定位…
2026-03-29 17:26:41 | WARNING | main | 窗口丢失，重新定位
[定位] 第 1 次：未找到标题匹配任一子串的窗口：接待、千牛
2026-03-29 17:26:41 | INFO | main | 定位尝试 1：未找到窗口 subs=['接待', '千牛']
[定位] 第 2 次：未找到标题匹配任一子串的窗口：接待、千牛
2026-03-29 17:26:42 | INFO | main | 定位尝试 2：未找到窗口 subs=['接待', '千牛']
[定位] 第 2 次：未找到标题匹配任一子串的窗口：接待、千牛
2026-03-29 17:26:43 | INFO | main | 定位尝试 2：未找到窗口 subs=['接待', '千牛']
[定位] 第 3 次：未找到标题匹配任一子串的窗口：接待、千牛
2026-03-29 17:26:44 | INFO | main | 定位尝试 3：未找到窗口 subs=['接待', '千牛']
[定位] 第 3 次：未找到标题匹配任一子串的窗口：接待、千牛
2026-03-29 17:26:45 | INFO | main | 定位尝试 3：未找到窗口 subs=['接待', '千牛']
[定位] 第 4 次：未找到标题匹配任一子串的窗口：接待、千牛
2026-03-29 17:26:46 | INFO | main | 定位尝试 4：未找到窗口 subs=['接待', '千牛']
[定位] 第 4 次：未找到标题匹配任一子串的窗口：接待、千牛
2026-03-29 17:26:47 | INFO | main | 定位尝试 4：未找到窗口 subs=['接待', '千牛']
[定位] 第 5 次：未找到标题匹配任一子串的窗口：接待、千牛
2026-03-29 17:26:48 | INFO | main | 定位尝试 5：未找到窗口 subs=['接待', '千牛']
[定位] 第 5 次：未找到标题匹配任一子串的窗口：接待、千牛
2026-03-29 17:26:50 | INFO | main | 定位尝试 5：未找到窗口 subs=['接待', '千牛']
[定位] 第 6 次：未找到标题匹配任一子串的窗口：接待、千牛
2026-03-29 17:26:50 | INFO | main | 定位尝试 6：未找到窗口 subs=['接待', '千牛']
[定位] 第 6 次：未找到标题匹配任一子串的窗口：接待、千牛
2026-03-29 17:26:52 | INFO | main | 定位尝试 6：未找到窗口 subs=['接待', '千牛']
[定位] 第 7 次：未找到标题匹配任一子串的窗口：接待、千牛
2026-03-29 17:26:52 | INFO | main | 定位尝试 7：未找到窗口 subs=['接待', '千牛']
[定位] 第 7 次：未找到标题匹配任一子串的窗口：接待、千牛
2026-03-29 17:26:54 | INFO | main | 定位尝试 7：未找到窗口 subs=['接待', '千牛']
[定位] 第 8 次：未找到标题匹配任一子串的窗口：接待、千牛
2026-03-29 17:26:54 | INFO | main | 定位尝试 8：未找到窗口 subs=['接待', '千牛']
[定位] 第 8 次：未找到标题匹配任一子串的窗口：接待、千牛
2026-03-29 17:26:56 | INFO | main | 定位尝试 8：未找到窗口 subs=['接待', '千牛']
[定位] 第 9 次：未找到标题匹配任一子串的窗口：接待、千牛
2026-03-29 17:26:56 | INFO | main | 定位尝试 9：未找到窗口 subs=['接待', '千牛']
[定位] 第 9 次：未找到标题匹配任一子串的窗口：接待、千牛
2026-03-29 17:26:58 | INFO | main | 定位尝试 9：未找到窗口 subs=['接待', '千牛']
[定位] 第 10 次：未找到标题匹配任一子串的窗口：接待、千牛
2026-03-29 17:26:58 | INFO | main | 定位尝试 10：未找到窗口 subs=['接待', '千牛']
[定位] 第 10 次：未找到标题匹配任一子串的窗口：接待、千牛
2026-03-29 17:27:00 | INFO | main | 定位尝试 10：未找到窗口 subs=['接待', '千牛']
[定位] 第 11 次：未找到标题匹配任一子串的窗口：接待、千牛
2026-03-29 17:27:00 | INFO | main | 定位尝试 11：未找到窗口 subs=['接待', '千牛']
[定位] 第 11 次：未找到标题匹配任一子串的窗口：接待、千牛
2026-03-29 17:27:02 | INFO | main | 定位尝试 11：未找到窗口 subs=['接待', '千牛']
[定位] 第 12 次：未找到标题匹配任一子串的窗口：接待、千牛
2026-03-29 17:27:02 | INFO | main | 定位尝试 12：未找到窗口 subs=['接待', '千牛']
[定位] 第 12 次：未找到标题匹配任一子串的窗口：接待、千牛
2026-03-29 17:27:04 | INFO | main | 定位尝试 12：未找到窗口 subs=['接待', '千牛']
[定位] 第 13 次：未找到标题匹配任一子串的窗口：接待、千牛
2026-03-29 17:27:04 | INFO | main | 定位尝试 13：未找到窗口 subs=['接待', '千牛']
[定位] 第 13 次：未找到标题匹配任一子串的窗口：接待、千牛
2026-03-29 17:27:06 | INFO | main | 定位尝试 13：未找到窗口 subs=['接待', '千牛']
[定位] 第 14 次：未找到标题匹配任一子串的窗口：接待、千牛
2026-03-29 17:27:06 | INFO | main | 定位尝试 14：未找到窗口 subs=['接待', '千牛']
[定位] 第 14 次：未找到标题匹配任一子串的窗口：接待、千牛
2026-03-29 17:27:08 | INFO | main | 定位尝试 14：未找到窗口 subs=['接待', '千牛']
[定位] 第 15 次：未找到标题匹配任一子串的窗口：接待、千牛
2026-03-29 17:27:09 | INFO | main | 定位尝试 15：未找到窗口 subs=['接待', '千牛']
[定位] 第 15 次：未找到标题匹配任一子串的窗口：接待、千牛
2026-03-29 17:27:10 | INFO | main | 定位尝试 15：未找到窗口 subs=['接待', '千牛']
重新定位失败，5s 后再试
重新定位失败，5s 后再试
[窗口丢失] 尝试重新定位…
2026-03-29 17:27:16 | WARNING | main | 窗口丢失，重新定位
[定位] 第 1 次：未找到标题匹配任一子串的窗口：接待、千牛
2026-03-29 17:27:16 | INFO | main | 定位尝试 1：未找到窗口 subs=['接待', '千牛']
[窗口丢失] 尝试重新定位…
2026-03-29 17:27:17 | WARNING | main | 窗口丢失，重新定位
[定位] 第 1 次：未找到标题匹配任一子串的窗口：接待、千牛
2026-03-29 17:27:17 | INFO | main | 定位尝试 1：未找到窗口 subs=['接待', '千牛']
[定位] 第 2 次：未找到标题匹配任一子串的窗口：接待、千牛
2026-03-29 17:27:18 | INFO | main | 定位尝试 2：未找到窗口 subs=['接待', '千牛']
[定位] 第 2 次：未找到标题匹配任一子串的窗口：接待、千牛
2026-03-29 17:27:19 | INFO | main | 定位尝试 2：未找到窗口 subs=['接待', '千牛']
[定位] 第 3 次：未找到标题匹配任一子串的窗口：接待、千牛
2026-03-29 17:27:20 | INFO | main | 定位尝试 3：未找到窗口 subs=['接待', '千牛']
[定位] 第 3 次：未找到标题匹配任一子串的窗口：接待、千牛
2026-03-29 17:27:21 | INFO | main | 定位尝试 3：未找到窗口 subs=['接待', '千牛']
[定位] 第 4 次：未找到标题匹配任一子串的窗口：接待、千牛
2026-03-29 17:27:22 | INFO | main | 定位尝试 4：未找到窗口 subs=['接待', '千牛']
[定位] 第 4 次：未找到标题匹配任一子串的窗口：接待、千牛
2026-03-29 17:27:23 | INFO | main | 定位尝试 4：未找到窗口 subs=['接待', '千牛']
[定位] 第 5 次：未找到标题匹配任一子串的窗口：接待、千牛
2026-03-29 17:27:24 | INFO | main | 定位尝试 5：未找到窗口 subs=['接待', '千牛']
[定位] 第 5 次：未找到标题匹配任一子串的窗口：接待、千牛
2026-03-29 17:27:25 | INFO | main | 定位尝试 5：未找到窗口 subs=['接待', '千牛']
[定位] 第 6 次：未找到标题匹配任一子串的窗口：接待、千牛
2026-03-29 17:27:26 | INFO | main | 定位尝试 6：未找到窗口 subs=['接待', '千牛']
[定位] 第 6 次：未找到标题匹配任一子串的窗口：接待、千牛
2026-03-29 17:27:27 | INFO | main | 定位尝试 6：未找到窗口 subs=['接待', '千牛']
[定位] 第 7 次：未找到标题匹配任一子串的窗口：接待、千牛
2026-03-29 17:27:28 | INFO | main | 定位尝试 7：未找到窗口 subs=['接待', '千牛']
[定位] 第 7 次：未找到标题匹配任一子串的窗口：接待、千牛
2026-03-29 17:27:29 | INFO | main | 定位尝试 7：未找到窗口 subs=['接待', '千牛']
[定位] 第 8 次：未找到标题匹配任一子串的窗口：接待、千牛
2026-03-29 17:27:30 | INFO | main | 定位尝试 8：未找到窗口 subs=['接待', '千牛']
[定位] 第 8 次：未找到标题匹配任一子串的窗口：接待、千牛
2026-03-29 17:27:31 | INFO | main | 定位尝试 8：未找到窗口 subs=['接待', '千牛']
[定位] 第 9 次：未找到标题匹配任一子串的窗口：接待、千牛
2026-03-29 17:27:32 | INFO | main | 定位尝试 9：未找到窗口 subs=['接待', '千牛']
[定位] 第 9 次：未找到标题匹配任一子串的窗口：接待、千牛
2026-03-29 17:27:33 | INFO | main | 定位尝试 9：未找到窗口 subs=['接待', '千牛']
[定位] 第 10 次：未找到标题匹配任一子串的窗口：接待、千牛
2026-03-29 17:27:34 | INFO | main | 定位尝试 10：未找到窗口 subs=['接待', '千牛']
[定位] 第 10 次：未找到标题匹配任一子串的窗口：接待、千牛
2026-03-29 17:27:36 | INFO | main | 定位尝试 10：未找到窗口 subs=['接待', '千牛']
[定位] 第 11 次：未找到标题匹配任一子串的窗口：接待、千牛
2026-03-29 17:27:36 | INFO | main | 定位尝试 11：未找到窗口 subs=['接待', '千牛']
[定位] 第 11 次：未找到标题匹配任一子串的窗口：接待、千牛
2026-03-29 17:27:38 | INFO | main | 定位尝试 11：未找到窗口 subs=['接待', '千牛']
[定位] 第 12 次：未找到标题匹配任一子串的窗口：接待、千牛
2026-03-29 17:27:38 | INFO | main | 定位尝试 12：未找到窗口 subs=['接待', '千牛']
[定位] 第 12 次：未找到标题匹配任一子串的窗口：接待、千牛
2026-03-29 17:27:40 | INFO | main | 定位尝试 12：未找到窗口 subs=['接待', '千牛']
[定位] 第 13 次：未找到标题匹配任一子串的窗口：接待、千牛
2026-03-29 17:27:40 | INFO | main | 定位尝试 13：未找到窗口 subs=['接待', '千牛']
[定位] 第 13 次：未找到标题匹配任一子串的窗口：接待、千牛
2026-03-29 17:27:42 | INFO | main | 定位尝试 13：未找到窗口 subs=['接待', '千牛']
[定位] 第 14 次：未找到标题匹配任一子串的窗口：接待、千牛
2026-03-29 17:27:42 | INFO | main | 定位尝试 14：未找到窗口 subs=['接待', '千牛']
[定位] 第 14 次：未找到标题匹配任一子串的窗口：接待、千牛
2026-03-29 17:27:44 | INFO | main | 定位尝试 14：未找到窗口 subs=['接待', '千牛']
[定位] 第 15 次：未找到标题匹配任一子串的窗口：接待、千牛
2026-03-29 17:27:44 | INFO | main | 定位尝试 15：未找到窗口 subs=['接待', '千牛']
[定位] 第 15 次：未找到标题匹配任一子串的窗口：接待、千牛
2026-03-29 17:27:46 | INFO | main | 定位尝试 15：未找到窗口 subs=['接待', '千牛']
重新定位失败，5s 后再试
重新定位失败，5s 后再试
[窗口丢失] 尝试重新定位…
2026-03-29 17:27:51 | WARNING | main | 窗口丢失，重新定位
[定位] 第 1 次：未找到标题匹配任一子串的窗口：接待、千牛
2026-03-29 17:27:51 | INFO | main | 定位尝试 1：未找到窗口 subs=['接待', '千牛']
[窗口丢失] 尝试重新定位…
2026-03-29 17:27:53 | WARNING | main | 窗口丢失，重新定位
[定位] 第 1 次：未找到标题匹配任一子串的窗口：接待、千牛
2026-03-29 17:27:53 | INFO | main | 定位尝试 1：未找到窗口 subs=['接待', '千牛']
[定位] 第 2 次：未找到标题匹配任一子串的窗口：接待、千牛
2026-03-29 17:27:53 | INFO | main | 定位尝试 2：未找到窗口 subs=['接待', '千牛']
[定位] 第 2 次：未找到标题匹配任一子串的窗口：接待、千牛
2026-03-29 17:27:55 | INFO | main | 定位尝试 2：未找到窗口 subs=['接待', '千牛']
[定位] 第 3 次：未找到标题匹配任一子串的窗口：接待、千牛
2026-03-29 17:27:55 | INFO | main | 定位尝试 3：未找到窗口 subs=['接待', '千牛']
[定位] 第 3 次：未找到标题匹配任一子串的窗口：接待、千牛
2026-03-29 17:27:57 | INFO | main | 定位尝试 3：未找到窗口 subs=['接待', '千牛']
[定位] 第 4 次：未找到标题匹配任一子串的窗口：接待、千牛
2026-03-29 17:27:57 | INFO | main | 定位尝试 4：未找到窗口 subs=['接待', '千牛']
[定位] 第 4 次：未找到标题匹配任一子串的窗口：接待、千牛
2026-03-29 17:27:59 | INFO | main | 定位尝试 4：未找到窗口 subs=['接待', '千牛']
[定位] 第 5 次：未找到标题匹配任一子串的窗口：接待、千牛
2026-03-29 17:27:59 | INFO | main | 定位尝试 5：未找到窗口 subs=['接待', '千牛']
[定位] 第 5 次：未找到标题匹配任一子串的窗口：接待、千牛
2026-03-29 17:28:01 | INFO | main | 定位尝试 5：未找到窗口 subs=['接待', '千牛']
[定位] 第 6 次：未找到标题匹配任一子串的窗口：接待、千牛
2026-03-29 17:28:01 | INFO | main | 定位尝试 6：未找到窗口 subs=['接待', '千牛']
[定位] 第 6 次：未找到标题匹配任一子串的窗口：接待、千牛
2026-03-29 17:28:03 | INFO | main | 定位尝试 6：未找到窗口 subs=['接待', '千牛']
[定位] 第 7 次：未找到标题匹配任一子串的窗口：接待、千牛
2026-03-29 17:28:04 | INFO | main | 定位尝试 7：未找到窗口 subs=['接待', '千牛']
[定位] 第 7 次：未找到标题匹配任一子串的窗口：接待、千牛
2026-03-29 17:28:05 | INFO | main | 定位尝试 7：未找到窗口 subs=['接待', '千牛']
[定位] 第 8 次：未找到标题匹配任一子串的窗口：接待、千牛
2026-03-29 17:28:06 | INFO | main | 定位尝试 8：未找到窗口 subs=['接待', '千牛']
[定位] 第 8 次：未找到标题匹配任一子串的窗口：接待、千牛
2026-03-29 17:28:07 | INFO | main | 定位尝试 8：未找到窗口 subs=['接待', '千牛']
[定位] 第 9 次：未找到标题匹配任一子串的窗口：接待、千牛
2026-03-29 17:28:08 | INFO | main | 定位尝试 9：未找到窗口 subs=['接待', '千牛']
[定位] 第 9 次：未找到标题匹配任一子串的窗口：接待、千牛
2026-03-29 17:28:09 | INFO | main | 定位尝试 9：未找到窗口 subs=['接待', '千牛']
[定位] 第 10 次：未找到标题匹配任一子串的窗口：接待、千牛
2026-03-29 17:28:10 | INFO | main | 定位尝试 10：未找到窗口 subs=['接待', '千牛']
[定位] 第 10 次：未找到标题匹配任一子串的窗口：接待、千牛
2026-03-29 17:28:11 | INFO | main | 定位尝试 10：未找到窗口 subs=['接待', '千牛']
[定位] 第 11 次：未找到标题匹配任一子串的窗口：接待、千牛
2026-03-29 17:28:12 | INFO | main | 定位尝试 11：未找到窗口 subs=['接待', '千牛']
[定位] 第 11 次：未找到标题匹配任一子串的窗口：接待、千牛
2026-03-29 17:28:14 | INFO | main | 定位尝试 11：未找到窗口 subs=['接待', '千牛']
[定位] 第 12 次：未找到标题匹配任一子串的窗口：接待、千牛
2026-03-29 17:28:14 | INFO | main | 定位尝试 12：未找到窗口 subs=['接待', '千牛']
[定位] 第 12 次：未找到标题匹配任一子串的窗口：接待、千牛
2026-03-29 17:28:16 | INFO | main | 定位尝试 12：未找到窗口 subs=['接待', '千牛']
[定位] 第 13 次：未找到标题匹配任一子串的窗口：接待、千牛
2026-03-29 17:28:16 | INFO | main | 定位尝试 13：未找到窗口 subs=['接待', '千牛']
[定位] 第 13 次：未找到标题匹配任一子串的窗口：接待、千牛
2026-03-29 17:28:18 | INFO | main | 定位尝试 13：未找到窗口 subs=['接待', '千牛']
[定位] 第 14 次：未找到标题匹配任一子串的窗口：接待、千牛
2026-03-29 17:28:18 | INFO | main | 定位尝试 14：未找到窗口 subs=['接待', '千牛']
[定位] 第 14 次：未找到标题匹配任一子串的窗口：接待、千牛
2026-03-29 17:28:20 | INFO | main | 定位尝试 14：未找到窗口 subs=['接待', '千牛']
[定位] 第 15 次：未找到标题匹配任一子串的窗口：接待、千牛
2026-03-29 17:28:20 | INFO | main | 定位尝试 15：未找到窗口 subs=['接待', '千牛']
[定位] 第 15 次：未找到标题匹配任一子串的窗口：接待、千牛
2026-03-29 17:28:22 | INFO | main | 定位尝试 15：未找到窗口 subs=['接待', '千牛']
重新定位失败，5s 后再试
重新定位失败，5s 后再试
[窗口丢失] 尝试重新定位…
2026-03-29 17:28:27 | WARNING | main | 窗口丢失，重新定位
[定位] 第 1 次：未找到标题匹配任一子串的窗口：接待、千牛
2026-03-29 17:28:27 | INFO | main | 定位尝试 1：未找到窗口 subs=['接待', '千牛']
[窗口丢失] 尝试重新定位…
2026-03-29 17:28:29 | WARNING | main | 窗口丢失，重新定位
[定位] 第 1 次：未找到标题匹配任一子串的窗口：接待、千牛
2026-03-29 17:28:29 | INFO | main | 定位尝试 1：未找到窗口 subs=['接待', '千牛']
[定位] 第 2 次：未找到标题匹配任一子串的窗口：接待、千牛
2026-03-29 17:28:29 | INFO | main | 定位尝试 2：未找到窗口 subs=['接待', '千牛']
[定位] 第 2 次：未找到标题匹配任一子串的窗口：接待、千牛
2026-03-29 17:28:31 | INFO | main | 定位尝试 2：未找到窗口 subs=['接待', '千牛']
[定位] 第 3 次：未找到标题匹配任一子串的窗口：接待、千牛
2026-03-29 17:28:31 | INFO | main | 定位尝试 3：未找到窗口 subs=['接待', '千牛']
[定位] 第 3 次：未找到标题匹配任一子串的窗口：接待、千牛
2026-03-29 17:28:33 | INFO | main | 定位尝试 3：未找到窗口 subs=['接待', '千牛']
[定位] 第 4 次：未找到标题匹配任一子串的窗口：接待、千牛
2026-03-29 17:28:33 | INFO | main | 定位尝试 4：未找到窗口 subs=['接待', '千牛']
[定位] 第 4 次：未找到标题匹配任一子串的窗口：接待、千牛
2026-03-29 17:28:35 | INFO | main | 定位尝试 4：未找到窗口 subs=['接待', '千牛']
[定位] 第 5 次：未找到标题匹配任一子串的窗口：接待、千牛
2026-03-29 17:28:35 | INFO | main | 定位尝试 5：未找到窗口 subs=['接待', '千牛']
[定位] 第 5 次：未找到标题匹配任一子串的窗口：接待、千牛
2026-03-29 17:28:37 | INFO | main | 定位尝试 5：未找到窗口 subs=['接待', '千牛']
[定位] 第 6 次：未找到标题匹配任一子串的窗口：接待、千牛
2026-03-29 17:28:37 | INFO | main | 定位尝试 6：未找到窗口 subs=['接待', '千牛']
[定位] 第 6 次：未找到标题匹配任一子串的窗口：接待、千牛
2026-03-29 17:28:39 | INFO | main | 定位尝试 6：未找到窗口 subs=['接待', '千牛']
[定位] 第 7 次：未找到标题匹配任一子串的窗口：接待、千牛
2026-03-29 17:28:39 | INFO | main | 定位尝试 7：未找到窗口 subs=['接待', '千牛']
[定位] 第 7 次：未找到标题匹配任一子串的窗口：接待、千牛
2026-03-29 17:28:41 | INFO | main | 定位尝试 7：未找到窗口 subs=['接待', '千牛']
[定位] 第 8 次：未找到标题匹配任一子串的窗口：接待、千牛
2026-03-29 17:28:41 | INFO | main | 定位尝试 8：未找到窗口 subs=['接待', '千牛']
[定位] 第 8 次：未找到标题匹配任一子串的窗口：接待、千牛
2026-03-29 17:28:43 | INFO | main | 定位尝试 8：未找到窗口 subs=['接待', '千牛']
[定位] 第 9 次：未找到标题匹配任一子串的窗口：接待、千牛
2026-03-29 17:28:43 | INFO | main | 定位尝试 9：未找到窗口 subs=['接待', '千牛']
[定位] 第 9 次：未找到标题匹配任一子串的窗口：接待、千牛
2026-03-29 17:28:45 | INFO | main | 定位尝试 9：未找到窗口 subs=['接待', '千牛']
[定位] 第 10 次：未找到标题匹配任一子串的窗口：接待、千牛
2026-03-29 17:28:45 | INFO | main | 定位尝试 10：未找到窗口 subs=['接待', '千牛']
[定位] 第 10 次：未找到标题匹配任一子串的窗口：接待、千牛
2026-03-29 17:28:47 | INFO | main | 定位尝试 10：未找到窗口 subs=['接待', '千牛']
[定位] 第 11 次：未找到标题匹配任一子串的窗口：接待、千牛
2026-03-29 17:28:48 | INFO | main | 定位尝试 11：未找到窗口 subs=['接待', '千牛']
[定位] 第 11 次：未找到标题匹配任一子串的窗口：接待、千牛
2026-03-29 17:28:49 | INFO | main | 定位尝试 11：未找到窗口 subs=['接待', '千牛']
[定位] 第 12 次：未找到标题匹配任一子串的窗口：接待、千牛
2026-03-29 17:28:50 | INFO | main | 定位尝试 12：未找到窗口 subs=['接待', '千牛']
[定位] 第 12 次：未找到标题匹配任一子串的窗口：接待、千牛
2026-03-29 17:28:51 | INFO | main | 定位尝试 12：未找到窗口 subs=['接待', '千牛']
[定位] 第 13 次：未找到标题匹配任一子串的窗口：接待、千牛
2026-03-29 17:28:52 | INFO | main | 定位尝试 13：未找到窗口 subs=['接待', '千牛']
[定位] 第 13 次：未找到标题匹配任一子串的窗口：接待、千牛
2026-03-29 17:28:53 | INFO | main | 定位尝试 13：未找到窗口 subs=['接待', '千牛']
[定位] 第 14 次：未找到标题匹配任一子串的窗口：接待、千牛
2026-03-29 17:28:54 | INFO | main | 定位尝试 14：未找到窗口 subs=['接待', '千牛']
[定位] 第 14 次：未找到标题匹配任一子串的窗口：接待、千牛
2026-03-29 17:28:55 | INFO | main | 定位尝试 14：未找到窗口 subs=['接待', '千牛']
[定位] 第 15 次：未找到标题匹配任一子串的窗口：接待、千牛
2026-03-29 17:28:56 | INFO | main | 定位尝试 15：未找到窗口 subs=['接待', '千牛']
[定位] 第 15 次：未找到标题匹配任一子串的窗口：接待、千牛
2026-03-29 17:28:58 | INFO | main | 定位尝试 15：未找到窗口 subs=['接待', '千牛']
重新定位失败，5s 后再试
重新定位失败，5s 后再试
2026-03-29 17:29:03 | ERROR | main | [SOAK] 连续异常 ≥ 10，建议检查窗口状态，休眠 30 秒
2026-03-29 17:29:05 | ERROR | main | [SOAK] 连续异常 ≥ 10，建议检查窗口状态，休眠 30 秒
[窗口丢失] 尝试重新定位…
2026-03-29 17:29:33 | WARNING | main | 窗口丢失，重新定位
[定位] 第 1 次：未找到标题匹配任一子串的窗口：接待、千牛
2026-03-29 17:29:33 | INFO | main | 定位尝试 1：未找到窗口 subs=['接待', '千牛']
[窗口丢失] 尝试重新定位…
2026-03-29 17:29:35 | WARNING | main | 窗口丢失，重新定位
[定位] 第 1 次：未找到标题匹配任一子串的窗口：接待、千牛
2026-03-29 17:29:35 | INFO | main | 定位尝试 1：未找到窗口 subs=['接待', '千牛']
[定位] 第 2 次：未找到标题匹配任一子串的窗口：接待、千牛
2026-03-29 17:29:35 | INFO | main | 定位尝试 2：未找到窗口 subs=['接待', '千牛']
[定位] 第 2 次：未找到标题匹配任一子串的窗口：接待、千牛
2026-03-29 17:29:37 | INFO | main | 定位尝试 2：未找到窗口 subs=['接待', '千牛']
[定位] 第 3 次：未找到标题匹配任一子串的窗口：接待、千牛
2026-03-29 17:29:37 | INFO | main | 定位尝试 3：未找到窗口 subs=['接待', '千牛']
[定位] 第 3 次：未找到标题匹配任一子串的窗口：接待、千牛
2026-03-29 17:29:39 | INFO | main | 定位尝试 3：未找到窗口 subs=['接待', '千牛']
[定位] 第 4 次：未找到标题匹配任一子串的窗口：接待、千牛
2026-03-29 17:29:39 | INFO | main | 定位尝试 4：未找到窗口 subs=['接待', '千牛']
[定位] 第 4 次：未找到标题匹配任一子串的窗口：接待、千牛
2026-03-29 17:29:41 | INFO | main | 定位尝试 4：未找到窗口 subs=['接待', '千牛']
[定位] 第 5 次：未找到标题匹配任一子串的窗口：接待、千牛
2026-03-29 17:29:41 | INFO | main | 定位尝试 5：未找到窗口 subs=['接待', '千牛']
[定位] 第 5 次：未找到标题匹配任一子串的窗口：接待、千牛
2026-03-29 17:29:43 | INFO | main | 定位尝试 5：未找到窗口 subs=['接待', '千牛']
[定位] 第 6 次：未找到标题匹配任一子串的窗口：接待、千牛
2026-03-29 17:29:43 | INFO | main | 定位尝试 6：未找到窗口 subs=['接待', '千牛']
[定位] 第 6 次：未找到标题匹配任一子串的窗口：接待、千牛
2026-03-29 17:29:45 | INFO | main | 定位尝试 6：未找到窗口 subs=['接待', '千牛']
[定位] 第 7 次：未找到标题匹配任一子串的窗口：接待、千牛
2026-03-29 17:29:45 | INFO | main | 定位尝试 7：未找到窗口 subs=['接待', '千牛']
[定位] 第 7 次：未找到标题匹配任一子串的窗口：接待、千牛
2026-03-29 17:29:47 | INFO | main | 定位尝试 7：未找到窗口 subs=['接待', '千牛']
[定位] 第 8 次：未找到标题匹配任一子串的窗口：接待、千牛
2026-03-29 17:29:47 | INFO | main | 定位尝试 8：未找到窗口 subs=['接待', '千牛']
[定位] 第 8 次：未找到标题匹配任一子串的窗口：接待、千牛
2026-03-29 17:29:49 | INFO | main | 定位尝试 8：未找到窗口 subs=['接待', '千牛']
[定位] 第 9 次：未找到标题匹配任一子串的窗口：接待、千牛
2026-03-29 17:29:49 | INFO | main | 定位尝试 9：未找到窗口 subs=['接待', '千牛']
[定位] 第 9 次：未找到标题匹配任一子串的窗口：接待、千牛
2026-03-29 17:29:51 | INFO | main | 定位尝试 9：未找到窗口 subs=['接待', '千牛']
[定位] 第 10 次：未找到标题匹配任一子串的窗口：接待、千牛
2026-03-29 17:29:51 | INFO | main | 定位尝试 10：未找到窗口 subs=['接待', '千牛']
[定位] 第 10 次：未找到标题匹配任一子串的窗口：接待、千牛
2026-03-29 17:29:53 | INFO | main | 定位尝试 10：未找到窗口 subs=['接待', '千牛']
[定位] 第 11 次：未找到标题匹配任一子串的窗口：接待、千牛
2026-03-29 17:29:53 | INFO | main | 定位尝试 11：未找到窗口 subs=['接待', '千牛']
[定位] 第 11 次：未找到标题匹配任一子串的窗口：接待、千牛
2026-03-29 17:29:55 | INFO | main | 定位尝试 11：未找到窗口 subs=['接待', '千牛']
[定位] 第 12 次：未找到标题匹配任一子串的窗口：接待、千牛
2026-03-29 17:29:55 | INFO | main | 定位尝试 12：未找到窗口 subs=['接待', '千牛']
[定位] 第 12 次：未找到标题匹配任一子串的窗口：接待、千牛
2026-03-29 17:29:57 | INFO | main | 定位尝试 12：未找到窗口 subs=['接待', '千牛']
[定位] 第 13 次：未找到标题匹配任一子串的窗口：接待、千牛
2026-03-29 17:29:57 | INFO | main | 定位尝试 13：未找到窗口 subs=['接待', '千牛']
[定位] 第 13 次：未找到标题匹配任一子串的窗口：接待、千牛
2026-03-29 17:29:59 | INFO | main | 定位尝试 13：未找到窗口 subs=['接待', '千牛']
[定位] 第 14 次：未找到标题匹配任一子串的窗口：接待、千牛
2026-03-29 17:30:00 | INFO | main | 定位尝试 14：未找到窗口 subs=['接待', '千牛']
[定位] 第 14 次：未找到标题匹配任一子串的窗口：接待、千牛
2026-03-29 17:30:01 | INFO | main | 定位尝试 14：未找到窗口 subs=['接待', '千牛']
[定位] 第 15 次：未找到标题匹配任一子串的窗口：接待、千牛
2026-03-29 17:30:02 | INFO | main | 定位尝试 15：未找到窗口 subs=['接待', '千牛']
[定位] 第 15 次：未找到标题匹配任一子串的窗口：接待、千牛
2026-03-29 17:30:03 | INFO | main | 定位尝试 15：未找到窗口 subs=['接待', '千牛']
重新定位失败，5s 后再试
重新定位失败，5s 后再试
[窗口丢失] 尝试重新定位…
2026-03-29 17:30:09 | WARNING | main | 窗口丢失，重新定位
[定位] 第 1 次：未找到标题匹配任一子串的窗口：接待、千牛
2026-03-29 17:30:09 | INFO | main | 定位尝试 1：未找到窗口 subs=['接待', '千牛']
[窗口丢失] 尝试重新定位…
2026-03-29 17:30:10 | WARNING | main | 窗口丢失，重新定位
[定位] 第 1 次：未找到标题匹配任一子串的窗口：接待、千牛
2026-03-29 17:30:11 | INFO | main | 定位尝试 1：未找到窗口 subs=['接待', '千牛']
[定位] 第 2 次：未找到标题匹配任一子串的窗口：接待、千牛
2026-03-29 17:30:11 | INFO | main | 定位尝试 2：未找到窗口 subs=['接待', '千牛']
[定位] 第 2 次：未找到标题匹配任一子串的窗口：接待、千牛
2026-03-29 17:30:13 | INFO | main | 定位尝试 2：未找到窗口 subs=['接待', '千牛']
[定位] 第 3 次：未找到标题匹配任一子串的窗口：接待、千牛
2026-03-29 17:30:13 | INFO | main | 定位尝试 3：未找到窗口 subs=['接待', '千牛']
[定位] 第 3 次：未找到标题匹配任一子串的窗口：接待、千牛
2026-03-29 17:30:15 | INFO | main | 定位尝试 3：未找到窗口 subs=['接待', '千牛']
[定位] 第 4 次：未找到标题匹配任一子串的窗口：接待、千牛
2026-03-29 17:30:15 | INFO | main | 定位尝试 4：未找到窗口 subs=['接待', '千牛']
[定位] 第 4 次：未找到标题匹配任一子串的窗口：接待、千牛
2026-03-29 17:30:17 | INFO | main | 定位尝试 4：未找到窗口 subs=['接待', '千牛']
[定位] 第 5 次：未找到标题匹配任一子串的窗口：接待、千牛
2026-03-29 17:30:17 | INFO | main | 定位尝试 5：未找到窗口 subs=['接待', '千牛']
[定位] 第 5 次：未找到标题匹配任一子串的窗口：接待、千牛
2026-03-29 17:30:19 | INFO | main | 定位尝试 5：未找到窗口 subs=['接待', '千牛']
[定位] 第 6 次：未找到标题匹配任一子串的窗口：接待、千牛
2026-03-29 17:30:19 | INFO | main | 定位尝试 6：未找到窗口 subs=['接待', '千牛']
[定位] 第 6 次：未找到标题匹配任一子串的窗口：接待、千牛
2026-03-29 17:30:21 | INFO | main | 定位尝试 6：未找到窗口 subs=['接待', '千牛']
[定位] 第 7 次：未找到标题匹配任一子串的窗口：接待、千牛
2026-03-29 17:30:21 | INFO | main | 定位尝试 7：未找到窗口 subs=['接待', '千牛']
[定位] 第 7 次：未找到标题匹配任一子串的窗口：接待、千牛
2026-03-29 17:30:23 | INFO | main | 定位尝试 7：未找到窗口 subs=['接待', '千牛']
[定位] 第 8 次：未找到标题匹配任一子串的窗口：接待、千牛
2026-03-29 17:30:23 | INFO | main | 定位尝试 8：未找到窗口 subs=['接待', '千牛']
[定位] 第 8 次：未找到标题匹配任一子串的窗口：接待、千牛
2026-03-29 17:30:25 | INFO | main | 定位尝试 8：未找到窗口 subs=['接待', '千牛']
[定位] 第 9 次：未找到标题匹配任一子串的窗口：接待、千牛
2026-03-29 17:30:25 | INFO | main | 定位尝试 9：未找到窗口 subs=['接待', '千牛']
[定位] 第 9 次：未找到标题匹配任一子串的窗口：接待、千牛
2026-03-29 17:30:27 | INFO | main | 定位尝试 9：未找到窗口 subs=['接待', '千牛']
[定位] 第 10 次：未找到标题匹配任一子串的窗口：接待、千牛
2026-03-29 17:30:27 | INFO | main | 定位尝试 10：未找到窗口 subs=['接待', '千牛']
[定位] 第 10 次：未找到标题匹配任一子串的窗口：接待、千牛
2026-03-29 17:30:29 | INFO | main | 定位尝试 10：未找到窗口 subs=['接待', '千牛']
[定位] 第 11 次：未找到标题匹配任一子串的窗口：接待、千牛
2026-03-29 17:30:29 | INFO | main | 定位尝试 11：未找到窗口 subs=['接待', '千牛']
[定位] 第 11 次：未找到标题匹配任一子串的窗口：接待、千牛
2026-03-29 17:30:31 | INFO | main | 定位尝试 11：未找到窗口 subs=['接待', '千牛']
[定位] 第 12 次：未找到标题匹配任一子串的窗口：接待、千牛
2026-03-29 17:30:31 | INFO | main | 定位尝试 12：未找到窗口 subs=['接待', '千牛']
[定位] 第 12 次：未找到标题匹配任一子串的窗口：接待、千牛
2026-03-29 17:30:33 | INFO | main | 定位尝试 12：未找到窗口 subs=['接待', '千牛']
[定位] 第 13 次：未找到标题匹配任一子串的窗口：接待、千牛
2026-03-29 17:30:33 | INFO | main | 定位尝试 13：未找到窗口 subs=['接待', '千牛']
[定位] 第 13 次：未找到标题匹配任一子串的窗口：接待、千牛
2026-03-29 17:30:35 | INFO | main | 定位尝试 13：未找到窗口 subs=['接待', '千牛']
[定位] 第 14 次：未找到标题匹配任一子串的窗口：接待、千牛
2026-03-29 17:30:35 | INFO | main | 定位尝试 14：未找到窗口 subs=['接待', '千牛']
[定位] 第 14 次：未找到标题匹配任一子串的窗口：接待、千牛
2026-03-29 17:30:37 | INFO | main | 定位尝试 14：未找到窗口 subs=['接待', '千牛']
[定位] 第 15 次：未找到标题匹配任一子串的窗口：接待、千牛
2026-03-29 17:30:37 | INFO | main | 定位尝试 15：未找到窗口 subs=['接待', '千牛']
[定位] 第 15 次：未找到标题匹配任一子串的窗口：接待、千牛
2026-03-29 17:30:39 | INFO | main | 定位尝试 15：未找到窗口 subs=['接待', '千牛']
重新定位失败，5s 后再试
重新定位失败，5s 后再试
[窗口丢失] 尝试重新定位…
2026-03-29 17:30:44 | WARNING | main | 窗口丢失，重新定位
[定位] 第 1 次：未找到标题匹配任一子串的窗口：接待、千牛
2026-03-29 17:30:44 | INFO | main | 定位尝试 1：未找到窗口 subs=['接待', '千牛']
[窗口丢失] 尝试重新定位…
2026-03-29 17:30:46 | WARNING | main | 窗口丢失，重新定位
[定位] 第 1 次：未找到标题匹配任一子串的窗口：接待、千牛
2026-03-29 17:30:46 | INFO | main | 定位尝试 1：未找到窗口 subs=['接待', '千牛']
[定位] 第 2 次：未找到标题匹配任一子串的窗口：接待、千牛
2026-03-29 17:30:46 | INFO | main | 定位尝试 2：未找到窗口 subs=['接待', '千牛']
[定位] 第 2 次：未找到标题匹配任一子串的窗口：接待、千牛
2026-03-29 17:30:48 | INFO | main | 定位尝试 2：未找到窗口 subs=['接待', '千牛']
[定位] 第 3 次：未找到标题匹配任一子串的窗口：接待、千牛
2026-03-29 17:30:49 | INFO | main | 定位尝试 3：未找到窗口 subs=['接待', '千牛']
[定位] 第 3 次：未找到标题匹配任一子串的窗口：接待、千牛
2026-03-29 17:30:50 | INFO | main | 定位尝试 3：未找到窗口 subs=['接待', '千牛']
[定位] 第 4 次：未找到标题匹配任一子串的窗口：接待、千牛
2026-03-29 17:30:51 | INFO | main | 定位尝试 4：未找到窗口 subs=['接待', '千牛']
[定位] 第 4 次：未找到标题匹配任一子串的窗口：接待、千牛
2026-03-29 17:30:52 | INFO | main | 定位尝试 4：未找到窗口 subs=['接待', '千牛']
[定位] 第 5 次：未找到标题匹配任一子串的窗口：接待、千牛
2026-03-29 17:30:53 | INFO | main | 定位尝试 5：未找到窗口 subs=['接待', '千牛']
[定位] 第 5 次：未找到标题匹配任一子串的窗口：接待、千牛
2026-03-29 17:30:54 | INFO | main | 定位尝试 5：未找到窗口 subs=['接待', '千牛']
[定位] 第 6 次：未找到标题匹配任一子串的窗口：接待、千牛
2026-03-29 17:30:55 | INFO | main | 定位尝试 6：未找到窗口 subs=['接待', '千牛']
[定位] 第 6 次：未找到标题匹配任一子串的窗口：接待、千牛
2026-03-29 17:30:56 | INFO | main | 定位尝试 6：未找到窗口 subs=['接待', '千牛']
[定位] 第 7 次：未找到标题匹配任一子串的窗口：接待、千牛
2026-03-29 17:30:57 | INFO | main | 定位尝试 7：未找到窗口 subs=['接待', '千牛']
[定位] 第 7 次：未找到标题匹配任一子串的窗口：接待、千牛
2026-03-29 17:30:59 | INFO | main | 定位尝试 7：未找到窗口 subs=['接待', '千牛']
[定位] 第 8 次：未找到标题匹配任一子串的窗口：接待、千牛
2026-03-29 17:30:59 | INFO | main | 定位尝试 8：未找到窗口 subs=['接待', '千牛']
[定位] 第 8 次：未找到标题匹配任一子串的窗口：接待、千牛
2026-03-29 17:31:01 | INFO | main | 定位尝试 8：未找到窗口 subs=['接待', '千牛']
[定位] 第 9 次：未找到标题匹配任一子串的窗口：接待、千牛
2026-03-29 17:31:01 | INFO | main | 定位尝试 9：未找到窗口 subs=['接待', '千牛']
[定位] 第 9 次：未找到标题匹配任一子串的窗口：接待、千牛
2026-03-29 17:31:03 | INFO | main | 定位尝试 9：未找到窗口 subs=['接待', '千牛']
[定位] 第 10 次：未找到标题匹配任一子串的窗口：接待、千牛
2026-03-29 17:31:03 | INFO | main | 定位尝试 10：未找到窗口 subs=['接待', '千牛']
[定位] 第 10 次：未找到标题匹配任一子串的窗口：接待、千牛
2026-03-29 17:31:05 | INFO | main | 定位尝试 10：未找到窗口 subs=['接待', '千牛']
[定位] 第 11 次：未找到标题匹配任一子串的窗口：接待、千牛
2026-03-29 17:31:05 | INFO | main | 定位尝试 11：未找到窗口 subs=['接待', '千牛']
[定位] 第 11 次：未找到标题匹配任一子串的窗口：接待、千牛
2026-03-29 17:31:07 | INFO | main | 定位尝试 11：未找到窗口 subs=['接待', '千牛']
[定位] 第 12 次：未找到标题匹配任一子串的窗口：接待、千牛
2026-03-29 17:31:07 | INFO | main | 定位尝试 12：未找到窗口 subs=['接待', '千牛']
[定位] 第 12 次：未找到标题匹配任一子串的窗口：接待、千牛
2026-03-29 17:31:09 | INFO | main | 定位尝试 12：未找到窗口 subs=['接待', '千牛']
[定位] 第 13 次：未找到标题匹配任一子串的窗口：接待、千牛
2026-03-29 17:31:09 | INFO | main | 定位尝试 13：未找到窗口 subs=['接待', '千牛']
[定位] 第 13 次：未找到标题匹配任一子串的窗口：接待、千牛
2026-03-29 17:31:11 | INFO | main | 定位尝试 13：未找到窗口 subs=['接待', '千牛']
[定位] 第 14 次：未找到标题匹配任一子串的窗口：接待、千牛
2026-03-29 17:31:11 | INFO | main | 定位尝试 14：未找到窗口 subs=['接待', '千牛']
[定位] 第 14 次：未找到标题匹配任一子串的窗口：接待、千牛
2026-03-29 17:31:13 | INFO | main | 定位尝试 14：未找到窗口 subs=['接待', '千牛']
[定位] 第 15 次：未找到标题匹配任一子串的窗口：接待、千牛
2026-03-29 17:31:13 | INFO | main | 定位尝试 15：未找到窗口 subs=['接待', '千牛']
[定位] 第 15 次：未找到标题匹配任一子串的窗口：接待、千牛
2026-03-29 17:31:15 | INFO | main | 定位尝试 15：未找到窗口 subs=['接待', '千牛']
重新定位失败，5s 后再试
重新定位失败，5s 后再试
[窗口丢失] 尝试重新定位…
2026-03-29 17:31:20 | WARNING | main | 窗口丢失，重新定位
[定位] 第 1 次：未找到标题匹配任一子串的窗口：接待、千牛
2026-03-29 17:31:20 | INFO | main | 定位尝试 1：未找到窗口 subs=['接待', '千牛']
[窗口丢失] 尝试重新定位…
2026-03-29 17:31:22 | WARNING | main | 窗口丢失，重新定位
[定位] 第 1 次：未找到标题匹配任一子串的窗口：接待、千牛
2026-03-29 17:31:22 | INFO | main | 定位尝试 1：未找到窗口 subs=['接待', '千牛']
[定位] 第 2 次：未找到标题匹配任一子串的窗口：接待、千牛
2026-03-29 17:31:22 | INFO | main | 定位尝试 2：未找到窗口 subs=['接待', '千牛']
[定位] 第 2 次：未找到标题匹配任一子串的窗口：接待、千牛
2026-03-29 17:31:24 | INFO | main | 定位尝试 2：未找到窗口 subs=['接待', '千牛']
[定位] 第 3 次：未找到标题匹配任一子串的窗口：接待、千牛
2026-03-29 17:31:24 | INFO | main | 定位尝试 3：未找到窗口 subs=['接待', '千牛']
[定位] 第 3 次：未找到标题匹配任一子串的窗口：接待、千牛
2026-03-29 17:31:26 | INFO | main | 定位尝试 3：未找到窗口 subs=['接待', '千牛']
[定位] 第 4 次：未找到标题匹配任一子串的窗口：接待、千牛
2026-03-29 17:31:26 | INFO | main | 定位尝试 4：未找到窗口 subs=['接待', '千牛']
[定位] 第 4 次：未找到标题匹配任一子串的窗口：接待、千牛
2026-03-29 17:31:28 | INFO | main | 定位尝试 4：未找到窗口 subs=['接待', '千牛']
[定位] 第 5 次：未找到标题匹配任一子串的窗口：接待、千牛
2026-03-29 17:31:28 | INFO | main | 定位尝试 5：未找到窗口 subs=['接待', '千牛']
[定位] 第 5 次：未找到标题匹配任一子串的窗口：接待、千牛
2026-03-29 17:31:30 | INFO | main | 定位尝试 5：未找到窗口 subs=['接待', '千牛']
[定位] 第 6 次：未找到标题匹配任一子串的窗口：接待、千牛
2026-03-29 17:31:30 | INFO | main | 定位尝试 6：未找到窗口 subs=['接待', '千牛']
[定位] 第 6 次：未找到标题匹配任一子串的窗口：接待、千牛
2026-03-29 17:31:32 | INFO | main | 定位尝试 6：未找到窗口 subs=['接待', '千牛']
[定位] 第 7 次：未找到标题匹配任一子串的窗口：接待、千牛
2026-03-29 17:31:32 | INFO | main | 定位尝试 7：未找到窗口 subs=['接待', '千牛']
[定位] 第 7 次：未找到标题匹配任一子串的窗口：接待、千牛
2026-03-29 17:31:34 | INFO | main | 定位尝试 7：未找到窗口 subs=['接待', '千牛']
[定位] 第 8 次：未找到标题匹配任一子串的窗口：接待、千牛
2026-03-29 17:31:34 | INFO | main | 定位尝试 8：未找到窗口 subs=['接待', '千牛']
[定位] 第 8 次：未找到标题匹配任一子串的窗口：接待、千牛
2026-03-29 17:31:36 | INFO | main | 定位尝试 8：未找到窗口 subs=['接待', '千牛']
[定位] 第 9 次：未找到标题匹配任一子串的窗口：接待、千牛
2026-03-29 17:31:36 | INFO | main | 定位尝试 9：未找到窗口 subs=['接待', '千牛']
[定位] 第 9 次：未找到标题匹配任一子串的窗口：接待、千牛
2026-03-29 17:31:38 | INFO | main | 定位尝试 9：未找到窗口 subs=['接待', '千牛']
[定位] 第 10 次：未找到标题匹配任一子串的窗口：接待、千牛
2026-03-29 17:31:38 | INFO | main | 定位尝试 10：未找到窗口 subs=['接待', '千牛']
[定位] 第 10 次：未找到标题匹配任一子串的窗口：接待、千牛
2026-03-29 17:31:40 | INFO | main | 定位尝试 10：未找到窗口 subs=['接待', '千牛']
[定位] 第 11 次：未找到标题匹配任一子串的窗口：接待、千牛
2026-03-29 17:31:40 | INFO | main | 定位尝试 11：未找到窗口 subs=['接待', '千牛']
[定位] 第 11 次：未找到标题匹配任一子串的窗口：接待、千牛
2026-03-29 17:31:42 | INFO | main | 定位尝试 11：未找到窗口 subs=['接待', '千牛']
[定位] 第 12 次：未找到标题匹配任一子串的窗口：接待、千牛
2026-03-29 17:31:43 | INFO | main | 定位尝试 12：未找到窗口 subs=['接待', '千牛']
[定位] 第 12 次：未找到标题匹配任一子串的窗口：接待、千牛
2026-03-29 17:31:44 | INFO | main | 定位尝试 12：未找到窗口 subs=['接待', '千牛']
[定位] 第 13 次：未找到标题匹配任一子串的窗口：接待、千牛
2026-03-29 17:31:45 | INFO | main | 定位尝试 13：未找到窗口 subs=['接待', '千牛']
[定位] 第 13 次：未找到标题匹配任一子串的窗口：接待、千牛
2026-03-29 17:31:46 | INFO | main | 定位尝试 13：未找到窗口 subs=['接待', '千牛']
[定位] 第 14 次：未找到标题匹配任一子串的窗口：接待、千牛
2026-03-29 17:31:47 | INFO | main | 定位尝试 14：未找到窗口 subs=['接待', '千牛']
[定位] 第 14 次：未找到标题匹配任一子串的窗口：接待、千牛
2026-03-29 17:31:48 | INFO | main | 定位尝试 14：未找到窗口 subs=['接待', '千牛']
[定位] 第 15 次：未找到标题匹配任一子串的窗口：接待、千牛
2026-03-29 17:31:49 | INFO | main | 定位尝试 15：未找到窗口 subs=['接待', '千牛']
[定位] 第 15 次：未找到标题匹配任一子串的窗口：接待、千牛
2026-03-29 17:31:51 | INFO | main | 定位尝试 15：未找到窗口 subs=['接待', '千牛']
重新定位失败，5s 后再试
重新定位失败，5s 后再试
2026-03-29 17:31:56 | INFO | main | [SOAK] 已运行 67.3 分钟，已处理 0 条消息
[窗口丢失] 尝试重新定位…
2026-03-29 17:31:56 | WARNING | main | 窗口丢失，重新定位
[定位] 第 1 次：未找到标题匹配任一子串的窗口：接待、千牛
2026-03-29 17:31:56 | INFO | main | 定位尝试 1：未找到窗口 subs=['接待', '千牛']
2026-03-29 17:31:58 | INFO | main | [SOAK] 已运行 53.1 分钟，已处理 0 条消息
[窗口丢失] 尝试重新定位…
2026-03-29 17:31:58 | WARNING | main | 窗口丢失，重新定位
[定位] 第 1 次：未找到标题匹配任一子串的窗口：接待、千牛
2026-03-29 17:31:58 | INFO | main | 定位尝试 1：未找到窗口 subs=['接待', '千牛']
[定位] 第 2 次：未找到标题匹配任一子串的窗口：接待、千牛
2026-03-29 17:31:58 | INFO | main | 定位尝试 2：未找到窗口 subs=['接待', '千牛']
[定位] 第 2 次：未找到标题匹配任一子串的窗口：接待、千牛
2026-03-29 17:32:00 | INFO | main | 定位尝试 2：未找到窗口 subs=['接待', '千牛']
[定位] 第 3 次：未找到标题匹配任一子串的窗口：接待、千牛
2026-03-29 17:32:00 | INFO | main | 定位尝试 3：未找到窗口 subs=['接待', '千牛']
[定位] 第 3 次：未找到标题匹配任一子串的窗口：接待、千牛
2026-03-29 17:32:02 | INFO | main | 定位尝试 3：未找到窗口 subs=['接待', '千牛']
[定位] 第 4 次：未找到标题匹配任一子串的窗口：接待、千牛
2026-03-29 17:32:02 | INFO | main | 定位尝试 4：未找到窗口 subs=['接待', '千牛']
[定位] 第 4 次：未找到标题匹配任一子串的窗口：接待、千牛
2026-03-29 17:32:04 | INFO | main | 定位尝试 4：未找到窗口 subs=['接待', '千牛']
[定位] 第 5 次：未找到标题匹配任一子串的窗口：接待、千牛
2026-03-29 17:32:04 | INFO | main | 定位尝试 5：未找到窗口 subs=['接待', '千牛']
[定位] 第 5 次：未找到标题匹配任一子串的窗口：接待、千牛
2026-03-29 17:32:06 | INFO | main | 定位尝试 5：未找到窗口 subs=['接待', '千牛']
[定位] 第 6 次：未找到标题匹配任一子串的窗口：接待、千牛
2026-03-29 17:32:06 | INFO | main | 定位尝试 6：未找到窗口 subs=['接待', '千牛']
[定位] 第 6 次：未找到标题匹配任一子串的窗口：接待、千牛
2026-03-29 17:32:08 | INFO | main | 定位尝试 6：未找到窗口 subs=['接待', '千牛']
[定位] 第 7 次：未找到标题匹配任一子串的窗口：接待、千牛
2026-03-29 17:32:08 | INFO | main | 定位尝试 7：未找到窗口 subs=['接待', '千牛']
[定位] 第 7 次：未找到标题匹配任一子串的窗口：接待、千牛
2026-03-29 17:32:10 | INFO | main | 定位尝试 7：未找到窗口 subs=['接待', '千牛']
[定位] 第 8 次：未找到标题匹配任一子串的窗口：接待、千牛
2026-03-29 17:32:10 | INFO | main | 定位尝试 8：未找到窗口 subs=['接待', '千牛']
[定位] 第 8 次：未找到标题匹配任一子串的窗口：接待、千牛
2026-03-29 17:32:12 | INFO | main | 定位尝试 8：未找到窗口 subs=['接待', '千牛']
[定位] 第 9 次：未找到标题匹配任一子串的窗口：接待、千牛
2026-03-29 17:32:12 | INFO | main | 定位尝试 9：未找到窗口 subs=['接待', '千牛']
[定位] 第 9 次：未找到标题匹配任一子串的窗口：接待、千牛
2026-03-29 17:32:14 | INFO | main | 定位尝试 9：未找到窗口 subs=['接待', '千牛']
[定位] 第 10 次：未找到标题匹配任一子串的窗口：接待、千牛
2026-03-29 17:32:14 | INFO | main | 定位尝试 10：未找到窗口 subs=['接待', '千牛']
[定位] 第 10 次：未找到标题匹配任一子串的窗口：接待、千牛
2026-03-29 17:32:16 | INFO | main | 定位尝试 10：未找到窗口 subs=['接待', '千牛']
[定位] 第 11 次：未找到标题匹配任一子串的窗口：接待、千牛
2026-03-29 17:32:16 | INFO | main | 定位尝试 11：未找到窗口 subs=['接待', '千牛']
[定位] 第 11 次：未找到标题匹配任一子串的窗口：接待、千牛
2026-03-29 17:32:18 | INFO | main | 定位尝试 11：未找到窗口 subs=['接待', '千牛']
[定位] 第 12 次：未找到标题匹配任一子串的窗口：接待、千牛
2026-03-29 17:32:18 | INFO | main | 定位尝试 12：未找到窗口 subs=['接待', '千牛']
[定位] 第 12 次：未找到标题匹配任一子串的窗口：接待、千牛
2026-03-29 17:32:20 | INFO | main | 定位尝试 12：未找到窗口 subs=['接待', '千牛']
[定位] 第 13 次：未找到标题匹配任一子串的窗口：接待、千牛
2026-03-29 17:32:20 | INFO | main | 定位尝试 13：未找到窗口 subs=['接待', '千牛']
[定位] 第 13 次：未找到标题匹配任一子串的窗口：接待、千牛
2026-03-29 17:32:22 | INFO | main | 定位尝试 13：未找到窗口 subs=['接待', '千牛']
[定位] 第 14 次：未找到标题匹配任一子串的窗口：接待、千牛
2026-03-29 17:32:22 | INFO | main | 定位尝试 14：未找到窗口 subs=['接待', '千牛']
[定位] 第 14 次：未找到标题匹配任一子串的窗口：接待、千牛
2026-03-29 17:32:24 | INFO | main | 定位尝试 14：未找到窗口 subs=['接待', '千牛']
[定位] 第 15 次：未找到标题匹配任一子串的窗口：接待、千牛
2026-03-29 17:32:24 | INFO | main | 定位尝试 15：未找到窗口 subs=['接待', '千牛']
[定位] 第 15 次：未找到标题匹配任一子串的窗口：接待、千牛
2026-03-29 17:32:26 | INFO | main | 定位尝试 15：未找到窗口 subs=['接待', '千牛']
重新定位失败，5s 后再试
重新定位失败，5s 后再试
[窗口丢失] 尝试重新定位…
2026-03-29 17:32:31 | WARNING | main | 窗口丢失，重新定位
[定位] 第 1 次：未找到标题匹配任一子串的窗口：接待、千牛
2026-03-29 17:32:31 | INFO | main | 定位尝试 1：未找到窗口 subs=['接待', '千牛']
[窗口丢失] 尝试重新定位…
2026-03-29 17:32:33 | WARNING | main | 窗口丢失，重新定位
[定位] 第 1 次：未找到标题匹配任一子串的窗口：接待、千牛
2026-03-29 17:32:33 | INFO | main | 定位尝试 1：未找到窗口 subs=['接待', '千牛']
[定位] 第 2 次：未找到标题匹配任一子串的窗口：接待、千牛
2026-03-29 17:32:33 | INFO | main | 定位尝试 2：未找到窗口 subs=['接待', '千牛']
[定位] 第 2 次：未找到标题匹配任一子串的窗口：接待、千牛
2026-03-29 17:32:35 | INFO | main | 定位尝试 2：未找到窗口 subs=['接待', '千牛']
[定位] 第 3 次：未找到标题匹配任一子串的窗口：接待、千牛
2026-03-29 17:32:35 | INFO | main | 定位尝试 3：未找到窗口 subs=['接待', '千牛']
[定位] 第 3 次：未找到标题匹配任一子串的窗口：接待、千牛
2026-03-29 17:32:37 | INFO | main | 定位尝试 3：未找到窗口 subs=['接待', '千牛']
[定位] 第 4 次：未找到标题匹配任一子串的窗口：接待、千牛
2026-03-29 17:32:37 | INFO | main | 定位尝试 4：未找到窗口 subs=['接待', '千牛']
[定位] 第 4 次：未找到标题匹配任一子串的窗口：接待、千牛
2026-03-29 17:32:39 | INFO | main | 定位尝试 4：未找到窗口 subs=['接待', '千牛']
[定位] 第 5 次：未找到标题匹配任一子串的窗口：接待、千牛
2026-03-29 17:32:39 | INFO | main | 定位尝试 5：未找到窗口 subs=['接待', '千牛']
[定位] 第 5 次：未找到标题匹配任一子串的窗口：接待、千牛
2026-03-29 17:32:41 | INFO | main | 定位尝试 5：未找到窗口 subs=['接待', '千牛']
[定位] 第 6 次：未找到标题匹配任一子串的窗口：接待、千牛
2026-03-29 17:32:42 | INFO | main | 定位尝试 6：未找到窗口 subs=['接待', '千牛']
[定位] 第 6 次：未找到标题匹配任一子串的窗口：接待、千牛
2026-03-29 17:32:43 | INFO | main | 定位尝试 6：未找到窗口 subs=['接待', '千牛']
[定位] 第 7 次：未找到标题匹配任一子串的窗口：接待、千牛
2026-03-29 17:32:44 | INFO | main | 定位尝试 7：未找到窗口 subs=['接待', '千牛']
[定位] 第 7 次：未找到标题匹配任一子串的窗口：接待、千牛
2026-03-29 17:32:45 | INFO | main | 定位尝试 7：未找到窗口 subs=['接待', '千牛']
[定位] 第 8 次：未找到标题匹配任一子串的窗口：接待、千牛
2026-03-29 17:32:46 | INFO | main | 定位尝试 8：未找到窗口 subs=['接待', '千牛']
[定位] 第 8 次：未找到标题匹配任一子串的窗口：接待、千牛
2026-03-29 17:32:48 | INFO | main | 定位尝试 8：未找到窗口 subs=['接待', '千牛']
[定位] 第 9 次：未找到标题匹配任一子串的窗口：接待、千牛
2026-03-29 17:32:48 | INFO | main | 定位尝试 9：未找到窗口 subs=['接待', '千牛']
[定位] 第 9 次：未找到标题匹配任一子串的窗口：接待、千牛
2026-03-29 17:32:50 | INFO | main | 定位尝试 9：未找到窗口 subs=['接待', '千牛']
[定位] 第 10 次：未找到标题匹配任一子串的窗口：接待、千牛
2026-03-29 17:32:50 | INFO | main | 定位尝试 10：未找到窗口 subs=['接待', '千牛']
[定位] 第 10 次：未找到标题匹配任一子串的窗口：接待、千牛
2026-03-29 17:32:52 | INFO | main | 定位尝试 10：未找到窗口 subs=['接待', '千牛']
[定位] 第 11 次：未找到标题匹配任一子串的窗口：接待、千牛
2026-03-29 17:32:52 | INFO | main | 定位尝试 11：未找到窗口 subs=['接待', '千牛']
[定位] 第 11 次：未找到标题匹配任一子串的窗口：接待、千牛
2026-03-29 17:32:54 | INFO | main | 定位尝试 11：未找到窗口 subs=['接待', '千牛']
[定位] 第 12 次：未找到标题匹配任一子串的窗口：接待、千牛
2026-03-29 17:32:54 | INFO | main | 定位尝试 12：未找到窗口 subs=['接待', '千牛']
[定位] 第 12 次：未找到标题匹配任一子串的窗口：接待、千牛
2026-03-29 17:32:56 | INFO | main | 定位尝试 12：未找到窗口 subs=['接待', '千牛']
[定位] 第 13 次：未找到标题匹配任一子串的窗口：接待、千牛
2026-03-29 17:32:56 | INFO | main | 定位尝试 13：未找到窗口 subs=['接待', '千牛']
[定位] 第 13 次：未找到标题匹配任一子串的窗口：接待、千牛
2026-03-29 17:32:58 | INFO | main | 定位尝试 13：未找到窗口 subs=['接待', '千牛']
[定位] 第 14 次：未找到标题匹配任一子串的窗口：接待、千牛
2026-03-29 17:32:58 | INFO | main | 定位尝试 14：未找到窗口 subs=['接待', '千牛']
[定位] 第 14 次：未找到标题匹配任一子串的窗口：接待、千牛
2026-03-29 17:33:00 | INFO | main | 定位尝试 14：未找到窗口 subs=['接待', '千牛']
[定位] 第 15 次：未找到标题匹配任一子串的窗口：接待、千牛
2026-03-29 17:33:00 | INFO | main | 定位尝试 15：未找到窗口 subs=['接待', '千牛']
[定位] 第 15 次：未找到标题匹配任一子串的窗口：接待、千牛
2026-03-29 17:33:02 | INFO | main | 定位尝试 15：未找到窗口 subs=['接待', '千牛']
重新定位失败，5s 后再试
重新定位失败，5s 后再试
[窗口丢失] 尝试重新定位…
2026-03-29 17:33:07 | WARNING | main | 窗口丢失，重新定位
[定位] 第 1 次：未找到标题匹配任一子串的窗口：接待、千牛
2026-03-29 17:33:07 | INFO | main | 定位尝试 1：未找到窗口 subs=['接待', '千牛']
[窗口丢失] 尝试重新定位…
2026-03-29 17:33:09 | WARNING | main | 窗口丢失，重新定位
[定位] 第 1 次：未找到标题匹配任一子串的窗口：接待、千牛
2026-03-29 17:33:09 | INFO | main | 定位尝试 1：未找到窗口 subs=['接待', '千牛']
[定位] 第 2 次：未找到标题匹配任一子串的窗口：接待、千牛
2026-03-29 17:33:09 | INFO | main | 定位尝试 2：未找到窗口 subs=['接待', '千牛']
[定位] 第 2 次：未找到标题匹配任一子串的窗口：接待、千牛
2026-03-29 17:33:11 | INFO | main | 定位尝试 2：未找到窗口 subs=['接待', '千牛']
[定位] 第 3 次：未找到标题匹配任一子串的窗口：接待、千牛
2026-03-29 17:33:11 | INFO | main | 定位尝试 3：未找到窗口 subs=['接待', '千牛']
[定位] 第 3 次：未找到标题匹配任一子串的窗口：接待、千牛
2026-03-29 17:33:13 | INFO | main | 定位尝试 3：未找到窗口 subs=['接待', '千牛']
[定位] 第 4 次：未找到标题匹配任一子串的窗口：接待、千牛
2026-03-29 17:33:13 | INFO | main | 定位尝试 4：未找到窗口 subs=['接待', '千牛']
[定位] 第 4 次：未找到标题匹配任一子串的窗口：接待、千牛
2026-03-29 17:33:15 | INFO | main | 定位尝试 4：未找到窗口 subs=['接待', '千牛']
[定位] 第 5 次：未找到标题匹配任一子串的窗口：接待、千牛
2026-03-29 17:33:15 | INFO | main | 定位尝试 5：未找到窗口 subs=['接待', '千牛']
[定位] 第 5 次：未找到标题匹配任一子串的窗口：接待、千牛
2026-03-29 17:33:17 | INFO | main | 定位尝试 5：未找到窗口 subs=['接待', '千牛']
[定位] 第 6 次：未找到标题匹配任一子串的窗口：接待、千牛
2026-03-29 17:33:17 | INFO | main | 定位尝试 6：未找到窗口 subs=['接待', '千牛']
[定位] 第 6 次：未找到标题匹配任一子串的窗口：接待、千牛
2026-03-29 17:33:19 | INFO | main | 定位尝试 6：未找到窗口 subs=['接待', '千牛']
[定位] 第 7 次：未找到标题匹配任一子串的窗口：接待、千牛
2026-03-29 17:33:19 | INFO | main | 定位尝试 7：未找到窗口 subs=['接待', '千牛']
[定位] 第 7 次：未找到标题匹配任一子串的窗口：接待、千牛
2026-03-29 17:33:21 | INFO | main | 定位尝试 7：未找到窗口 subs=['接待', '千牛']
[定位] 第 8 次：未找到标题匹配任一子串的窗口：接待、千牛
2026-03-29 17:33:21 | INFO | main | 定位尝试 8：未找到窗口 subs=['接待', '千牛']
[定位] 第 8 次：未找到标题匹配任一子串的窗口：接待、千牛
2026-03-29 17:33:23 | INFO | main | 定位尝试 8：未找到窗口 subs=['接待', '千牛']
[定位] 第 9 次：未找到标题匹配任一子串的窗口：接待、千牛
2026-03-29 17:33:23 | INFO | main | 定位尝试 9：未找到窗口 subs=['接待', '千牛']
[定位] 第 9 次：未找到标题匹配任一子串的窗口：接待、千牛
2026-03-29 17:33:25 | INFO | main | 定位尝试 9：未找到窗口 subs=['接待', '千牛']
[定位] 第 10 次：未找到标题匹配任一子串的窗口：接待、千牛
2026-03-29 17:33:25 | INFO | main | 定位尝试 10：未找到窗口 subs=['接待', '千牛']
[定位] 第 10 次：未找到标题匹配任一子串的窗口：接待、千牛
2026-03-29 17:33:27 | INFO | main | 定位尝试 10：未找到窗口 subs=['接待', '千牛']
[定位] 第 11 次：未找到标题匹配任一子串的窗口：接待、千牛
2026-03-29 17:33:27 | INFO | main | 定位尝试 11：未找到窗口 subs=['接待', '千牛']
[定位] 第 11 次：未找到标题匹配任一子串的窗口：接待、千牛
2026-03-29 17:33:29 | INFO | main | 定位尝试 11：未找到窗口 subs=['接待', '千牛']
[定位] 第 12 次：未找到标题匹配任一子串的窗口：接待、千牛
2026-03-29 17:33:30 | INFO | main | 定位尝试 12：未找到窗口 subs=['接待', '千牛']
[定位] 第 12 次：未找到标题匹配任一子串的窗口：接待、千牛
2026-03-29 17:33:31 | INFO | main | 定位尝试 12：未找到窗口 subs=['接待', '千牛']
[定位] 第 13 次：未找到标题匹配任一子串的窗口：接待、千牛
2026-03-29 17:33:32 | INFO | main | 定位尝试 13：未找到窗口 subs=['接待', '千牛']
[定位] 第 13 次：未找到标题匹配任一子串的窗口：接待、千牛
2026-03-29 17:33:33 | INFO | main | 定位尝试 13：未找到窗口 subs=['接待', '千牛']
[定位] 第 14 次：未找到标题匹配任一子串的窗口：接待、千牛
2026-03-29 17:33:34 | INFO | main | 定位尝试 14：未找到窗口 subs=['接待', '千牛']
[定位] 第 14 次：未找到标题匹配任一子串的窗口：接待、千牛
2026-03-29 17:33:36 | INFO | main | 定位尝试 14：未找到窗口 subs=['接待', '千牛']
[定位] 第 15 次：未找到标题匹配任一子串的窗口：接待、千牛
2026-03-29 17:33:36 | INFO | main | 定位尝试 15：未找到窗口 subs=['接待', '千牛']
[定位] 第 15 次：未找到标题匹配任一子串的窗口：接待、千牛
2026-03-29 17:33:38 | INFO | main | 定位尝试 15：未找到窗口 subs=['接待', '千牛']
重新定位失败，5s 后再试
重新定位失败，5s 后再试
[窗口丢失] 尝试重新定位…
2026-03-29 17:33:43 | WARNING | main | 窗口丢失，重新定位
[定位] 第 1 次：未找到标题匹配任一子串的窗口：接待、千牛
2026-03-29 17:33:43 | INFO | main | 定位尝试 1：未找到窗口 subs=['接待', '千牛']
[窗口丢失] 尝试重新定位…
2026-03-29 17:33:45 | WARNING | main | 窗口丢失，重新定位
[定位] 第 1 次：未找到标题匹配任一子串的窗口：接待、千牛
2026-03-29 17:33:45 | INFO | main | 定位尝试 1：未找到窗口 subs=['接待', '千牛']
[定位] 第 2 次：未找到标题匹配任一子串的窗口：接待、千牛
2026-03-29 17:33:45 | INFO | main | 定位尝试 2：未找到窗口 subs=['接待', '千牛']
[定位] 第 2 次：未找到标题匹配任一子串的窗口：接待、千牛
2026-03-29 17:33:47 | INFO | main | 定位尝试 2：未找到窗口 subs=['接待', '千牛']
[定位] 第 3 次：未找到标题匹配任一子串的窗口：接待、千牛
2026-03-29 17:33:47 | INFO | main | 定位尝试 3：未找到窗口 subs=['接待', '千牛']
[定位] 第 3 次：未找到标题匹配任一子串的窗口：接待、千牛
2026-03-29 17:33:49 | INFO | main | 定位尝试 3：未找到窗口 subs=['接待', '千牛']
[定位] 第 4 次：未找到标题匹配任一子串的窗口：接待、千牛
2026-03-29 17:33:49 | INFO | main | 定位尝试 4：未找到窗口 subs=['接待', '千牛']
[定位] 第 4 次：未找到标题匹配任一子串的窗口：接待、千牛
2026-03-29 17:33:51 | INFO | main | 定位尝试 4：未找到窗口 subs=['接待', '千牛']
[定位] 第 5 次：未找到标题匹配任一子串的窗口：接待、千牛
2026-03-29 17:33:51 | INFO | main | 定位尝试 5：未找到窗口 subs=['接待', '千牛']
[定位] 第 5 次：未找到标题匹配任一子串的窗口：接待、千牛
2026-03-29 17:33:53 | INFO | main | 定位尝试 5：未找到窗口 subs=['接待', '千牛']
[定位] 第 6 次：未找到标题匹配任一子串的窗口：接待、千牛
2026-03-29 17:33:53 | INFO | main | 定位尝试 6：未找到窗口 subs=['接待', '千牛']
[定位] 第 6 次：未找到标题匹配任一子串的窗口：接待、千牛
2026-03-29 17:33:55 | INFO | main | 定位尝试 6：未找到窗口 subs=['接待', '千牛']
[定位] 第 7 次：未找到标题匹配任一子串的窗口：接待、千牛
2026-03-29 17:33:55 | INFO | main | 定位尝试 7：未找到窗口 subs=['接待', '千牛']
[定位] 第 7 次：未找到标题匹配任一子串的窗口：接待、千牛
2026-03-29 17:33:57 | INFO | main | 定位尝试 7：未找到窗口 subs=['接待', '千牛']
[定位] 第 8 次：未找到标题匹配任一子串的窗口：接待、千牛
2026-03-29 17:33:57 | INFO | main | 定位尝试 8：未找到窗口 subs=['接待', '千牛']
[定位] 第 8 次：未找到标题匹配任一子串的窗口：接待、千牛
2026-03-29 17:33:59 | INFO | main | 定位尝试 8：未找到窗口 subs=['接待', '千牛']
[定位] 第 9 次：未找到标题匹配任一子串的窗口：接待、千牛
2026-03-29 17:33:59 | INFO | main | 定位尝试 9：未找到窗口 subs=['接待', '千牛']
[定位] 第 9 次：未找到标题匹配任一子串的窗口：接待、千牛
2026-03-29 17:34:01 | INFO | main | 定位尝试 9：未找到窗口 subs=['接待', '千牛']
[定位] 第 10 次：未找到标题匹配任一子串的窗口：接待、千牛
2026-03-29 17:34:01 | INFO | main | 定位尝试 10：未找到窗口 subs=['接待', '千牛']
[定位] 第 10 次：未找到标题匹配任一子串的窗口：接待、千牛
2026-03-29 17:34:03 | INFO | main | 定位尝试 10：未找到窗口 subs=['接待', '千牛']
[定位] 第 11 次：未找到标题匹配任一子串的窗口：接待、千牛
2026-03-29 17:34:03 | INFO | main | 定位尝试 11：未找到窗口 subs=['接待', '千牛']
[定位] 第 11 次：未找到标题匹配任一子串的窗口：接待、千牛
2026-03-29 17:34:05 | INFO | main | 定位尝试 11：未找到窗口 subs=['接待', '千牛']
[定位] 第 12 次：未找到标题匹配任一子串的窗口：接待、千牛
2026-03-29 17:34:05 | INFO | main | 定位尝试 12：未找到窗口 subs=['接待', '千牛']
[定位] 第 12 次：未找到标题匹配任一子串的窗口：接待、千牛
2026-03-29 17:34:07 | INFO | main | 定位尝试 12：未找到窗口 subs=['接待', '千牛']
[定位] 第 13 次：未找到标题匹配任一子串的窗口：接待、千牛
2026-03-29 17:34:07 | INFO | main | 定位尝试 13：未找到窗口 subs=['接待', '千牛']
[定位] 第 13 次：未找到标题匹配任一子串的窗口：接待、千牛
2026-03-29 17:34:09 | INFO | main | 定位尝试 13：未找到窗口 subs=['接待', '千牛']
[定位] 第 14 次：未找到标题匹配任一子串的窗口：接待、千牛
2026-03-29 17:34:09 | INFO | main | 定位尝试 14：未找到窗口 subs=['接待', '千牛']
[定位] 第 14 次：未找到标题匹配任一子串的窗口：接待、千牛
2026-03-29 17:34:11 | INFO | main | 定位尝试 14：未找到窗口 subs=['接待', '千牛']
[定位] 第 15 次：未找到标题匹配任一子串的窗口：接待、千牛
2026-03-29 17:34:11 | INFO | main | 定位尝试 15：未找到窗口 subs=['接待', '千牛']
[定位] 第 15 次：未找到标题匹配任一子串的窗口：接待、千牛
2026-03-29 17:34:13 | INFO | main | 定位尝试 15：未找到窗口 subs=['接待', '千牛']
重新定位失败，5s 后再试
重新定位失败，5s 后再试
[窗口丢失] 尝试重新定位…
2026-03-29 17:34:18 | WARNING | main | 窗口丢失，重新定位
[定位] 第 1 次：未找到标题匹配任一子串的窗口：接待、千牛
2026-03-29 17:34:18 | INFO | main | 定位尝试 1：未找到窗口 subs=['接待', '千牛']
[窗口丢失] 尝试重新定位…
2026-03-29 17:34:20 | WARNING | main | 窗口丢失，重新定位
[定位] 第 1 次：未找到标题匹配任一子串的窗口：接待、千牛
2026-03-29 17:34:20 | INFO | main | 定位尝试 1：未找到窗口 subs=['接待', '千牛']
[定位] 第 2 次：未找到标题匹配任一子串的窗口：接待、千牛
2026-03-29 17:34:20 | INFO | main | 定位尝试 2：未找到窗口 subs=['接待', '千牛']
[定位] 第 2 次：未找到标题匹配任一子串的窗口：接待、千牛
2026-03-29 17:34:22 | INFO | main | 定位尝试 2：未找到窗口 subs=['接待', '千牛']
[定位] 第 3 次：未找到标题匹配任一子串的窗口：接待、千牛
2026-03-29 17:34:22 | INFO | main | 定位尝试 3：未找到窗口 subs=['接待', '千牛']
[定位] 第 3 次：未找到标题匹配任一子串的窗口：接待、千牛
2026-03-29 17:34:24 | INFO | main | 定位尝试 3：未找到窗口 subs=['接待', '千牛']
[定位] 第 4 次：未找到标题匹配任一子串的窗口：接待、千牛
2026-03-29 17:34:25 | INFO | main | 定位尝试 4：未找到窗口 subs=['接待', '千牛']
[定位] 第 4 次：未找到标题匹配任一子串的窗口：接待、千牛
2026-03-29 17:34:26 | INFO | main | 定位尝试 4：未找到窗口 subs=['接待', '千牛']
[定位] 第 5 次：未找到标题匹配任一子串的窗口：接待、千牛
2026-03-29 17:34:27 | INFO | main | 定位尝试 5：未找到窗口 subs=['接待', '千牛']
[定位] 第 5 次：未找到标题匹配任一子串的窗口：接待、千牛
2026-03-29 17:34:28 | INFO | main | 定位尝试 5：未找到窗口 subs=['接待', '千牛']
[定位] 第 6 次：未找到标题匹配任一子串的窗口：接待、千牛
2026-03-29 17:34:29 | INFO | main | 定位尝试 6：未找到窗口 subs=['接待', '千牛']
[定位] 第 6 次：未找到标题匹配任一子串的窗口：接待、千牛
2026-03-29 17:34:30 | INFO | main | 定位尝试 6：未找到窗口 subs=['接待', '千牛']
[定位] 第 7 次：未找到标题匹配任一子串的窗口：接待、千牛
2026-03-29 17:34:31 | INFO | main | 定位尝试 7：未找到窗口 subs=['接待', '千牛']
[定位] 第 7 次：未找到标题匹配任一子串的窗口：接待、千牛
2026-03-29 17:34:32 | INFO | main | 定位尝试 7：未找到窗口 subs=['接待', '千牛']
[定位] 第 8 次：未找到标题匹配任一子串的窗口：接待、千牛
2026-03-29 17:34:33 | INFO | main | 定位尝试 8：未找到窗口 subs=['接待', '千牛']
[定位] 第 8 次：未找到标题匹配任一子串的窗口：接待、千牛
2026-03-29 17:34:34 | INFO | main | 定位尝试 8：未找到窗口 subs=['接待', '千牛']
[定位] 第 9 次：未找到标题匹配任一子串的窗口：接待、千牛
2026-03-29 17:34:35 | INFO | main | 定位尝试 9：未找到窗口 subs=['接待', '千牛']
[定位] 第 9 次：未找到标题匹配任一子串的窗口：接待、千牛
2026-03-29 17:34:36 | INFO | main | 定位尝试 9：未找到窗口 subs=['接待', '千牛']
[定位] 第 10 次：未找到标题匹配任一子串的窗口：接待、千牛
2026-03-29 17:34:37 | INFO | main | 定位尝试 10：未找到窗口 subs=['接待', '千牛']
[定位] 第 10 次：未找到标题匹配任一子串的窗口：接待、千牛
2026-03-29 17:34:39 | INFO | main | 定位尝试 10：未找到窗口 subs=['接待', '千牛']
[定位] 第 11 次：未找到标题匹配任一子串的窗口：接待、千牛
2026-03-29 17:34:39 | INFO | main | 定位尝试 11：未找到窗口 subs=['接待', '千牛']
[定位] 第 11 次：未找到标题匹配任一子串的窗口：接待、千牛
2026-03-29 17:34:41 | INFO | main | 定位尝试 11：未找到窗口 subs=['接待', '千牛']
[定位] 第 12 次：未找到标题匹配任一子串的窗口：接待、千牛
2026-03-29 17:34:41 | INFO | main | 定位尝试 12：未找到窗口 subs=['接待', '千牛']
[定位] 第 12 次：未找到标题匹配任一子串的窗口：接待、千牛
2026-03-29 17:34:43 | INFO | main | 定位尝试 12：未找到窗口 subs=['接待', '千牛']
[定位] 第 13 次：未找到标题匹配任一子串的窗口：接待、千牛
2026-03-29 17:34:43 | INFO | main | 定位尝试 13：未找到窗口 subs=['接待', '千牛']
[定位] 第 13 次：未找到标题匹配任一子串的窗口：接待、千牛
2026-03-29 17:34:45 | INFO | main | 定位尝试 13：未找到窗口 subs=['接待', '千牛']
[定位] 第 14 次：未找到标题匹配任一子串的窗口：接待、千牛
2026-03-29 17:34:45 | INFO | main | 定位尝试 14：未找到窗口 subs=['接待', '千牛']
[定位] 第 14 次：未找到标题匹配任一子串的窗口：接待、千牛
2026-03-29 17:34:47 | INFO | main | 定位尝试 14：未找到窗口 subs=['接待', '千牛']
[定位] 第 15 次：未找到标题匹配任一子串的窗口：接待、千牛
2026-03-29 17:34:47 | INFO | main | 定位尝试 15：未找到窗口 subs=['接待', '千牛']
[定位] 第 15 次：未找到标题匹配任一子串的窗口：接待、千牛
2026-03-29 17:34:49 | INFO | main | 定位尝试 15：未找到窗口 subs=['接待', '千牛']
重新定位失败，5s 后再试
重新定位失败，5s 后再试
[窗口丢失] 尝试重新定位…
2026-03-29 17:34:54 | WARNING | main | 窗口丢失，重新定位
[定位] 第 1 次：未找到标题匹配任一子串的窗口：接待、千牛
2026-03-29 17:34:54 | INFO | main | 定位尝试 1：未找到窗口 subs=['接待', '千牛']
[窗口丢失] 尝试重新定位…
2026-03-29 17:34:56 | WARNING | main | 窗口丢失，重新定位
[定位] 第 1 次：未找到标题匹配任一子串的窗口：接待、千牛
2026-03-29 17:34:56 | INFO | main | 定位尝试 1：未找到窗口 subs=['接待', '千牛']
[定位] 第 2 次：未找到标题匹配任一子串的窗口：接待、千牛
2026-03-29 17:34:56 | INFO | main | 定位尝试 2：未找到窗口 subs=['接待', '千牛']
[定位] 第 2 次：未找到标题匹配任一子串的窗口：接待、千牛
2026-03-29 17:34:58 | INFO | main | 定位尝试 2：未找到窗口 subs=['接待', '千牛']
[定位] 第 3 次：未找到标题匹配任一子串的窗口：接待、千牛
2026-03-29 17:34:58 | INFO | main | 定位尝试 3：未找到窗口 subs=['接待', '千牛']
[定位] 第 3 次：未找到标题匹配任一子串的窗口：接待、千牛
2026-03-29 17:35:00 | INFO | main | 定位尝试 3：未找到窗口 subs=['接待', '千牛']
[定位] 第 4 次：未找到标题匹配任一子串的窗口：接待、千牛
2026-03-29 17:35:00 | INFO | main | 定位尝试 4：未找到窗口 subs=['接待', '千牛']
[定位] 第 4 次：未找到标题匹配任一子串的窗口：接待、千牛
2026-03-29 17:35:02 | INFO | main | 定位尝试 4：未找到窗口 subs=['接待', '千牛']
[定位] 第 5 次：未找到标题匹配任一子串的窗口：接待、千牛
2026-03-29 17:35:02 | INFO | main | 定位尝试 5：未找到窗口 subs=['接待', '千牛']
[定位] 第 5 次：未找到标题匹配任一子串的窗口：接待、千牛
2026-03-29 17:35:04 | INFO | main | 定位尝试 5：未找到窗口 subs=['接待', '千牛']
[定位] 第 6 次：未找到标题匹配任一子串的窗口：接待、千牛
2026-03-29 17:35:04 | INFO | main | 定位尝试 6：未找到窗口 subs=['接待', '千牛']
[定位] 第 6 次：未找到标题匹配任一子串的窗口：接待、千牛
2026-03-29 17:35:06 | INFO | main | 定位尝试 6：未找到窗口 subs=['接待', '千牛']
[定位] 第 7 次：未找到标题匹配任一子串的窗口：接待、千牛
2026-03-29 17:35:06 | INFO | main | 定位尝试 7：未找到窗口 subs=['接待', '千牛']
[定位] 第 7 次：未找到标题匹配任一子串的窗口：接待、千牛
2026-03-29 17:35:08 | INFO | main | 定位尝试 7：未找到窗口 subs=['接待', '千牛']
[定位] 第 8 次：未找到标题匹配任一子串的窗口：接待、千牛
2026-03-29 17:35:08 | INFO | main | 定位尝试 8：未找到窗口 subs=['接待', '千牛']
[定位] 第 8 次：未找到标题匹配任一子串的窗口：接待、千牛
2026-03-29 17:35:10 | INFO | main | 定位尝试 8：未找到窗口 subs=['接待', '千牛']
[定位] 第 9 次：未找到标题匹配任一子串的窗口：接待、千牛
2026-03-29 17:35:10 | INFO | main | 定位尝试 9：未找到窗口 subs=['接待', '千牛']
[定位] 第 9 次：未找到标题匹配任一子串的窗口：接待、千牛
2026-03-29 17:35:12 | INFO | main | 定位尝试 9：未找到窗口 subs=['接待', '千牛']
[定位] 第 10 次：未找到标题匹配任一子串的窗口：接待、千牛
2026-03-29 17:35:12 | INFO | main | 定位尝试 10：未找到窗口 subs=['接待', '千牛']
[定位] 第 10 次：未找到标题匹配任一子串的窗口：接待、千牛
2026-03-29 17:35:14 | INFO | main | 定位尝试 10：未找到窗口 subs=['接待', '千牛']
[定位] 第 11 次：未找到标题匹配任一子串的窗口：接待、千牛
2026-03-29 17:35:14 | INFO | main | 定位尝试 11：未找到窗口 subs=['接待', '千牛']
[定位] 第 11 次：未找到标题匹配任一子串的窗口：接待、千牛
2026-03-29 17:35:16 | INFO | main | 定位尝试 11：未找到窗口 subs=['接待', '千牛']
[定位] 第 12 次：未找到标题匹配任一子串的窗口：接待、千牛
2026-03-29 17:35:16 | INFO | main | 定位尝试 12：未找到窗口 subs=['接待', '千牛']
[定位] 第 12 次：未找到标题匹配任一子串的窗口：接待、千牛
2026-03-29 17:35:18 | INFO | main | 定位尝试 12：未找到窗口 subs=['接待', '千牛']
[定位] 第 13 次：未找到标题匹配任一子串的窗口：接待、千牛
2026-03-29 17:35:19 | INFO | main | 定位尝试 13：未找到窗口 subs=['接待', '千牛']
[定位] 第 13 次：未找到标题匹配任一子串的窗口：接待、千牛
2026-03-29 17:35:20 | INFO | main | 定位尝试 13：未找到窗口 subs=['接待', '千牛']
[定位] 第 14 次：未找到标题匹配任一子串的窗口：接待、千牛
2026-03-29 17:35:21 | INFO | main | 定位尝试 14：未找到窗口 subs=['接待', '千牛']
[定位] 第 14 次：未找到标题匹配任一子串的窗口：接待、千牛
2026-03-29 17:35:22 | INFO | main | 定位尝试 14：未找到窗口 subs=['接待', '千牛']
[定位] 第 15 次：未找到标题匹配任一子串的窗口：接待、千牛
2026-03-29 17:35:23 | INFO | main | 定位尝试 15：未找到窗口 subs=['接待', '千牛']
[定位] 第 15 次：未找到标题匹配任一子串的窗口：接待、千牛
2026-03-29 17:35:24 | INFO | main | 定位尝试 15：未找到窗口 subs=['接待', '千牛']
重新定位失败，5s 后再试
重新定位失败，5s 后再试
2026-03-29 17:35:30 | ERROR | main | [SOAK] 连续异常 ≥ 10，建议检查窗口状态，休眠 30 秒
2026-03-29 17:35:31 | ERROR | main | [SOAK] 连续异常 ≥ 10，建议检查窗口状态，休眠 30 秒
[窗口丢失] 尝试重新定位…
2026-03-29 17:36:00 | WARNING | main | 窗口丢失，重新定位
[定位] 第 1 次：未找到标题匹配任一子串的窗口：接待、千牛
2026-03-29 17:36:00 | INFO | main | 定位尝试 1：未找到窗口 subs=['接待', '千牛']
[窗口丢失] 尝试重新定位…
2026-03-29 17:36:01 | WARNING | main | 窗口丢失，重新定位
[定位] 第 1 次：未找到标题匹配任一子串的窗口：接待、千牛
2026-03-29 17:36:01 | INFO | main | 定位尝试 1：未找到窗口 subs=['接待', '千牛']
[定位] 第 2 次：未找到标题匹配任一子串的窗口：接待、千牛
2026-03-29 17:36:02 | INFO | main | 定位尝试 2：未找到窗口 subs=['接待', '千牛']
[定位] 第 2 次：未找到标题匹配任一子串的窗口：接待、千牛
2026-03-29 17:36:04 | INFO | main | 定位尝试 2：未找到窗口 subs=['接待', '千牛']
[定位] 第 3 次：未找到标题匹配任一子串的窗口：接待、千牛
2026-03-29 17:36:04 | INFO | main | 定位尝试 3：未找到窗口 subs=['接待', '千牛']
[定位] 第 3 次：未找到标题匹配任一子串的窗口：接待、千牛
2026-03-29 17:36:06 | INFO | main | 定位尝试 3：未找到窗口 subs=['接待', '千牛']
[定位] 第 4 次：未找到标题匹配任一子串的窗口：接待、千牛
2026-03-29 17:36:06 | INFO | main | 定位尝试 4：未找到窗口 subs=['接待', '千牛']
[定位] 第 4 次：未找到标题匹配任一子串的窗口：接待、千牛
2026-03-29 17:36:08 | INFO | main | 定位尝试 4：未找到窗口 subs=['接待', '千牛']
[定位] 第 5 次：未找到标题匹配任一子串的窗口：接待、千牛
2026-03-29 17:36:08 | INFO | main | 定位尝试 5：未找到窗口 subs=['接待', '千牛']
[定位] 第 5 次：未找到标题匹配任一子串的窗口：接待、千牛
2026-03-29 17:36:10 | INFO | main | 定位尝试 5：未找到窗口 subs=['接待', '千牛']
[定位] 第 6 次：未找到标题匹配任一子串的窗口：接待、千牛
2026-03-29 17:36:10 | INFO | main | 定位尝试 6：未找到窗口 subs=['接待', '千牛']
[定位] 第 6 次：未找到标题匹配任一子串的窗口：接待、千牛
2026-03-29 17:36:12 | INFO | main | 定位尝试 6：未找到窗口 subs=['接待', '千牛']
[定位] 第 7 次：未找到标题匹配任一子串的窗口：接待、千牛
2026-03-29 17:36:12 | INFO | main | 定位尝试 7：未找到窗口 subs=['接待', '千牛']
[定位] 第 7 次：未找到标题匹配任一子串的窗口：接待、千牛
2026-03-29 17:36:14 | INFO | main | 定位尝试 7：未找到窗口 subs=['接待', '千牛']
[定位] 第 8 次：未找到标题匹配任一子串的窗口：接待、千牛
2026-03-29 17:36:14 | INFO | main | 定位尝试 8：未找到窗口 subs=['接待', '千牛']
[定位] 第 8 次：未找到标题匹配任一子串的窗口：接待、千牛
2026-03-29 17:36:16 | INFO | main | 定位尝试 8：未找到窗口 subs=['接待', '千牛']
[定位] 第 9 次：未找到标题匹配任一子串的窗口：接待、千牛
2026-03-29 17:36:16 | INFO | main | 定位尝试 9：未找到窗口 subs=['接待', '千牛']
[定位] 第 9 次：未找到标题匹配任一子串的窗口：接待、千牛
2026-03-29 17:36:18 | INFO | main | 定位尝试 9：未找到窗口 subs=['接待', '千牛']
[定位] 第 10 次：未找到标题匹配任一子串的窗口：接待、千牛
2026-03-29 17:36:18 | INFO | main | 定位尝试 10：未找到窗口 subs=['接待', '千牛']
[定位] 第 10 次：未找到标题匹配任一子串的窗口：接待、千牛
2026-03-29 17:36:20 | INFO | main | 定位尝试 10：未找到窗口 subs=['接待', '千牛']
[定位] 第 11 次：未找到标题匹配任一子串的窗口：接待、千牛
2026-03-29 17:36:20 | INFO | main | 定位尝试 11：未找到窗口 subs=['接待', '千牛']
[定位] 第 11 次：未找到标题匹配任一子串的窗口：接待、千牛
2026-03-29 17:36:22 | INFO | main | 定位尝试 11：未找到窗口 subs=['接待', '千牛']
[定位] 第 12 次：未找到标题匹配任一子串的窗口：接待、千牛
2026-03-29 17:36:22 | INFO | main | 定位尝试 12：未找到窗口 subs=['接待', '千牛']
[定位] 第 12 次：未找到标题匹配任一子串的窗口：接待、千牛
2026-03-29 17:36:24 | INFO | main | 定位尝试 12：未找到窗口 subs=['接待', '千牛']
[定位] 第 13 次：未找到标题匹配任一子串的窗口：接待、千牛
2026-03-29 17:36:24 | INFO | main | 定位尝试 13：未找到窗口 subs=['接待', '千牛']
[定位] 第 13 次：未找到标题匹配任一子串的窗口：接待、千牛
2026-03-29 17:36:26 | INFO | main | 定位尝试 13：未找到窗口 subs=['接待', '千牛']
[定位] 第 14 次：未找到标题匹配任一子串的窗口：接待、千牛
2026-03-29 17:36:26 | INFO | main | 定位尝试 14：未找到窗口 subs=['接待', '千牛']
[定位] 第 14 次：未找到标题匹配任一子串的窗口：接待、千牛
2026-03-29 17:36:28 | INFO | main | 定位尝试 14：未找到窗口 subs=['接待', '千牛']
[定位] 第 15 次：未找到标题匹配任一子串的窗口：接待、千牛
2026-03-29 17:36:28 | INFO | main | 定位尝试 15：未找到窗口 subs=['接待', '千牛']
[定位] 第 15 次：未找到标题匹配任一子串的窗口：接待、千牛
2026-03-29 17:36:30 | INFO | main | 定位尝试 15：未找到窗口 subs=['接待', '千牛']
重新定位失败，5s 后再试
重新定位失败，5s 后再试
[窗口丢失] 尝试重新定位…
2026-03-29 17:36:35 | WARNING | main | 窗口丢失，重新定位
[定位] 第 1 次：未找到标题匹配任一子串的窗口：接待、千牛
2026-03-29 17:36:36 | INFO | main | 定位尝试 1：未找到窗口 subs=['接待', '千牛']
[窗口丢失] 尝试重新定位…
2026-03-29 17:36:37 | WARNING | main | 窗口丢失，重新定位
[定位] 第 1 次：未找到标题匹配任一子串的窗口：接待、千牛
2026-03-29 17:36:37 | INFO | main | 定位尝试 1：未找到窗口 subs=['接待', '千牛']
[定位] 第 2 次：未找到标题匹配任一子串的窗口：接待、千牛
2026-03-29 17:36:38 | INFO | main | 定位尝试 2：未找到窗口 subs=['接待', '千牛']
[定位] 第 2 次：未找到标题匹配任一子串的窗口：接待、千牛
2026-03-29 17:36:39 | INFO | main | 定位尝试 2：未找到窗口 subs=['接待', '千牛']
[定位] 第 3 次：未找到标题匹配任一子串的窗口：接待、千牛
2026-03-29 17:36:40 | INFO | main | 定位尝试 3：未找到窗口 subs=['接待', '千牛']
[定位] 第 3 次：未找到标题匹配任一子串的窗口：接待、千牛
2026-03-29 17:36:41 | INFO | main | 定位尝试 3：未找到窗口 subs=['接待', '千牛']
[定位] 第 4 次：未找到标题匹配任一子串的窗口：接待、千牛
2026-03-29 17:36:42 | INFO | main | 定位尝试 4：未找到窗口 subs=['接待', '千牛']
[定位] 第 4 次：未找到标题匹配任一子串的窗口：接待、千牛
2026-03-29 17:36:43 | INFO | main | 定位尝试 4：未找到窗口 subs=['接待', '千牛']
[定位] 第 5 次：未找到标题匹配任一子串的窗口：接待、千牛
2026-03-29 17:36:44 | INFO | main | 定位尝试 5：未找到窗口 subs=['接待', '千牛']
[定位] 第 5 次：未找到标题匹配任一子串的窗口：接待、千牛
2026-03-29 17:36:45 | INFO | main | 定位尝试 5：未找到窗口 subs=['接待', '千牛']
[定位] 第 6 次：未找到标题匹配任一子串的窗口：接待、千牛
2026-03-29 17:36:46 | INFO | main | 定位尝试 6：未找到窗口 subs=['接待', '千牛']
[定位] 第 6 次：未找到标题匹配任一子串的窗口：接待、千牛
2026-03-29 17:36:47 | INFO | main | 定位尝试 6：未找到窗口 subs=['接待', '千牛']
[定位] 第 7 次：未找到标题匹配任一子串的窗口：接待、千牛
2026-03-29 17:36:48 | INFO | main | 定位尝试 7：未找到窗口 subs=['接待', '千牛']
[定位] 第 7 次：未找到标题匹配任一子串的窗口：接待、千牛
2026-03-29 17:36:49 | INFO | main | 定位尝试 7：未找到窗口 subs=['接待', '千牛']
[定位] 第 8 次：未找到标题匹配任一子串的窗口：接待、千牛
2026-03-29 17:36:50 | INFO | main | 定位尝试 8：未找到窗口 subs=['接待', '千牛']
[定位] 第 8 次：未找到标题匹配任一子串的窗口：接待、千牛
2026-03-29 17:36:51 | INFO | main | 定位尝试 8：未找到窗口 subs=['接待', '千牛']
[定位] 第 9 次：未找到标题匹配任一子串的窗口：接待、千牛
2026-03-29 17:36:52 | INFO | main | 定位尝试 9：未找到窗口 subs=['接待', '千牛']
[定位] 第 9 次：未找到标题匹配任一子串的窗口：接待、千牛
2026-03-29 17:36:53 | INFO | main | 定位尝试 9：未找到窗口 subs=['接待', '千牛']
[定位] 第 10 次：未找到标题匹配任一子串的窗口：接待、千牛
2026-03-29 17:36:54 | INFO | main | 定位尝试 10：未找到窗口 subs=['接待', '千牛']
[定位] 第 10 次：未找到标题匹配任一子串的窗口：接待、千牛
2026-03-29 17:36:56 | INFO | main | 定位尝试 10：未找到窗口 subs=['接待', '千牛']
[定位] 第 11 次：未找到标题匹配任一子串的窗口：接待、千牛
2026-03-29 17:36:56 | INFO | main | 定位尝试 11：未找到窗口 subs=['接待', '千牛']
[定位] 第 11 次：未找到标题匹配任一子串的窗口：接待、千牛
2026-03-29 17:36:58 | INFO | main | 定位尝试 11：未找到窗口 subs=['接待', '千牛']
[定位] 第 12 次：未找到标题匹配任一子串的窗口：接待、千牛
2026-03-29 17:36:58 | INFO | main | 定位尝试 12：未找到窗口 subs=['接待', '千牛']
[定位] 第 12 次：未找到标题匹配任一子串的窗口：接待、千牛
2026-03-29 17:37:00 | INFO | main | 定位尝试 12：未找到窗口 subs=['接待', '千牛']
[定位] 第 13 次：未找到标题匹配任一子串的窗口：接待、千牛
2026-03-29 17:37:00 | INFO | main | 定位尝试 13：未找到窗口 subs=['接待', '千牛']
[定位] 第 13 次：未找到标题匹配任一子串的窗口：接待、千牛
2026-03-29 17:37:02 | INFO | main | 定位尝试 13：未找到窗口 subs=['接待', '千牛']
[定位] 第 14 次：未找到标题匹配任一子串的窗口：接待、千牛
2026-03-29 17:37:02 | INFO | main | 定位尝试 14：未找到窗口 subs=['接待', '千牛']
[定位] 第 14 次：未找到标题匹配任一子串的窗口：接待、千牛
2026-03-29 17:37:04 | INFO | main | 定位尝试 14：未找到窗口 subs=['接待', '千牛']
[定位] 第 15 次：未找到标题匹配任一子串的窗口：接待、千牛
2026-03-29 17:37:04 | INFO | main | 定位尝试 15：未找到窗口 subs=['接待', '千牛']
[定位] 第 15 次：未找到标题匹配任一子串的窗口：接待、千牛
2026-03-29 17:37:06 | INFO | main | 定位尝试 15：未找到窗口 subs=['接待', '千牛']
重新定位失败，5s 后再试
重新定位失败，5s 后再试
2026-03-29 17:37:11 | INFO | main | [SOAK] 已运行 72.6 分钟，已处理 0 条消息
[窗口丢失] 尝试重新定位…
2026-03-29 17:37:11 | WARNING | main | 窗口丢失，重新定位
[定位] 第 1 次：未找到标题匹配任一子串的窗口：接待、千牛
2026-03-29 17:37:11 | INFO | main | 定位尝试 1：未找到窗口 subs=['接待', '千牛']
2026-03-29 17:37:13 | INFO | main | [SOAK] 已运行 58.4 分钟，已处理 0 条消息
[窗口丢失] 尝试重新定位…
2026-03-29 17:37:13 | WARNING | main | 窗口丢失，重新定位
[定位] 第 1 次：未找到标题匹配任一子串的窗口：接待、千牛
2026-03-29 17:37:13 | INFO | main | 定位尝试 1：未找到窗口 subs=['接待', '千牛']
[定位] 第 2 次：未找到标题匹配任一子串的窗口：接待、千牛
2026-03-29 17:37:13 | INFO | main | 定位尝试 2：未找到窗口 subs=['接待', '千牛']
[定位] 第 2 次：未找到标题匹配任一子串的窗口：接待、千牛
2026-03-29 17:37:15 | INFO | main | 定位尝试 2：未找到窗口 subs=['接待', '千牛']
[定位] 第 3 次：未找到标题匹配任一子串的窗口：接待、千牛
2026-03-29 17:37:15 | INFO | main | 定位尝试 3：未找到窗口 subs=['接待', '千牛']
[定位] 第 3 次：未找到标题匹配任一子串的窗口：接待、千牛
2026-03-29 17:37:17 | INFO | main | 定位尝试 3：未找到窗口 subs=['接待', '千牛']
[定位] 第 4 次：未找到标题匹配任一子串的窗口：接待、千牛
2026-03-29 17:37:17 | INFO | main | 定位尝试 4：未找到窗口 subs=['接待', '千牛']
[定位] 第 4 次：未找到标题匹配任一子串的窗口：接待、千牛
2026-03-29 17:37:19 | INFO | main | 定位尝试 4：未找到窗口 subs=['接待', '千牛']
[定位] 第 5 次：未找到标题匹配任一子串的窗口：接待、千牛
2026-03-29 17:37:19 | INFO | main | 定位尝试 5：未找到窗口 subs=['接待', '千牛']
[定位] 第 5 次：未找到标题匹配任一子串的窗口：接待、千牛
2026-03-29 17:37:21 | INFO | main | 定位尝试 5：未找到窗口 subs=['接待', '千牛']
[定位] 第 6 次：未找到标题匹配任一子串的窗口：接待、千牛
2026-03-29 17:37:21 | INFO | main | 定位尝试 6：未找到窗口 subs=['接待', '千牛']
[定位] 第 6 次：未找到标题匹配任一子串的窗口：接待、千牛
2026-03-29 17:37:23 | INFO | main | 定位尝试 6：未找到窗口 subs=['接待', '千牛']
[定位] 第 7 次：未找到标题匹配任一子串的窗口：接待、千牛
2026-03-29 17:37:24 | INFO | main | 定位尝试 7：未找到窗口 subs=['接待', '千牛']
[定位] 第 7 次：未找到标题匹配任一子串的窗口：接待、千牛
2026-03-29 17:37:25 | INFO | main | 定位尝试 7：未找到窗口 subs=['接待', '千牛']
[定位] 第 8 次：未找到标题匹配任一子串的窗口：接待、千牛
2026-03-29 17:37:26 | INFO | main | 定位尝试 8：未找到窗口 subs=['接待', '千牛']
[定位] 第 8 次：未找到标题匹配任一子串的窗口：接待、千牛
2026-03-29 17:37:27 | INFO | main | 定位尝试 8：未找到窗口 subs=['接待', '千牛']
[定位] 第 9 次：未找到标题匹配任一子串的窗口：接待、千牛
2026-03-29 17:37:28 | INFO | main | 定位尝试 9：未找到窗口 subs=['接待', '千牛']
[定位] 第 9 次：未找到标题匹配任一子串的窗口：接待、千牛
2026-03-29 17:37:29 | INFO | main | 定位尝试 9：未找到窗口 subs=['接待', '千牛']
[定位] 第 10 次：未找到标题匹配任一子串的窗口：接待、千牛
2026-03-29 17:37:30 | INFO | main | 定位尝试 10：未找到窗口 subs=['接待', '千牛']
[定位] 第 10 次：未找到标题匹配任一子串的窗口：接待、千牛
2026-03-29 17:37:31 | INFO | main | 定位尝试 10：未找到窗口 subs=['接待', '千牛']
[定位] 第 11 次：未找到标题匹配任一子串的窗口：接待、千牛
2026-03-29 17:37:32 | INFO | main | 定位尝试 11：未找到窗口 subs=['接待', '千牛']
[定位] 第 11 次：未找到标题匹配任一子串的窗口：接待、千牛
2026-03-29 17:37:33 | INFO | main | 定位尝试 11：未找到窗口 subs=['接待', '千牛']
[定位] 第 12 次：未找到标题匹配任一子串的窗口：接待、千牛
2026-03-29 17:37:34 | INFO | main | 定位尝试 12：未找到窗口 subs=['接待', '千牛']
[定位] 第 12 次：未找到标题匹配任一子串的窗口：接待、千牛
2026-03-29 17:37:35 | INFO | main | 定位尝试 12：未找到窗口 subs=['接待', '千牛']
[定位] 第 13 次：未找到标题匹配任一子串的窗口：接待、千牛
2026-03-29 17:37:36 | INFO | main | 定位尝试 13：未找到窗口 subs=['接待', '千牛']
[定位] 第 13 次：未找到标题匹配任一子串的窗口：接待、千牛
2026-03-29 17:37:38 | INFO | main | 定位尝试 13：未找到窗口 subs=['接待', '千牛']
[定位] 第 14 次：未找到标题匹配任一子串的窗口：接待、千牛
2026-03-29 17:37:38 | INFO | main | 定位尝试 14：未找到窗口 subs=['接待', '千牛']
[定位] 第 14 次：未找到标题匹配任一子串的窗口：接待、千牛
2026-03-29 17:37:40 | INFO | main | 定位尝试 14：未找到窗口 subs=['接待', '千牛']
[定位] 第 15 次：未找到标题匹配任一子串的窗口：接待、千牛
2026-03-29 17:37:40 | INFO | main | 定位尝试 15：未找到窗口 subs=['接待', '千牛']
[定位] 第 15 次：未找到标题匹配任一子串的窗口：接待、千牛
2026-03-29 17:37:42 | INFO | main | 定位尝试 15：未找到窗口 subs=['接待', '千牛']
重新定位失败，5s 后再试
重新定位失败，5s 后再试
[窗口丢失] 尝试重新定位…
2026-03-29 17:37:47 | WARNING | main | 窗口丢失，重新定位
[定位] 第 1 次：未找到标题匹配任一子串的窗口：接待、千牛
2026-03-29 17:37:47 | INFO | main | 定位尝试 1：未找到窗口 subs=['接待', '千牛']
[窗口丢失] 尝试重新定位…
2026-03-29 17:37:49 | WARNING | main | 窗口丢失，重新定位
[定位] 第 1 次：未找到标题匹配任一子串的窗口：接待、千牛
2026-03-29 17:37:49 | INFO | main | 定位尝试 1：未找到窗口 subs=['接待', '千牛']
[定位] 第 2 次：未找到标题匹配任一子串的窗口：接待、千牛
2026-03-29 17:37:49 | INFO | main | 定位尝试 2：未找到窗口 subs=['接待', '千牛']
[定位] 第 2 次：未找到标题匹配任一子串的窗口：接待、千牛
2026-03-29 17:37:51 | INFO | main | 定位尝试 2：未找到窗口 subs=['接待', '千牛']
[定位] 第 3 次：未找到标题匹配任一子串的窗口：接待、千牛
2026-03-29 17:37:51 | INFO | main | 定位尝试 3：未找到窗口 subs=['接待', '千牛']
[定位] 第 3 次：未找到标题匹配任一子串的窗口：接待、千牛
2026-03-29 17:37:53 | INFO | main | 定位尝试 3：未找到窗口 subs=['接待', '千牛']
[定位] 第 4 次：未找到标题匹配任一子串的窗口：接待、千牛
2026-03-29 17:37:53 | INFO | main | 定位尝试 4：未找到窗口 subs=['接待', '千牛']
[定位] 第 4 次：未找到标题匹配任一子串的窗口：接待、千牛
2026-03-29 17:37:55 | INFO | main | 定位尝试 4：未找到窗口 subs=['接待', '千牛']
[定位] 第 5 次：未找到标题匹配任一子串的窗口：接待、千牛
2026-03-29 17:37:55 | INFO | main | 定位尝试 5：未找到窗口 subs=['接待', '千牛']
[定位] 第 5 次：未找到标题匹配任一子串的窗口：接待、千牛
2026-03-29 17:37:57 | INFO | main | 定位尝试 5：未找到窗口 subs=['接待', '千牛']
[定位] 第 6 次：未找到标题匹配任一子串的窗口：接待、千牛
2026-03-29 17:37:57 | INFO | main | 定位尝试 6：未找到窗口 subs=['接待', '千牛']
[定位] 第 6 次：未找到标题匹配任一子串的窗口：接待、千牛
2026-03-29 17:37:59 | INFO | main | 定位尝试 6：未找到窗口 subs=['接待', '千牛']
[定位] 第 7 次：未找到标题匹配任一子串的窗口：接待、千牛
2026-03-29 17:37:59 | INFO | main | 定位尝试 7：未找到窗口 subs=['接待', '千牛']
[定位] 第 7 次：未找到标题匹配任一子串的窗口：接待、千牛
2026-03-29 17:38:01 | INFO | main | 定位尝试 7：未找到窗口 subs=['接待', '千牛']
[定位] 第 8 次：未找到标题匹配任一子串的窗口：接待、千牛
2026-03-29 17:38:01 | INFO | main | 定位尝试 8：未找到窗口 subs=['接待', '千牛']
[定位] 第 8 次：未找到标题匹配任一子串的窗口：接待、千牛
2026-03-29 17:38:03 | INFO | main | 定位尝试 8：未找到窗口 subs=['接待', '千牛']
[定位] 第 9 次：未找到标题匹配任一子串的窗口：接待、千牛
2026-03-29 17:38:04 | INFO | main | 定位尝试 9：未找到窗口 subs=['接待', '千牛']
[定位] 第 9 次：未找到标题匹配任一子串的窗口：接待、千牛
2026-03-29 17:38:05 | INFO | main | 定位尝试 9：未找到窗口 subs=['接待', '千牛']
[定位] 第 10 次：未找到标题匹配任一子串的窗口：接待、千牛
2026-03-29 17:38:06 | INFO | main | 定位尝试 10：未找到窗口 subs=['接待', '千牛']
[定位] 第 10 次：未找到标题匹配任一子串的窗口：接待、千牛
2026-03-29 17:38:07 | INFO | main | 定位尝试 10：未找到窗口 subs=['接待', '千牛']
[定位] 第 11 次：未找到标题匹配任一子串的窗口：接待、千牛
2026-03-29 17:38:08 | INFO | main | 定位尝试 11：未找到窗口 subs=['接待', '千牛']
[定位] 第 11 次：未找到标题匹配任一子串的窗口：接待、千牛
2026-03-29 17:38:09 | INFO | main | 定位尝试 11：未找到窗口 subs=['接待', '千牛']
[定位] 第 12 次：未找到标题匹配任一子串的窗口：接待、千牛
2026-03-29 17:38:10 | INFO | main | 定位尝试 12：未找到窗口 subs=['接待', '千牛']
[定位] 第 12 次：未找到标题匹配任一子串的窗口：接待、千牛
2026-03-29 17:38:11 | INFO | main | 定位尝试 12：未找到窗口 subs=['接待', '千牛']
[定位] 第 13 次：未找到标题匹配任一子串的窗口：接待、千牛
2026-03-29 17:38:12 | INFO | main | 定位尝试 13：未找到窗口 subs=['接待', '千牛']
[定位] 第 13 次：未找到标题匹配任一子串的窗口：接待、千牛
2026-03-29 17:38:13 | INFO | main | 定位尝试 13：未找到窗口 subs=['接待', '千牛']
[定位] 第 14 次：未找到标题匹配任一子串的窗口：接待、千牛
2026-03-29 17:38:14 | INFO | main | 定位尝试 14：未找到窗口 subs=['接待', '千牛']
[定位] 第 14 次：未找到标题匹配任一子串的窗口：接待、千牛
2026-03-29 17:38:15 | INFO | main | 定位尝试 14：未找到窗口 subs=['接待', '千牛']
[定位] 第 15 次：未找到标题匹配任一子串的窗口：接待、千牛
2026-03-29 17:38:16 | INFO | main | 定位尝试 15：未找到窗口 subs=['接待', '千牛']
[定位] 第 15 次：未找到标题匹配任一子串的窗口：接待、千牛
2026-03-29 17:38:17 | INFO | main | 定位尝试 15：未找到窗口 subs=['接待', '千牛']
重新定位失败，5s 后再试
重新定位失败，5s 后再试
[窗口丢失] 尝试重新定位…
2026-03-29 17:38:23 | WARNING | main | 窗口丢失，重新定位
[定位] 第 1 次：未找到标题匹配任一子串的窗口：接待、千牛
2026-03-29 17:38:23 | INFO | main | 定位尝试 1：未找到窗口 subs=['接待', '千牛']
[窗口丢失] 尝试重新定位…
2026-03-29 17:38:24 | WARNING | main | 窗口丢失，重新定位
[定位] 第 1 次：未找到标题匹配任一子串的窗口：接待、千牛
2026-03-29 17:38:24 | INFO | main | 定位尝试 1：未找到窗口 subs=['接待', '千牛']
[定位] 第 2 次：未找到标题匹配任一子串的窗口：接待、千牛
2026-03-29 17:38:25 | INFO | main | 定位尝试 2：未找到窗口 subs=['接待', '千牛']
[定位] 第 2 次：未找到标题匹配任一子串的窗口：接待、千牛
2026-03-29 17:38:26 | INFO | main | 定位尝试 2：未找到窗口 subs=['接待', '千牛']
[定位] 第 3 次：未找到标题匹配任一子串的窗口：接待、千牛
2026-03-29 17:38:27 | INFO | main | 定位尝试 3：未找到窗口 subs=['接待', '千牛']
[定位] 第 3 次：未找到标题匹配任一子串的窗口：接待、千牛
2026-03-29 17:38:28 | INFO | main | 定位尝试 3：未找到窗口 subs=['接待', '千牛']
[定位] 第 4 次：未找到标题匹配任一子串的窗口：接待、千牛
2026-03-29 17:38:29 | INFO | main | 定位尝试 4：未找到窗口 subs=['接待', '千牛']
[定位] 第 4 次：未找到标题匹配任一子串的窗口：接待、千牛
2026-03-29 17:38:30 | INFO | main | 定位尝试 4：未找到窗口 subs=['接待', '千牛']
[定位] 第 5 次：未找到标题匹配任一子串的窗口：接待、千牛
2026-03-29 17:38:31 | INFO | main | 定位尝试 5：未找到窗口 subs=['接待', '千牛']
[定位] 第 5 次：未找到标题匹配任一子串的窗口：接待、千牛
2026-03-29 17:38:33 | INFO | main | 定位尝试 5：未找到窗口 subs=['接待', '千牛']
[定位] 第 6 次：未找到标题匹配任一子串的窗口：接待、千牛
2026-03-29 17:38:33 | INFO | main | 定位尝试 6：未找到窗口 subs=['接待', '千牛']
[定位] 第 6 次：未找到标题匹配任一子串的窗口：接待、千牛
2026-03-29 17:38:35 | INFO | main | 定位尝试 6：未找到窗口 subs=['接待', '千牛']
[定位] 第 7 次：未找到标题匹配任一子串的窗口：接待、千牛
2026-03-29 17:38:35 | INFO | main | 定位尝试 7：未找到窗口 subs=['接待', '千牛']
[定位] 第 7 次：未找到标题匹配任一子串的窗口：接待、千牛
2026-03-29 17:38:37 | INFO | main | 定位尝试 7：未找到窗口 subs=['接待', '千牛']
[定位] 第 8 次：未找到标题匹配任一子串的窗口：接待、千牛
2026-03-29 17:38:37 | INFO | main | 定位尝试 8：未找到窗口 subs=['接待', '千牛']
[定位] 第 8 次：未找到标题匹配任一子串的窗口：接待、千牛
2026-03-29 17:38:39 | INFO | main | 定位尝试 8：未找到窗口 subs=['接待', '千牛']
[定位] 第 9 次：未找到标题匹配任一子串的窗口：接待、千牛
2026-03-29 17:38:39 | INFO | main | 定位尝试 9：未找到窗口 subs=['接待', '千牛']
[定位] 第 9 次：未找到标题匹配任一子串的窗口：接待、千牛
2026-03-29 17:38:41 | INFO | main | 定位尝试 9：未找到窗口 subs=['接待', '千牛']
[定位] 第 10 次：未找到标题匹配任一子串的窗口：接待、千牛
2026-03-29 17:38:41 | INFO | main | 定位尝试 10：未找到窗口 subs=['接待', '千牛']
[定位] 第 10 次：未找到标题匹配任一子串的窗口：接待、千牛
2026-03-29 17:38:43 | INFO | main | 定位尝试 10：未找到窗口 subs=['接待', '千牛']
[定位] 第 11 次：未找到标题匹配任一子串的窗口：接待、千牛
2026-03-29 17:38:43 | INFO | main | 定位尝试 11：未找到窗口 subs=['接待', '千牛']
[定位] 第 11 次：未找到标题匹配任一子串的窗口：接待、千牛
2026-03-29 17:38:45 | INFO | main | 定位尝试 11：未找到窗口 subs=['接待', '千牛']
[定位] 第 12 次：未找到标题匹配任一子串的窗口：接待、千牛
2026-03-29 17:38:46 | INFO | main | 定位尝试 12：未找到窗口 subs=['接待', '千牛']
[定位] 第 12 次：未找到标题匹配任一子串的窗口：接待、千牛
2026-03-29 17:38:47 | INFO | main | 定位尝试 12：未找到窗口 subs=['接待', '千牛']
[定位] 第 13 次：未找到标题匹配任一子串的窗口：接待、千牛
2026-03-29 17:38:48 | INFO | main | 定位尝试 13：未找到窗口 subs=['接待', '千牛']
[定位] 第 13 次：未找到标题匹配任一子串的窗口：接待、千牛
2026-03-29 17:38:49 | INFO | main | 定位尝试 13：未找到窗口 subs=['接待', '千牛']
[定位] 第 14 次：未找到标题匹配任一子串的窗口：接待、千牛
2026-03-29 17:38:50 | INFO | main | 定位尝试 14：未找到窗口 subs=['接待', '千牛']
[定位] 第 14 次：未找到标题匹配任一子串的窗口：接待、千牛
2026-03-29 17:38:51 | INFO | main | 定位尝试 14：未找到窗口 subs=['接待', '千牛']
[定位] 第 15 次：未找到标题匹配任一子串的窗口：接待、千牛
2026-03-29 17:38:52 | INFO | main | 定位尝试 15：未找到窗口 subs=['接待', '千牛']
[定位] 第 15 次：未找到标题匹配任一子串的窗口：接待、千牛
2026-03-29 17:38:53 | INFO | main | 定位尝试 15：未找到窗口 subs=['接待', '千牛']
重新定位失败，5s 后再试
重新定位失败，5s 后再试
[窗口丢失] 尝试重新定位…
2026-03-29 17:38:59 | WARNING | main | 窗口丢失，重新定位
[定位] 第 1 次：未找到标题匹配任一子串的窗口：接待、千牛
2026-03-29 17:38:59 | INFO | main | 定位尝试 1：未找到窗口 subs=['接待', '千牛']
[窗口丢失] 尝试重新定位…
2026-03-29 17:39:00 | WARNING | main | 窗口丢失，重新定位
[定位] 第 1 次：未找到标题匹配任一子串的窗口：接待、千牛
2026-03-29 17:39:00 | INFO | main | 定位尝试 1：未找到窗口 subs=['接待', '千牛']
[定位] 第 2 次：未找到标题匹配任一子串的窗口：接待、千牛
2026-03-29 17:39:01 | INFO | main | 定位尝试 2：未找到窗口 subs=['接待', '千牛']
[定位] 第 2 次：未找到标题匹配任一子串的窗口：接待、千牛
2026-03-29 17:39:02 | INFO | main | 定位尝试 2：未找到窗口 subs=['接待', '千牛']
[定位] 第 3 次：未找到标题匹配任一子串的窗口：接待、千牛
2026-03-29 17:39:03 | INFO | main | 定位尝试 3：未找到窗口 subs=['接待', '千牛']
[定位] 第 3 次：未找到标题匹配任一子串的窗口：接待、千牛
2026-03-29 17:39:05 | INFO | main | 定位尝试 3：未找到窗口 subs=['接待', '千牛']
[定位] 第 4 次：未找到标题匹配任一子串的窗口：接待、千牛
2026-03-29 17:39:05 | INFO | main | 定位尝试 4：未找到窗口 subs=['接待', '千牛']
[定位] 第 4 次：未找到标题匹配任一子串的窗口：接待、千牛
2026-03-29 17:39:07 | INFO | main | 定位尝试 4：未找到窗口 subs=['接待', '千牛']
[定位] 第 5 次：未找到标题匹配任一子串的窗口：接待、千牛
2026-03-29 17:39:07 | INFO | main | 定位尝试 5：未找到窗口 subs=['接待', '千牛']
[定位] 第 5 次：未找到标题匹配任一子串的窗口：接待、千牛
2026-03-29 17:39:09 | INFO | main | 定位尝试 5：未找到窗口 subs=['接待', '千牛']
[定位] 第 6 次：未找到标题匹配任一子串的窗口：接待、千牛
2026-03-29 17:39:09 | INFO | main | 定位尝试 6：未找到窗口 subs=['接待', '千牛']
[定位] 第 6 次：未找到标题匹配任一子串的窗口：接待、千牛
2026-03-29 17:39:11 | INFO | main | 定位尝试 6：未找到窗口 subs=['接待', '千牛']
[定位] 第 7 次：未找到标题匹配任一子串的窗口：接待、千牛
2026-03-29 17:39:11 | INFO | main | 定位尝试 7：未找到窗口 subs=['接待', '千牛']
[定位] 第 7 次：未找到标题匹配任一子串的窗口：接待、千牛
2026-03-29 17:39:13 | INFO | main | 定位尝试 7：未找到窗口 subs=['接待', '千牛']
[定位] 第 8 次：未找到标题匹配任一子串的窗口：接待、千牛
2026-03-29 17:39:13 | INFO | main | 定位尝试 8：未找到窗口 subs=['接待', '千牛']
[定位] 第 8 次：未找到标题匹配任一子串的窗口：接待、千牛
2026-03-29 17:39:15 | INFO | main | 定位尝试 8：未找到窗口 subs=['接待', '千牛']
[定位] 第 9 次：未找到标题匹配任一子串的窗口：接待、千牛
2026-03-29 17:39:16 | INFO | main | 定位尝试 9：未找到窗口 subs=['接待', '千牛']
[定位] 第 9 次：未找到标题匹配任一子串的窗口：接待、千牛
2026-03-29 17:39:17 | INFO | main | 定位尝试 9：未找到窗口 subs=['接待', '千牛']
[定位] 第 10 次：未找到标题匹配任一子串的窗口：接待、千牛
2026-03-29 17:39:18 | INFO | main | 定位尝试 10：未找到窗口 subs=['接待', '千牛']
[定位] 第 10 次：未找到标题匹配任一子串的窗口：接待、千牛
2026-03-29 17:39:19 | INFO | main | 定位尝试 10：未找到窗口 subs=['接待', '千牛']
[定位] 第 11 次：未找到标题匹配任一子串的窗口：接待、千牛
2026-03-29 17:39:20 | INFO | main | 定位尝试 11：未找到窗口 subs=['接待', '千牛']
[定位] 第 11 次：未找到标题匹配任一子串的窗口：接待、千牛
2026-03-29 17:39:21 | INFO | main | 定位尝试 11：未找到窗口 subs=['接待', '千牛']
[定位] 第 12 次：未找到标题匹配任一子串的窗口：接待、千牛
2026-03-29 17:39:22 | INFO | main | 定位尝试 12：未找到窗口 subs=['接待', '千牛']
[定位] 第 12 次：未找到标题匹配任一子串的窗口：接待、千牛
2026-03-29 17:39:23 | INFO | main | 定位尝试 12：未找到窗口 subs=['接待', '千牛']
[定位] 第 13 次：未找到标题匹配任一子串的窗口：接待、千牛
2026-03-29 17:39:24 | INFO | main | 定位尝试 13：未找到窗口 subs=['接待', '千牛']
[定位] 第 13 次：未找到标题匹配任一子串的窗口：接待、千牛
2026-03-29 17:39:25 | INFO | main | 定位尝试 13：未找到窗口 subs=['接待', '千牛']
[定位] 第 14 次：未找到标题匹配任一子串的窗口：接待、千牛
2026-03-29 17:39:26 | INFO | main | 定位尝试 14：未找到窗口 subs=['接待', '千牛']
[定位] 第 14 次：未找到标题匹配任一子串的窗口：接待、千牛
2026-03-29 17:39:27 | INFO | main | 定位尝试 14：未找到窗口 subs=['接待', '千牛']
[定位] 第 15 次：未找到标题匹配任一子串的窗口：接待、千牛
2026-03-29 17:39:28 | INFO | main | 定位尝试 15：未找到窗口 subs=['接待', '千牛']
[定位] 第 15 次：未找到标题匹配任一子串的窗口：接待、千牛
2026-03-29 17:39:29 | INFO | main | 定位尝试 15：未找到窗口 subs=['接待', '千牛']
重新定位失败，5s 后再试
重新定位失败，5s 后再试
[窗口丢失] 尝试重新定位…
2026-03-29 17:39:35 | WARNING | main | 窗口丢失，重新定位
[定位] 第 1 次：未找到标题匹配任一子串的窗口：接待、千牛
2026-03-29 17:39:35 | INFO | main | 定位尝试 1：未找到窗口 subs=['接待', '千牛']
[窗口丢失] 尝试重新定位…
2026-03-29 17:39:36 | WARNING | main | 窗口丢失，重新定位
[定位] 第 1 次：未找到标题匹配任一子串的窗口：接待、千牛
2026-03-29 17:39:36 | INFO | main | 定位尝试 1：未找到窗口 subs=['接待', '千牛']
[定位] 第 2 次：未找到标题匹配任一子串的窗口：接待、千牛
2026-03-29 17:39:37 | INFO | main | 定位尝试 2：未找到窗口 subs=['接待', '千牛']
[定位] 第 2 次：未找到标题匹配任一子串的窗口：接待、千牛
2026-03-29 17:39:38 | INFO | main | 定位尝试 2：未找到窗口 subs=['接待', '千牛']
[定位] 第 3 次：未找到标题匹配任一子串的窗口：接待、千牛
2026-03-29 17:39:39 | INFO | main | 定位尝试 3：未找到窗口 subs=['接待', '千牛']
[定位] 第 3 次：未找到标题匹配任一子串的窗口：接待、千牛
2026-03-29 17:39:41 | INFO | main | 定位尝试 3：未找到窗口 subs=['接待', '千牛']
[定位] 第 4 次：未找到标题匹配任一子串的窗口：接待、千牛
2026-03-29 17:39:41 | INFO | main | 定位尝试 4：未找到窗口 subs=['接待', '千牛']
[定位] 第 4 次：未找到标题匹配任一子串的窗口：接待、千牛
2026-03-29 17:39:43 | INFO | main | 定位尝试 4：未找到窗口 subs=['接待', '千牛']
[定位] 第 5 次：未找到标题匹配任一子串的窗口：接待、千牛
2026-03-29 17:39:43 | INFO | main | 定位尝试 5：未找到窗口 subs=['接待', '千牛']
[定位] 第 5 次：未找到标题匹配任一子串的窗口：接待、千牛
2026-03-29 17:39:45 | INFO | main | 定位尝试 5：未找到窗口 subs=['接待', '千牛']
[定位] 第 6 次：未找到标题匹配任一子串的窗口：接待、千牛
2026-03-29 17:39:45 | INFO | main | 定位尝试 6：未找到窗口 subs=['接待', '千牛']
[定位] 第 6 次：未找到标题匹配任一子串的窗口：接待、千牛
2026-03-29 17:39:47 | INFO | main | 定位尝试 6：未找到窗口 subs=['接待', '千牛']
[定位] 第 7 次：未找到标题匹配任一子串的窗口：接待、千牛
2026-03-29 17:39:47 | INFO | main | 定位尝试 7：未找到窗口 subs=['接待', '千牛']
[定位] 第 7 次：未找到标题匹配任一子串的窗口：接待、千牛
2026-03-29 17:39:49 | INFO | main | 定位尝试 7：未找到窗口 subs=['接待', '千牛']
[定位] 第 8 次：未找到标题匹配任一子串的窗口：接待、千牛
2026-03-29 17:39:49 | INFO | main | 定位尝试 8：未找到窗口 subs=['接待', '千牛']
[定位] 第 8 次：未找到标题匹配任一子串的窗口：接待、千牛
2026-03-29 17:39:51 | INFO | main | 定位尝试 8：未找到窗口 subs=['接待', '千牛']
[定位] 第 9 次：未找到标题匹配任一子串的窗口：接待、千牛
2026-03-29 17:39:51 | INFO | main | 定位尝试 9：未找到窗口 subs=['接待', '千牛']
[定位] 第 9 次：未找到标题匹配任一子串的窗口：接待、千牛
2026-03-29 17:39:53 | INFO | main | 定位尝试 9：未找到窗口 subs=['接待', '千牛']
[定位] 第 10 次：未找到标题匹配任一子串的窗口：接待、千牛
2026-03-29 17:39:53 | INFO | main | 定位尝试 10：未找到窗口 subs=['接待', '千牛']
[定位] 第 10 次：未找到标题匹配任一子串的窗口：接待、千牛
2026-03-29 17:39:55 | INFO | main | 定位尝试 10：未找到窗口 subs=['接待', '千牛']
[定位] 第 11 次：未找到标题匹配任一子串的窗口：接待、千牛
2026-03-29 17:39:55 | INFO | main | 定位尝试 11：未找到窗口 subs=['接待', '千牛']
[定位] 第 11 次：未找到标题匹配任一子串的窗口：接待、千牛
2026-03-29 17:39:57 | INFO | main | 定位尝试 11：未找到窗口 subs=['接待', '千牛']
[定位] 第 12 次：未找到标题匹配任一子串的窗口：接待、千牛
2026-03-29 17:39:57 | INFO | main | 定位尝试 12：未找到窗口 subs=['接待', '千牛']
[定位] 第 12 次：未找到标题匹配任一子串的窗口：接待、千牛
2026-03-29 17:39:59 | INFO | main | 定位尝试 12：未找到窗口 subs=['接待', '千牛']
[定位] 第 13 次：未找到标题匹配任一子串的窗口：接待、千牛
2026-03-29 17:40:00 | INFO | main | 定位尝试 13：未找到窗口 subs=['接待', '千牛']
[定位] 第 13 次：未找到标题匹配任一子串的窗口：接待、千牛
2026-03-29 17:40:01 | INFO | main | 定位尝试 13：未找到窗口 subs=['接待', '千牛']
[定位] 第 14 次：未找到标题匹配任一子串的窗口：接待、千牛
2026-03-29 17:40:02 | INFO | main | 定位尝试 14：未找到窗口 subs=['接待', '千牛']
[定位] 第 14 次：未找到标题匹配任一子串的窗口：接待、千牛
2026-03-29 17:40:03 | INFO | main | 定位尝试 14：未找到窗口 subs=['接待', '千牛']
[定位] 第 15 次：未找到标题匹配任一子串的窗口：接待、千牛
2026-03-29 17:40:04 | INFO | main | 定位尝试 15：未找到窗口 subs=['接待', '千牛']
[定位] 第 15 次：未找到标题匹配任一子串的窗口：接待、千牛
2026-03-29 17:40:05 | INFO | main | 定位尝试 15：未找到窗口 subs=['接待', '千牛']
重新定位失败，5s 后再试
重新定位失败，5s 后再试
[窗口丢失] 尝试重新定位…
2026-03-29 17:40:11 | WARNING | main | 窗口丢失，重新定位
[定位] 第 1 次：未找到标题匹配任一子串的窗口：接待、千牛
2026-03-29 17:40:11 | INFO | main | 定位尝试 1：未找到窗口 subs=['接待', '千牛']
[窗口丢失] 尝试重新定位…
2026-03-29 17:40:12 | WARNING | main | 窗口丢失，重新定位
[定位] 第 1 次：未找到标题匹配任一子串的窗口：接待、千牛
2026-03-29 17:40:12 | INFO | main | 定位尝试 1：未找到窗口 subs=['接待', '千牛']
[定位] 第 2 次：未找到标题匹配任一子串的窗口：接待、千牛
2026-03-29 17:40:13 | INFO | main | 定位尝试 2：未找到窗口 subs=['接待', '千牛']
[定位] 第 2 次：未找到标题匹配任一子串的窗口：接待、千牛
2026-03-29 17:40:14 | INFO | main | 定位尝试 2：未找到窗口 subs=['接待', '千牛']
[定位] 第 3 次：未找到标题匹配任一子串的窗口：接待、千牛
2026-03-29 17:40:15 | INFO | main | 定位尝试 3：未找到窗口 subs=['接待', '千牛']
[定位] 第 3 次：未找到标题匹配任一子串的窗口：接待、千牛
2026-03-29 17:40:16 | INFO | main | 定位尝试 3：未找到窗口 subs=['接待', '千牛']
[定位] 第 4 次：未找到标题匹配任一子串的窗口：接待、千牛
2026-03-29 17:40:17 | INFO | main | 定位尝试 4：未找到窗口 subs=['接待', '千牛']
[定位] 第 4 次：未找到标题匹配任一子串的窗口：接待、千牛
2026-03-29 17:40:18 | INFO | main | 定位尝试 4：未找到窗口 subs=['接待', '千牛']
[定位] 第 5 次：未找到标题匹配任一子串的窗口：接待、千牛
2026-03-29 17:40:19 | INFO | main | 定位尝试 5：未找到窗口 subs=['接待', '千牛']
[定位] 第 5 次：未找到标题匹配任一子串的窗口：接待、千牛
2026-03-29 17:40:20 | INFO | main | 定位尝试 5：未找到窗口 subs=['接待', '千牛']
[定位] 第 6 次：未找到标题匹配任一子串的窗口：接待、千牛
2026-03-29 17:40:21 | INFO | main | 定位尝试 6：未找到窗口 subs=['接待', '千牛']
[定位] 第 6 次：未找到标题匹配任一子串的窗口：接待、千牛
2026-03-29 17:40:22 | INFO | main | 定位尝试 6：未找到窗口 subs=['接待', '千牛']
[定位] 第 7 次：未找到标题匹配任一子串的窗口：接待、千牛
2026-03-29 17:40:23 | INFO | main | 定位尝试 7：未找到窗口 subs=['接待', '千牛']
[定位] 第 7 次：未找到标题匹配任一子串的窗口：接待、千牛
2026-03-29 17:40:24 | INFO | main | 定位尝试 7：未找到窗口 subs=['接待', '千牛']
[定位] 第 8 次：未找到标题匹配任一子串的窗口：接待、千牛
2026-03-29 17:40:25 | INFO | main | 定位尝试 8：未找到窗口 subs=['接待', '千牛']
[定位] 第 8 次：未找到标题匹配任一子串的窗口：接待、千牛
2026-03-29 17:40:26 | INFO | main | 定位尝试 8：未找到窗口 subs=['接待', '千牛']
[定位] 第 9 次：未找到标题匹配任一子串的窗口：接待、千牛
2026-03-29 17:40:27 | INFO | main | 定位尝试 9：未找到窗口 subs=['接待', '千牛']
[定位] 第 9 次：未找到标题匹配任一子串的窗口：接待、千牛
2026-03-29 17:40:28 | INFO | main | 定位尝试 9：未找到窗口 subs=['接待', '千牛']
[定位] 第 10 次：未找到标题匹配任一子串的窗口：接待、千牛
2026-03-29 17:40:29 | INFO | main | 定位尝试 10：未找到窗口 subs=['接待', '千牛']
[定位] 第 10 次：未找到标题匹配任一子串的窗口：接待、千牛
2026-03-29 17:40:30 | INFO | main | 定位尝试 10：未找到窗口 subs=['接待', '千牛']
[定位] 第 11 次：未找到标题匹配任一子串的窗口：接待、千牛
2026-03-29 17:40:31 | INFO | main | 定位尝试 11：未找到窗口 subs=['接待', '千牛']
[定位] 第 11 次：未找到标题匹配任一子串的窗口：接待、千牛
2026-03-29 17:40:33 | INFO | main | 定位尝试 11：未找到窗口 subs=['接待', '千牛']
[定位] 第 12 次：未找到标题匹配任一子串的窗口：接待、千牛
2026-03-29 17:40:33 | INFO | main | 定位尝试 12：未找到窗口 subs=['接待', '千牛']
[定位] 第 12 次：未找到标题匹配任一子串的窗口：接待、千牛
2026-03-29 17:40:35 | INFO | main | 定位尝试 12：未找到窗口 subs=['接待', '千牛']
[定位] 第 13 次：未找到标题匹配任一子串的窗口：接待、千牛
2026-03-29 17:40:35 | INFO | main | 定位尝试 13：未找到窗口 subs=['接待', '千牛']
[定位] 第 13 次：未找到标题匹配任一子串的窗口：接待、千牛
2026-03-29 17:40:37 | INFO | main | 定位尝试 13：未找到窗口 subs=['接待', '千牛']
[定位] 第 14 次：未找到标题匹配任一子串的窗口：接待、千牛
2026-03-29 17:40:37 | INFO | main | 定位尝试 14：未找到窗口 subs=['接待', '千牛']
[定位] 第 14 次：未找到标题匹配任一子串的窗口：接待、千牛
2026-03-29 17:40:40 | INFO | main | 定位尝试 14：未找到窗口 subs=['接待', '千牛']
[定位] 第 15 次：未找到标题匹配任一子串的窗口：接待、千牛
2026-03-29 17:40:40 | INFO | main | 定位尝试 15：未找到窗口 subs=['接待', '千牛']
重新定位失败，5s 后再试
[定位] 第 15 次：已匹配窗口「radiobalabala-tb740217603-千牛工作台」
2026-03-29 17:40:43 | INFO | main | 定位尝试 15：匹配窗口 radiobalabala-tb740217603-千牛工作台
千牛窗口已恢复 | 标题: radiobalabala-tb740217603-千牛工作台
2026-03-29 17:40:43 | INFO | main | 窗口已恢复: radiobalabala-tb740217603-千牛工作台
[监听] 等待左侧未读或新消息。
[窗口丢失] 尝试重新定位…
2026-03-29 17:40:47 | WARNING | main | 窗口丢失，重新定位
[定位] 第 1 次：已匹配窗口「radiobalabala-tb740217603-千牛工作台」
2026-03-29 17:40:47 | INFO | main | 定位尝试 1：匹配窗口 radiobalabala-tb740217603-千牛工作台
千牛窗口已恢复 | 标题: radiobalabala-tb740217603-千牛工作台
2026-03-29 17:40:47 | INFO | main | 窗口已恢复: radiobalabala-tb740217603-千牛工作台
2026-03-29 17:40:56 | INFO | main | 左侧列表未识别未读，改用当前已打开会话兜底 buyer=2024-10-23 07:45
[收到] 买家ID: 2024-10-23 07:45 | 消息: 仅显示已读
2026-03-29 17:40:56 | INFO | main | 收到消息 buyer=2024-10-23 07:45 text=仅显示已读
[AI回复] 亲，您好呀~ 欢迎光临我们的店铺！有什么可以帮您的吗？ | 耗时: 0ms
2026-03-29 17:40:56 | INFO | main | AI 回复 buyer=2024-10-23 07:45 ms=0
2026-03-29 17:40:59 | INFO | main | 左侧列表未识别未读，改用当前已打开会话兜底 buyer=2024-10-23 07:45
[收到] 买家ID: 2024-10-23 07:45 | 消息: 仅显示已读
2026-03-29 17:40:59 | INFO | main | 收到消息 buyer=2024-10-23 07:45 text=仅显示已读
[AI回复] 【测试回复】这是修复后的测试消息~ | 耗时: 0ms
2026-03-29 17:40:59 | INFO | main | AI 回复 buyer=2024-10-23 07:45 ms=0
2026-03-29 17:41:05 | WARNING | reply_sender | 未找到可通过点探测校验的聊天主输入框（策略 A 几何 / A2 宽松 / B 发送左侧 / C 坐标激活 均失败）；请关闭「商品搜索」浮层并保持接待中心窗口在前台
[发送失败] 未写入或未清空输入框，未记入去重，将自动重试；请保持「接待中心」在前台并避免遮挡输入区。
2026-03-29 17:41:05 | WARNING | main | 发送失败，不入去重集，下次可重试
2026-03-29 17:41:06 | WARNING | reply_sender | 未找到可通过点探测校验的聊天主输入框（策略 A 几何 / A2 宽松 / B 发送左侧 / C 坐标激活 均失败）；请关闭「商品搜索」浮层并保持接待中心窗口在前台
[发送失败] 未写入或未清空输入框，未记入去重，将自动重试；请保持「接待中心」在前台并避免遮挡输入区。
2026-03-29 17:41:06 | WARNING | main | 发送失败，不入去重集，下次可重试
[窗口丢失] 尝试重新定位…
2026-03-29 17:41:08 | WARNING | main | 窗口丢失，重新定位
[定位] 第 1 次：已匹配窗口「radiobalabala-接待中心」
2026-03-29 17:41:08 | INFO | main | 定位尝试 1：匹配窗口 radiobalabala-接待中心
千牛窗口已恢复 | 标题: radiobalabala-接待中心
2026-03-29 17:41:08 | INFO | main | 窗口已恢复: radiobalabala-接待中心
[监听] 等待左侧未读或新消息。
[窗口丢失] 尝试重新定位…
2026-03-29 17:41:09 | WARNING | main | 窗口丢失，重新定位
[定位] 第 1 次：已匹配窗口「radiobalabala-接待中心」
2026-03-29 17:41:09 | INFO | main | 定位尝试 1：匹配窗口 radiobalabala-接待中心
千牛窗口已恢复 | 标题: radiobalabala-接待中心
2026-03-29 17:41:09 | INFO | main | 窗口已恢复: radiobalabala-接待中心
[监听] 等待左侧未读或新消息。
[监听] 等待左侧未读或新消息。
[监听] 等待左侧未读或新消息。
[监听] 等待左侧未读或新消息。
[监听] 等待左侧未读或新消息。
2026-03-29 17:42:14 | INFO | main | [SOAK] 已运行 63.4 分钟，已处理 0 条消息
2026-03-29 17:42:15 | INFO | main | [SOAK] 已运行 77.6 分钟，已处理 0 条消息
[监听] 等待左侧未读或新消息。
[监听] 等待左侧未读或新消息。
[监听] 等待左侧未读或新消息。
[监听] 等待左侧未读或新消息。
[监听] 等待左侧未读或新消息。
[监听] 等待左侧未读或新消息。
[监听] 等待左侧未读或新消息。
[监听] 等待左侧未读或新消息。
[监听] 等待左侧未读或新消息。
[监听] 等待左侧未读或新消息。
[监听] 等待左侧未读或新消息。
[监听] 等待左侧未读或新消息。
[监听] 等待左侧未读或新消息。
[监听] 等待左侧未读或新消息。
[监听] 等待左侧未读或新消息。
[监听] 等待左侧未读或新消息。
[监听] 等待左侧未读或新消息。
[监听] 等待左侧未读或新消息。
2026-03-29 17:46:31 | INFO | main | 左侧列表未识别未读，改用当前已打开会话兜底 buyer=访客用账号
[收到] 买家ID: 访客用账号 | 消息: AI一键总结
2026-03-29 17:46:31 | INFO | main | 收到消息 buyer=访客用账号 text=AI一键总结
[AI回复] 【测试回复】这是修复后的测试消息~ | 耗时: 0ms
2026-03-29 17:46:31 | INFO | main | AI 回复 buyer=访客用账号 ms=0
2026-03-29 17:46:31 | INFO | main | 左侧列表未识别未读，改用当前已打开会话兜底 buyer=访客用账号
[收到] 买家ID: 访客用账号 | 消息: AI一键总结
2026-03-29 17:46:31 | INFO | main | 收到消息 buyer=访客用账号 text=AI一键总结
[AI回复] 亲，您好呀~ 欢迎光临我们的店铺！有什么可以帮您的吗？ | 耗时: 0ms
2026-03-29 17:46:31 | INFO | main | AI 回复 buyer=访客用账号 ms=0
2026-03-29 17:46:40 | WARNING | reply_sender | 未找到可通过点探测校验的聊天主输入框（策略 A 几何 / A2 宽松 / B 发送左侧 / C 坐标激活 均失败）；请关闭「商品搜索」浮层并保持接待中心窗口在前台
[发送失败] 未写入或未清空输入框，未记入去重，将自动重试；请保持「接待中心」在前台并避免遮挡输入区。
2026-03-29 17:46:40 | WARNING | main | 发送失败，不入去重集，下次可重试
2026-03-29 17:46:40 | WARNING | reply_sender | 未找到可通过点探测校验的聊天主输入框（策略 A 几何 / A2 宽松 / B 发送左侧 / C 坐标激活 均失败）；请关闭「商品搜索」浮层并保持接待中心窗口在前台
[发送失败] 未写入或未清空输入框，未记入去重，将自动重试；请保持「接待中心」在前台并避免遮挡输入区。
2026-03-29 17:46:40 | WARNING | main | 发送失败，不入去重集，下次可重试
2026-03-29 17:46:50 | INFO | main | 左侧列表未识别未读，改用当前已打开会话兜底 buyer=访客用账号
[收到] 买家ID: 访客用账号 | 消息: AI一键总结
2026-03-29 17:46:50 | INFO | main | 收到消息 buyer=访客用账号 text=AI一键总结
[AI回复] 【测试回复】这是修复后的测试消息~ | 耗时: 0ms
2026-03-29 17:46:50 | INFO | main | AI 回复 buyer=访客用账号 ms=0
2026-03-29 17:46:50 | INFO | main | 左侧列表未识别未读，改用当前已打开会话兜底 buyer=访客用账号
[收到] 买家ID: 访客用账号 | 消息: AI一键总结
2026-03-29 17:46:50 | INFO | main | 收到消息 buyer=访客用账号 text=AI一键总结
[AI回复] 亲，您好呀~ 欢迎光临我们的店铺！有什么可以帮您的吗？ | 耗时: 0ms
2026-03-29 17:46:50 | INFO | main | AI 回复 buyer=访客用账号 ms=0
2026-03-29 17:46:59 | WARNING | reply_sender | 未找到可通过点探测校验的聊天主输入框（策略 A 几何 / A2 宽松 / B 发送左侧 / C 坐标激活 均失败）；请关闭「商品搜索」浮层并保持接待中心窗口在前台
[发送失败] 未写入或未清空输入框，未记入去重，将自动重试；请保持「接待中心」在前台并避免遮挡输入区。
2026-03-29 17:46:59 | WARNING | main | 发送失败，不入去重集，下次可重试
2026-03-29 17:46:59 | WARNING | reply_sender | 未找到可通过点探测校验的聊天主输入框（策略 A 几何 / A2 宽松 / B 发送左侧 / C 坐标激活 均失败）；请关闭「商品搜索」浮层并保持接待中心窗口在前台
[发送失败] 未写入或未清空输入框，未记入去重，将自动重试；请保持「接待中心」在前台并避免遮挡输入区。
2026-03-29 17:46:59 | WARNING | main | 发送失败，不入去重集，下次可重试
[监听] 当前：访客用账号；等待未读或新消息。
[监听] 当前：访客用账号；等待未读或新消息。
2026-03-29 17:47:22 | INFO | main | [SOAK] 已运行 68.5 分钟，已处理 0 条消息
2026-03-29 17:47:23 | INFO | main | [SOAK] 已运行 82.8 分钟，已处理 0 条消息
[监听] 当前：访客用账号；等待未读或新消息。
[监听] 当前：访客用账号；等待未读或新消息。
[监听] 当前：访客用账号；等待未读或新消息。
[监听] 当前：访客用账号；等待未读或新消息。
[监听] 当前：访客用账号；等待未读或新消息。
[监听] 当前：访客用账号；等待未读或新消息。
[监听] 当前：访客用账号；等待未读或新消息。
[监听] 当前：访客用账号；等待未读或新消息。
[监听] 当前：访客用账号；等待未读或新消息。
[监听] 当前：访客用账号；等待未读或新消息。
[监听] 当前：访客用账号；等待未读或新消息。
[监听] 当前：访客用账号；等待未读或新消息。
[监听] 当前：访客用账号；等待未读或新消息。
[监听] 当前：访客用账号；等待未读或新消息。
[监听] 当前：访客用账号；等待未读或新消息。
[监听] 当前：访客用账号；等待未读或新消息。
[监听] 当前：访客用账号；等待未读或新消息。
[监听] 当前：访客用账号；等待未读或新消息。
[监听] 当前：访客用账号；等待未读或新消息。
[监听] 当前：访客用账号；等待未读或新消息。
2026-03-29 17:52:25 | INFO | main | [SOAK] 已运行 73.6 分钟，已处理 0 条消息
2026-03-29 17:52:26 | INFO | main | [SOAK] 已运行 87.8 分钟，已处理 0 条消息
[监听] 当前：访客用账号；等待未读或新消息。
[监听] 当前：访客用账号；等待未读或新消息。
[监听] 当前：访客用账号；等待未读或新消息。
[监听] 当前：访客用账号；等待未读或新消息。
[监听] 当前：访客用账号；等待未读或新消息。
[监听] 当前：访客用账号；等待未读或新消息。
[监听] 当前：访客用账号；等待未读或新消息。
[监听] 当前：访客用账号；等待未读或新消息。
[监听] 当前：访客用账号；等待未读或新消息。
[监听] 当前：访客用账号；等待未读或新消息。
[监听] 当前：访客用账号；等待未读或新消息。
[监听] 当前：访客用账号；等待未读或新消息。
[监听] 当前：访客用账号；等待未读或新消息。
[监听] 当前：访客用账号；等待未读或新消息。
[监听] 当前：访客用账号；等待未读或新消息。
[监听] 当前：访客用账号；等待未读或新消息。
[监听] 当前：访客用账号；等待未读或新消息。
[监听] 当前：访客用账号；等待未读或新消息。
[监听] 当前：访客用账号；等待未读或新消息。
[监听] 当前：访客用账号；等待未读或新消息。
2026-03-29 17:57:30 | INFO | main | [SOAK] 已运行 78.7 分钟，已处理 0 条消息
2026-03-29 17:57:33 | INFO | main | [SOAK] 已运行 92.9 分钟，已处理 0 条消息
[监听] 当前：访客用账号；等待未读或新消息。
[监听] 当前：访客用账号；等待未读或新消息。
[监听] 当前：访客用账号；等待未读或新消息。
[监听] 当前：访客用账号；等待未读或新消息。
[监听] 当前：访客用账号；等待未读或新消息。
[监听] 当前：访客用账号；等待未读或新消息。
[监听] 当前：访客用账号；等待未读或新消息。
[监听] 当前：访客用账号；等待未读或新消息。
[监听] 当前：访客用账号；等待未读或新消息。
[监听] 当前：访客用账号；等待未读或新消息。
[监听] 当前：访客用账号；等待未读或新消息。
[监听] 当前：访客用账号；等待未读或新消息。
[监听] 当前：访客用账号；等待未读或新消息。
[监听] 当前：访客用账号；等待未读或新消息。
[监听] 当前：访客用账号；等待未读或新消息。
[监听] 当前：访客用账号；等待未读或新消息。
[监听] 当前：访客用账号；等待未读或新消息。
[监听] 当前：访客用账号；等待未读或新消息。
[监听] 当前：访客用账号；等待未读或新消息。
[监听] 当前：访客用账号；等待未读或新消息。
2026-03-29 18:02:34 | INFO | main | [SOAK] 已运行 97.9 分钟，已处理 0 条消息
2026-03-29 18:02:39 | INFO | main | [SOAK] 已运行 83.8 分钟，已处理 0 条消息
[监听] 当前：访客用账号；等待未读或新消息。
[监听] 当前：访客用账号；等待未读或新消息。
[监听] 当前：访客用账号；等待未读或新消息。
[监听] 当前：访客用账号；等待未读或新消息。
[监听] 当前：访客用账号；等待未读或新消息。
[监听] 当前：访客用账号；等待未读或新消息。
[监听] 当前：访客用账号；等待未读或新消息。
[监听] 当前：访客用账号；等待未读或新消息。
[监听] 当前：访客用账号；等待未读或新消息。
[监听] 当前：访客用账号；等待未读或新消息。
[监听] 当前：访客用账号；等待未读或新消息。
[监听] 当前：访客用账号；等待未读或新消息。
[监听] 当前：访客用账号；等待未读或新消息。
[监听] 当前：访客用账号；等待未读或新消息。
[监听] 当前：访客用账号；等待未读或新消息。
[监听] 当前：访客用账号；等待未读或新消息。
2026-03-29 18:06:55 | INFO | debug_cleanup | [CLEANUP] 清理了 7 张调试截图，当前剩余约 93 张
[监听] 当前：访客用账号；等待未读或新消息。
[监听] 当前：访客用账号；等待未读或新消息。
[监听] 当前：访客用账号；等待未读或新消息。
2026-03-29 18:07:41 | INFO | main | [SOAK] 已运行 103.1 分钟，已处理 0 条消息
[监听] 当前：访客用账号；等待未读或新消息。
2026-03-29 18:07:45 | INFO | main | [SOAK] 已运行 88.9 分钟，已处理 0 条消息
[监听] 当前：访客用账号；等待未读或新消息。
[监听] 当前：访客用账号；等待未读或新消息。
[监听] 当前：访客用账号；等待未读或新消息。
[监听] 当前：访客用账号；等待未读或新消息。
[监听] 当前：访客用账号；等待未读或新消息。
[监听] 当前：访客用账号；等待未读或新消息。
[监听] 当前：访客用账号；等待未读或新消息。
[监听] 当前：访客用账号；等待未读或新消息。
[监听] 当前：访客用账号；等待未读或新消息。
[监听] 当前：访客用账号；等待未读或新消息。
[监听] 当前：访客用账号；等待未读或新消息。
[监听] 当前：访客用账号；等待未读或新消息。
[监听] 当前：访客用账号；等待未读或新消息。
[监听] 当前：访客用账号；等待未读或新消息。
[监听] 当前：访客用账号；等待未读或新消息。
[监听] 当前：访客用账号；等待未读或新消息。
2026-03-29 18:12:16 | INFO | main | 左侧列表未识别未读，改用当前已打开会话兜底 buyer=访客用账号
[收到] 买家ID: 访客用账号 | 消息: 价格：9999.00
2026-03-29 18:12:16 | INFO | main | 收到消息 buyer=访客用账号 text=价格：9999.00
[AI回复] 亲，您好呀~ 欢迎光临我们的店铺！有什么可以帮您的吗？ | 耗时: 0ms
2026-03-29 18:12:16 | INFO | main | AI 回复 buyer=访客用账号 ms=0
2026-03-29 18:12:16 | INFO | main | 左侧列表未识别未读，改用当前已打开会话兜底 buyer=访客用账号
[收到] 买家ID: 访客用账号 | 消息: 价格：9999.00
2026-03-29 18:12:16 | INFO | main | 收到消息 buyer=访客用账号 text=价格：9999.00
[AI回复] 【测试回复】这是修复后的测试消息~ | 耗时: 0ms
2026-03-29 18:12:16 | INFO | main | AI 回复 buyer=访客用账号 ms=0
2026-03-29 18:12:27 | WARNING | reply_sender | 未找到可通过点探测校验的聊天主输入框（策略 A 几何 / A2 宽松 / B 发送左侧 / C 坐标激活 均失败）；请关闭「商品搜索」浮层并保持接待中心窗口在前台
[发送失败] 未写入或未清空输入框，未记入去重，将自动重试；请保持「接待中心」在前台并避免遮挡输入区。
2026-03-29 18:12:27 | WARNING | main | 发送失败，不入去重集，下次可重试
2026-03-29 18:12:27 | WARNING | reply_sender | 未找到可通过点探测校验的聊天主输入框（策略 A 几何 / A2 宽松 / B 发送左侧 / C 坐标激活 均失败）；请关闭「商品搜索」浮层并保持接待中心窗口在前台
[发送失败] 未写入或未清空输入框，未记入去重，将自动重试；请保持「接待中心」在前台并避免遮挡输入区。
2026-03-29 18:12:27 | WARNING | main | 发送失败，不入去重集，下次可重试
2026-03-29 18:12:37 | INFO | main | 左侧列表未识别未读，改用当前已打开会话兜底 buyer=访客用账号
[收到] 买家ID: 访客用账号 | 消息: 价格：9999.00
2026-03-29 18:12:37 | INFO | main | 收到消息 buyer=访客用账号 text=价格：9999.00
[AI回复] 亲，您好呀~ 欢迎光临我们的店铺！有什么可以帮您的吗？ | 耗时: 0ms
2026-03-29 18:12:37 | INFO | main | AI 回复 buyer=访客用账号 ms=0
2026-03-29 18:12:37 | INFO | main | 左侧列表未识别未读，改用当前已打开会话兜底 buyer=访客用账号
[收到] 买家ID: 访客用账号 | 消息: 价格：9999.00
2026-03-29 18:12:37 | INFO | main | 收到消息 buyer=访客用账号 text=价格：9999.00
[AI回复] 【测试回复】这是修复后的测试消息~ | 耗时: 0ms
2026-03-29 18:12:37 | INFO | main | AI 回复 buyer=访客用账号 ms=0
2026-03-29 18:12:49 | WARNING | reply_sender | 未找到可通过点探测校验的聊天主输入框（策略 A 几何 / A2 宽松 / B 发送左侧 / C 坐标激活 均失败）；请关闭「商品搜索」浮层并保持接待中心窗口在前台
[发送失败] 未写入或未清空输入框，未记入去重，将自动重试；请保持「接待中心」在前台并避免遮挡输入区。
2026-03-29 18:12:49 | WARNING | main | 发送失败，不入去重集，下次可重试
2026-03-29 18:12:49 | WARNING | reply_sender | 未找到可通过点探测校验的聊天主输入框（策略 A 几何 / A2 宽松 / B 发送左侧 / C 坐标激活 均失败）；请关闭「商品搜索」浮层并保持接待中心窗口在前台
[发送失败] 未写入或未清空输入框，未记入去重，将自动重试；请保持「接待中心」在前台并避免遮挡输入区。
2026-03-29 18:12:49 | WARNING | main | 发送失败，不入去重集，下次可重试
2026-03-29 18:12:52 | INFO | main | [SOAK] 已运行 108.2 分钟，已处理 0 条消息
2026-03-29 18:12:52 | INFO | main | [SOAK] 已运行 94.0 分钟，已处理 0 条消息
2026-03-29 18:12:58 | INFO | main | 左侧列表未识别未读，改用当前已打开会话兜底 buyer=访客用账号
[收到] 买家ID: 访客用账号 | 消息: 价格：9999.00
2026-03-29 18:12:58 | INFO | main | 收到消息 buyer=访客用账号 text=价格：9999.00
[AI回复] 亲，您好呀~ 欢迎光临我们的店铺！有什么可以帮您的吗？ | 耗时: 0ms
2026-03-29 18:12:58 | INFO | main | AI 回复 buyer=访客用账号 ms=0
[监听] 当前：访客用账号；等待未读或新消息。
2026-03-29 18:13:06 | WARNING | reply_sender | 未找到可通过点探测校验的聊天主输入框（策略 A 几何 / A2 宽松 / B 发送左侧 / C 坐标激活 均失败）；请关闭「商品搜索」浮层并保持接待中心窗口在前台
[发送失败] 未写入或未清空输入框，未记入去重，将自动重试；请保持「接待中心」在前台并避免遮挡输入区。
2026-03-29 18:13:06 | WARNING | main | 发送失败，不入去重集，下次可重试
[监听] 当前：访客用账号；等待未读或新消息。
[监听] 当前：访客用账号；等待未读或新消息。
[监听] 当前：访客用账号；等待未读或新消息。
[监听] 当前：访客用账号；等待未读或新消息。
usage: smoke_vision_regions.py [-h]
                               [--mode {ratio,calibrate,unread,message,reply}]
                               [--fresh] [--text TEXT]
smoke_vision_regions.py: error: argument --mode: invalid choice: 'all' (choose from ratio, calibrate, unread, message, reply)
2026-03-29 18:14:13 | INFO | ui_selectors | 已加载 UI 选择器: config/selectors.json
2026-03-29 18:14:13 | INFO | vision_layout | [校准] UIA 锚定成功，跳过 OCR 校准
已写入: D:\MyProject\kaas-platform\rpa-qianniu\debug\20260329_181413_smoke_vision_regions_calibrate.png | mode=calibrate cal_source=uia_anchor
同目录日志: D:\MyProject\kaas-platform\rpa-qianniu\debug\20260329_181413_smoke_vision_regions_calibrate.log
请检查：左栏是否包住会话列表；紫框 input_area 是否覆盖底栏「输入+发送」；橙框 message_area 是否主要为气泡区。
[监听] 当前：访客用账号；等待未读或新消息。
[监听] 当前：访客用账号；等待未读或新消息。
[监听] 当前：访客用账号；等待未读或新消息。
[监听] 当前：访客用账号；等待未读或新消息。
[监听] 当前：访客用账号；等待未读或新消息。
2026-03-29 18:15:32 | INFO | debug_cleanup | [CLEANUP] 清理了 93 张调试截图，当前剩余约 1 张
[监听] 当前：访客用账号；等待未读或新消息。
[监听] 当前：访客用账号；等待未读或新消息。
[WARN] 残留锁文件 (PID=9424 与当前解释器不一致，可能为 PID 复用)，自动清理。
[INIT] 已获取锁 (PID=10056)
2026-03-29 18:15:48 | INFO | ui_selectors | 已加载 UI 选择器: config/selectors.json
正在定位千牛主窗口（带重试）…
[定位] 第 1 次：已匹配窗口「radiobalabala-接待中心」
2026-03-29 18:15:48 | INFO | main | 定位尝试 1：匹配窗口 radiobalabala-接待中心
千牛窗口已定位，开始监听 | 标题: radiobalabala-接待中心
2026-03-29 18:15:48 | INFO | main | 千牛窗口已定位: radiobalabala-接待中心
[桩模式] 已关闭对 FastGPT 的调用，回复固定为：'【测试回复】这是修复后的测试消息~'（.env 设 AI_STUB_MODE=false 可恢复）
2026-03-29 18:15:48 | INFO | main | AI 桩模式开启 stub_reply=【测试回复】这是修复后的测试消息~
快捷键：按 F12 暂停/继续自动回复（全局有效）
2026-03-29 18:15:48 | INFO | main | [SOAK] Legacy UIA 流水线启动 session_id=3905374e
2026-03-29 18:16:00 | INFO | main | 左侧列表未识别未读，改用当前已打开会话兜底 buyer=访客用账号
[收到] 买家ID: 访客用账号 | 消息: 价格：9999.00
2026-03-29 18:16:00 | INFO | main | 收到消息 buyer=访客用账号 text=价格：9999.00
[AI回复] 【测试回复】这是修复后的测试消息~ | 耗时: 0ms
2026-03-29 18:16:00 | INFO | main | AI 回复 buyer=访客用账号 ms=0
2026-03-29 18:16:15 | WARNING | reply_sender | 未找到可通过点探测校验的聊天主输入框（策略 A 几何 / A2 宽松 / B 发送左侧 / C 坐标激活 均失败）；请关闭「商品搜索」浮层并保持接待中心窗口在前台
[发送失败] 未写入或未清空输入框，未记入去重，将自动重试；请保持「接待中心」在前台并避免遮挡输入区。
2026-03-29 18:16:15 | WARNING | main | 发送失败，不入去重集，下次可重试
[监听] 当前：访客用账号；等待未读或新消息。
[监听] 当前：访客用账号；等待未读或新消息。
2026-03-29 18:16:28 | INFO | main | 左侧列表未识别未读，改用当前已打开会话兜底 buyer=访客用账号
[收到] 买家ID: 访客用账号 | 消息: 价格：9999.00
2026-03-29 18:16:28 | INFO | main | 收到消息 buyer=访客用账号 text=价格：9999.00
[AI回复] 【测试回复】这是修复后的测试消息~ | 耗时: 0ms
2026-03-29 18:16:28 | INFO | main | AI 回复 buyer=访客用账号 ms=0
2026-03-29 18:16:37 | WARNING | reply_sender | 未找到可通过点探测校验的聊天主输入框（策略 A 几何 / A2 宽松 / B 发送左侧 / C 坐标激活 均失败）；请关闭「商品搜索」浮层并保持接待中心窗口在前台
[发送失败] 未写入或未清空输入框，未记入去重，将自动重试；请保持「接待中心」在前台并避免遮挡输入区。
2026-03-29 18:16:37 | WARNING | main | 发送失败，不入去重集，下次可重试
[监听] 当前：访客用账号；等待未读或新消息。
[监听] 当前：访客用账号；等待未读或新消息。
[监听] 当前：访客用账号；等待未读或新消息。
[监听] 当前：访客用账号；等待未读或新消息。
[监听] 当前：访客用账号；等待未读或新消息。
[监听] 当前：访客用账号；等待未读或新消息。
[监听] 当前：访客用账号；等待未读或新消息。
[监听] 当前：访客用账号；等待未读或新消息。
[监听] 当前：访客用账号；等待未读或新消息。
2026-03-29 18:17:56 | INFO | main | [SOAK] 已运行 99.1 分钟，已处理 0 条消息
2026-03-29 18:18:01 | INFO | main | [SOAK] 已运行 113.4 分钟，已处理 0 条消息
[监听] 当前：访客用账号；等待未读或新消息。
[监听] 当前：访客用账号；等待未读或新消息。
[监听] 当前：访客用账号；等待未读或新消息。
[监听] 当前：访客用账号；等待未读或新消息。
[监听] 当前：访客用账号；等待未读或新消息。
[监听] 当前：访客用账号；等待未读或新消息。
[监听] 当前：访客用账号；等待未读或新消息。
[监听] 当前：访客用账号；等待未读或新消息。
[监听] 当前：访客用账号；等待未读或新消息。
[监听] 当前：访客用账号；等待未读或新消息。
[监听] 当前：访客用账号；等待未读或新消息。
[监听] 当前：访客用账号；等待未读或新消息。
[监听] 当前：访客用账号；等待未读或新消息。
[监听] 当前：访客用账号；等待未读或新消息。
[监听] 当前：访客用账号；等待未读或新消息。
[监听] 当前：访客用账号；等待未读或新消息。
[监听] 当前：访客用账号；等待未读或新消息。
2026-03-29 18:20:51 | INFO | main | [SOAK] 已运行 5.0 分钟，已处理 0 条消息
[监听] 当前：访客用账号；等待未读或新消息。
[监听] 当前：访客用账号；等待未读或新消息。
[监听] 当前：访客用账号；等待未读或新消息。
[监听] 当前：访客用账号；等待未读或新消息。
[监听] 当前：访客用账号；等待未读或新消息。
[监听] 当前：访客用账号；等待未读或新消息。
[监听] 当前：访客用账号；等待未读或新消息。
[监听] 当前：访客用账号；等待未读或新消息。
[监听] 当前：访客用账号；等待未读或新消息。
[监听] 当前：访客用账号；等待未读或新消息。
[监听] 当前：访客用账号；等待未读或新消息。
[监听] 当前：访客用账号；等待未读或新消息。
[监听] 当前：访客用账号；等待未读或新消息。
2026-03-29 18:23:06 | INFO | main | [SOAK] 已运行 104.3 分钟，已处理 0 条消息
2026-03-29 18:23:08 | INFO | main | [SOAK] 已运行 118.5 分钟，已处理 0 条消息
[监听] 当前：访客用账号；等待未读或新消息。
[监听] 当前：访客用账号；等待未读或新消息。
[监听] 当前：访客用账号；等待未读或新消息。
[监听] 当前：访客用账号；等待未读或新消息。
[监听] 当前：访客用账号；等待未读或新消息。
[监听] 当前：访客用账号；等待未读或新消息。
[监听] 当前：访客用账号；等待未读或新消息。
[监听] 当前：访客用账号；等待未读或新消息。
[监听] 当前：访客用账号；等待未读或新消息。
[监听] 当前：访客用账号；等待未读或新消息。
[监听] 当前：访客用账号；等待未读或新消息。
[监听] 当前：访客用账号；等待未读或新消息。
[监听] 当前：访客用账号；等待未读或新消息。
[监听] 当前：访客用账号；等待未读或新消息。
[监听] 当前：访客用账号；等待未读或新消息。
2026-03-29 18:25:51 | INFO | main | [SOAK] 已运行 10.0 分钟，已处理 0 条消息
[监听] 当前：访客用账号；等待未读或新消息。
[监听] 当前：访客用账号；等待未读或新消息。
[监听] 当前：访客用账号；等待未读或新消息。
[监听] 当前：访客用账号；等待未读或新消息。
[监听] 当前：访客用账号；等待未读或新消息。
[监听] 当前：访客用账号；等待未读或新消息。
[监听] 当前：访客用账号；等待未读或新消息。
[监听] 当前：访客用账号；等待未读或新消息。
[监听] 当前：访客用账号；等待未读或新消息。
[监听] 当前：访客用账号；等待未读或新消息。
[监听] 当前：访客用账号；等待未读或新消息。
[监听] 当前：访客用账号；等待未读或新消息。
[监听] 当前：访客用账号；等待未读或新消息。
[监听] 当前：访客用账号；等待未读或新消息。
2026-03-29 18:28:07 | INFO | main | [SOAK] 已运行 109.3 分钟，已处理 0 条消息
[监听] 当前：访客用账号；等待未读或新消息。
[监听] 当前：访客用账号；等待未读或新消息。
2026-03-29 18:28:27 | INFO | main | [SOAK] 已运行 123.8 分钟，已处理 0 条消息
[监听] 当前：访客用账号；等待未读或新消息。
[监听] 当前：访客用账号；等待未读或新消息。
[监听] 当前：访客用账号；等待未读或新消息。
[监听] 当前：访客用账号；等待未读或新消息。
[监听] 当前：访客用账号；等待未读或新消息。
[监听] 当前：访客用账号；等待未读或新消息。
[WARN] 残留锁文件 (PID=10056 与当前解释器不一致，可能为 PID 复用)，自动清理。
[INIT] 已获取锁 (PID=25896)
2026-03-29 18:29:38 | INFO | ui_selectors | 已加载 UI 选择器: config/selectors.json
正在定位千牛主窗口（带重试）…
[定位] 第 1 次：已匹配窗口「radiobalabala-接待中心」
2026-03-29 18:29:39 | INFO | main | 定位尝试 1：匹配窗口 radiobalabala-接待中心
千牛窗口已定位，开始监听 | 标题: radiobalabala-接待中心
2026-03-29 18:29:39 | INFO | main | 千牛窗口已定位: radiobalabala-接待中心
[桩模式] 已关闭对 FastGPT 的调用，回复固定为：'【测试回复】这是修复后的测试消息~'（.env 设 AI_STUB_MODE=false 可恢复）
2026-03-29 18:29:39 | INFO | main | AI 桩模式开启 stub_reply=【测试回复】这是修复后的测试消息~
快捷键：按 F12 暂停/继续自动回复（全局有效）
2026-03-29 18:29:39 | INFO | main | [SOAK] Legacy UIA 流水线启动 session_id=8d0188fb
[监听] 当前：访客用账号；等待未读或新消息。
2026-03-29 18:29:48 | INFO | main | 左侧列表未识别未读，改用当前已打开会话兜底 buyer=访客用账号
[收到] 买家ID: 访客用账号 | 消息: ID
2026-03-29 18:29:48 | INFO | main | 收到消息 buyer=访客用账号 text=ID
[AI回复] 【测试回复】这是修复后的测试消息~ | 耗时: 0ms
2026-03-29 18:29:48 | INFO | main | AI 回复 buyer=访客用账号 ms=0
[监听] 当前：访客用账号；等待未读或新消息。
[监听] 当前：访客用账号；等待未读或新消息。
2026-03-29 18:30:00 | WARNING | reply_sender | 未找到可通过点探测校验的聊天主输入框（策略 A 几何 / A2 宽松 / B 发送左侧 / C 坐标激活 均失败）；请关闭「商品搜索」浮层并保持接待中心窗口在前台
[发送失败] 未写入或未清空输入框，未记入去重，将自动重试；请保持「接待中心」在前台并避免遮挡输入区。
2026-03-29 18:30:00 | WARNING | main | 发送失败，不入去重集，下次可重试
2026-03-29 18:30:10 | INFO | main | 左侧列表未识别未读，改用当前已打开会话兜底 buyer=访客用账号
[收到] 买家ID: 访客用账号 | 消息: ID
2026-03-29 18:30:10 | INFO | main | 收到消息 buyer=访客用账号 text=ID
[AI回复] 【测试回复】这是修复后的测试消息~ | 耗时: 0ms
2026-03-29 18:30:10 | INFO | main | AI 回复 buyer=访客用账号 ms=0
[监听] 当前：访客用账号；等待未读或新消息。
2026-03-29 18:30:26 | WARNING | reply_sender | 未找到可通过点探测校验的聊天主输入框（策略 A 几何 / A2 宽松 / B 发送左侧 / C 坐标激活 均失败）；请关闭「商品搜索」浮层并保持接待中心窗口在前台
[发送失败] 未写入或未清空输入框，未记入去重，将自动重试；请保持「接待中心」在前台并避免遮挡输入区。
2026-03-29 18:30:26 | WARNING | main | 发送失败，不入去重集，下次可重试
[监听] 当前：访客用账号；等待未读或新消息。
[监听] 当前：访客用账号；等待未读或新消息。
[监听] 当前：访客用账号；等待未读或新消息。
[监听] 当前：访客用账号；等待未读或新消息。
2026-03-29 18:30:53 | INFO | main | [SOAK] 已运行 15.1 分钟，已处理 0 条消息
[监听] 当前：访客用账号；等待未读或新消息。
[监听] 当前：访客用账号；等待未读或新消息。
[监听] 当前：访客用账号；等待未读或新消息。
[监听] 当前：访客用账号；等待未读或新消息。
2026-03-29 18:31:24 | INFO | main | 左侧列表未识别未读，改用当前已打开会话兜底 buyer=访客用账号
[收到] 买家ID: 访客用账号 | 消息: AI一键总结
2026-03-29 18:31:24 | INFO | main | 收到消息 buyer=访客用账号 text=AI一键总结
[AI回复] 【测试回复】这是修复后的测试消息~ | 耗时: 0ms
2026-03-29 18:31:24 | INFO | main | AI 回复 buyer=访客用账号 ms=0
[监听] 等待左侧未读或新消息。
2026-03-29 18:31:31 | INFO | main | 左侧列表未识别未读，改用当前已打开会话兜底 buyer=访客用账号
[收到] 买家ID: 访客用账号 | 消息: AI一键总结
2026-03-29 18:31:31 | INFO | main | 收到消息 buyer=访客用账号 text=AI一键总结
[AI回复] 亲，您好呀~ 欢迎光临我们的店铺！有什么可以帮您的吗？ | 耗时: 0ms
2026-03-29 18:31:31 | INFO | main | AI 回复 buyer=访客用账号 ms=0
2026-03-29 18:31:31 | WARNING | reply_sender | 未找到可通过点探测校验的聊天主输入框（策略 A 几何 / A2 宽松 / B 发送左侧 / C 坐标激活 均失败）；请关闭「商品搜索」浮层并保持接待中心窗口在前台
[发送失败] 未写入或未清空输入框，未记入去重，将自动重试；请保持「接待中心」在前台并避免遮挡输入区。
2026-03-29 18:31:31 | WARNING | main | 发送失败，不入去重集，下次可重试
2026-03-29 18:31:50 | INFO | main | 左侧列表未识别未读，改用当前已打开会话兜底 buyer=访客用账号
[收到] 买家ID: 访客用账号 | 消息: AI一键总结
2026-03-29 18:31:50 | INFO | main | 收到消息 buyer=访客用账号 text=AI一键总结
[AI回复] 【测试回复】这是修复后的测试消息~ | 耗时: 0ms
2026-03-29 18:31:50 | INFO | main | AI 回复 buyer=访客用账号 ms=0
2026-03-29 18:31:50 | WARNING | reply_sender | 未找到可通过点探测校验的聊天主输入框（策略 A 几何 / A2 宽松 / B 发送左侧 / C 坐标激活 均失败）；请关闭「商品搜索」浮层并保持接待中心窗口在前台
[发送失败] 未写入或未清空输入框，未记入去重，将自动重试；请保持「接待中心」在前台并避免遮挡输入区。
2026-03-29 18:31:50 | WARNING | main | 发送失败，不入去重集，下次可重试
2026-03-29 18:31:51 | INFO | main | 左侧列表未识别未读，改用当前已打开会话兜底 buyer=访客用账号
[收到] 买家ID: 访客用账号 | 消息: AI一键总结
2026-03-29 18:31:51 | INFO | main | 收到消息 buyer=访客用账号 text=AI一键总结
[AI回复] 【测试回复】这是修复后的测试消息~ | 耗时: 0ms
2026-03-29 18:31:51 | INFO | main | AI 回复 buyer=访客用账号 ms=0
2026-03-29 18:31:51 | INFO | main | 左侧列表未识别未读，改用当前已打开会话兜底 buyer=访客用账号
[收到] 买家ID: 访客用账号 | 消息: AI一键总结
2026-03-29 18:31:51 | INFO | main | 收到消息 buyer=访客用账号 text=AI一键总结
[AI回复] 【测试回复】这是修复后的测试消息~ | 耗时: 0ms
2026-03-29 18:31:51 | INFO | main | AI 回复 buyer=访客用账号 ms=0
2026-03-29 18:32:13 | WARNING | reply_sender | 未找到可通过点探测校验的聊天主输入框（策略 A 几何 / A2 宽松 / B 发送左侧 / C 坐标激活 均失败）；请关闭「商品搜索」浮层并保持接待中心窗口在前台
[发送失败] 未写入或未清空输入框，未记入去重，将自动重试；请保持「接待中心」在前台并避免遮挡输入区。
2026-03-29 18:32:13 | WARNING | main | 发送失败，不入去重集，下次可重试
[监听] 当前：访客用账号；等待未读或新消息。
2026-03-29 18:32:14 | WARNING | reply_sender | 未找到可通过点探测校验的聊天主输入框（策略 A 几何 / A2 宽松 / B 发送左侧 / C 坐标激活 均失败）；请关闭「商品搜索」浮层并保持接待中心窗口在前台
[发送失败] 未写入或未清空输入框，未记入去重，将自动重试；请保持「接待中心」在前台并避免遮挡输入区。
2026-03-29 18:32:14 | WARNING | main | 发送失败，不入去重集，下次可重试
2026-03-29 18:32:14 | WARNING | reply_sender | 未找到可通过点探测校验的聊天主输入框（策略 A 几何 / A2 宽松 / B 发送左侧 / C 坐标激活 均失败）；请关闭「商品搜索」浮层并保持接待中心窗口在前台
[发送失败] 未写入或未清空输入框，未记入去重，将自动重试；请保持「接待中心」在前台并避免遮挡输入区。
2026-03-29 18:32:14 | WARNING | main | 发送失败，不入去重集，下次可重试
[WARN] 残留锁文件 (PID=25896 与当前解释器不一致，可能为 PID 复用)，自动清理。
[INIT] 已获取锁 (PID=22636)
2026-03-29 18:32:16 | INFO | ui_selectors | 已加载 UI 选择器: config/selectors.json
正在定位千牛主窗口（带重试）…
[定位] 第 1 次：已匹配窗口「radiobalabala-接待中心」
2026-03-29 18:32:16 | INFO | main | 定位尝试 1：匹配窗口 radiobalabala-接待中心
千牛窗口已定位，开始监听 | 标题: radiobalabala-接待中心
2026-03-29 18:32:16 | INFO | main | 千牛窗口已定位: radiobalabala-接待中心
[桩模式] 已关闭对 FastGPT 的调用，回复固定为：'【测试回复】这是修复后的测试消息~'（.env 设 AI_STUB_MODE=false 可恢复）
2026-03-29 18:32:16 | INFO | main | AI 桩模式开启 stub_reply=【测试回复】这是修复后的测试消息~
快捷键：按 F12 暂停/继续自动回复（全局有效）
2026-03-29 18:32:16 | INFO | main | [SOAK] Legacy UIA 流水线启动 session_id=c44cc8ac
2026-03-29 18:32:30 | INFO | main | 左侧列表未识别未读，改用当前已打开会话兜底 buyer=访客用账号
[收到] 买家ID: 访客用账号 | 消息: AI一键总结
2026-03-29 18:32:30 | INFO | main | 收到消息 buyer=访客用账号 text=AI一键总结
[AI回复] 【测试回复】这是修复后的测试消息~ | 耗时: 0ms
2026-03-29 18:32:30 | INFO | main | AI 回复 buyer=访客用账号 ms=0
[监听] 当前：访客用账号；等待未读或新消息。
[监听] 当前：访客用账号；等待未读或新消息。
[监听] 当前：访客用账号；等待未读或新消息。
2026-03-29 18:32:52 | WARNING | reply_sender | 未找到可通过点探测校验的聊天主输入框（策略 A 几何 / A2 宽松 / B 发送左侧 / C 坐标激活 均失败）；请关闭「商品搜索」浮层并保持接待中心窗口在前台
[发送失败] 未写入或未清空输入框，未记入去重，将自动重试；请保持「接待中心」在前台并避免遮挡输入区。
2026-03-29 18:32:52 | WARNING | main | 发送失败，不入去重集，下次可重试
[监听] 当前：访客用账号；等待未读或新消息。
[监听] 当前：访客用账号；等待未读或新消息。
[监听] 当前：访客用账号；等待未读或新消息。
[监听] 当前：访客用账号；等待未读或新消息。
2026-03-29 18:33:07 | INFO | main | [SOAK] 已运行 114.3 分钟，已处理 0 条消息
[监听] 当前：访客用账号；等待未读或新消息。
[监听] 当前：访客用账号；等待未读或新消息。
[监听] 当前：访客用账号；等待未读或新消息。
[监听] 当前：访客用账号；等待未读或新消息。
2026-03-29 18:33:43 | INFO | main | [SOAK] 已运行 129.1 分钟，已处理 0 条消息
[WARN] 残留锁文件 (PID=22636 与当前解释器不一致，可能为 PID 复用)，自动清理。
[INIT] 已获取锁 (PID=9892)
2026-03-29 18:33:46 | INFO | ui_selectors | 已加载 UI 选择器: config/selectors.json
正在定位千牛主窗口（带重试）…
[定位] 第 1 次：已匹配窗口「radiobalabala-接待中心」
2026-03-29 18:33:46 | INFO | main | 定位尝试 1：匹配窗口 radiobalabala-接待中心
千牛窗口已定位，开始监听 | 标题: radiobalabala-接待中心
2026-03-29 18:33:46 | INFO | main | 千牛窗口已定位: radiobalabala-接待中心
[桩模式] 已关闭对 FastGPT 的调用，回复固定为：'【测试回复】这是修复后的测试消息~'（.env 设 AI_STUB_MODE=false 可恢复）
2026-03-29 18:33:46 | INFO | main | AI 桩模式开启 stub_reply=【测试回复】这是修复后的测试消息~
快捷键：按 F12 暂停/继续自动回复（全局有效）
2026-03-29 18:33:46 | INFO | main | [SOAK] Legacy UIA 流水线启动 session_id=1de55068
[监听] 当前：访客用账号；等待未读或新消息。
[监听] 当前：访客用账号；等待未读或新消息。
[监听] 当前：访客用账号；等待未读或新消息。
[监听] 当前：访客用账号；等待未读或新消息。
2026-03-29 18:34:07 | INFO | main | 左侧列表未识别未读，改用当前已打开会话兜底 buyer=访客用账号
[收到] 买家ID: 访客用账号 | 消息: AI一键总结
2026-03-29 18:34:07 | INFO | main | 收到消息 buyer=访客用账号 text=AI一键总结
[AI回复] 【测试回复】这是修复后的测试消息~ | 耗时: 0ms
2026-03-29 18:34:07 | INFO | main | AI 回复 buyer=访客用账号 ms=0
[监听] 当前：访客用账号；等待未读或新消息。
[监听] 当前：访客用账号；等待未读或新消息。
[监听] 当前：访客用账号；等待未读或新消息。
[监听] 当前：访客用账号；等待未读或新消息。
[监听] 当前：访客用账号；等待未读或新消息。
2026-03-29 18:34:37 | WARNING | reply_sender | 未找到可通过点探测校验的聊天主输入框（策略 A 几何 / A2 宽松 / B 发送左侧 / C 坐标激活 均失败）；请关闭「商品搜索」浮层并保持接待中心窗口在前台
[发送失败] 未写入或未清空输入框，未记入去重，将自动重试；请保持「接待中心」在前台并避免遮挡输入区。
2026-03-29 18:34:37 | WARNING | main | 发送失败，不入去重集，下次可重试
[监听] 当前：访客用账号；等待未读或新消息。
[WARN] 残留锁文件 (PID=9892 与当前解释器不一致，可能为 PID 复用)，自动清理。
[INIT] 已获取锁 (PID=14484)
2026-03-29 18:34:48 | INFO | ui_selectors | 已加载 UI 选择器: config/selectors.json
正在定位千牛主窗口（带重试）…
[定位] 第 1 次：已匹配窗口「radiobalabala-接待中心」
2026-03-29 18:34:48 | INFO | main | 定位尝试 1：匹配窗口 radiobalabala-接待中心
千牛窗口已定位，开始监听 | 标题: radiobalabala-接待中心
2026-03-29 18:34:48 | INFO | main | 千牛窗口已定位: radiobalabala-接待中心
[桩模式] 已关闭对 FastGPT 的调用，回复固定为：'【测试回复】这是修复后的测试消息~'（.env 设 AI_STUB_MODE=false 可恢复）
2026-03-29 18:34:48 | INFO | main | AI 桩模式开启 stub_reply=【测试回复】这是修复后的测试消息~
快捷键：按 F12 暂停/继续自动回复（全局有效）
2026-03-29 18:34:48 | INFO | main | [SOAK] Legacy UIA 流水线启动 session_id=28f0be1a
[监听] 当前：访客用账号；等待未读或新消息。
2026-03-29 18:35:01 | INFO | main | [SOAK] 已运行 5.4 分钟，已处理 0 条消息
[监听] 当前：访客用账号；等待未读或新消息。
[监听] 当前：访客用账号；等待未读或新消息。
[监听] 当前：访客用账号；等待未读或新消息。
2026-03-29 18:35:08 | INFO | main | 左侧列表未识别未读，改用当前已打开会话兜底 buyer=访客用账号
[收到] 买家ID: 访客用账号 | 消息: AI一键总结
2026-03-29 18:35:08 | INFO | main | 收到消息 buyer=访客用账号 text=AI一键总结
[AI回复] 【测试回复】这是修复后的测试消息~ | 耗时: 0ms
2026-03-29 18:35:08 | INFO | main | AI 回复 buyer=访客用账号 ms=0
[监听] 当前：访客用账号；等待未读或新消息。
[监听] 当前：访客用账号；等待未读或新消息。
[监听] 当前：访客用账号；等待未读或新消息。
[监听] 当前：访客用账号；等待未读或新消息。
[监听] 当前：访客用账号；等待未读或新消息。
[WARN] 残留锁文件 (PID=14484 与当前解释器不一致，可能为 PID 复用)，自动清理。
[INIT] 已获取锁 (PID=19380)
2026-03-29 18:35:51 | INFO | ui_selectors | 已加载 UI 选择器: config/selectors.json
正在定位千牛主窗口（带重试）…
[定位] 第 1 次：已匹配窗口「radiobalabala-接待中心」
2026-03-29 18:35:51 | INFO | main | 定位尝试 1：匹配窗口 radiobalabala-接待中心
千牛窗口已定位，开始监听 | 标题: radiobalabala-接待中心
2026-03-29 18:35:51 | INFO | main | 千牛窗口已定位: radiobalabala-接待中心
[桩模式] 已关闭对 FastGPT 的调用，回复固定为：'【测试回复】这是修复后的测试消息~'（.env 设 AI_STUB_MODE=false 可恢复）
2026-03-29 18:35:51 | INFO | main | AI 桩模式开启 stub_reply=【测试回复】这是修复后的测试消息~
快捷键：按 F12 暂停/继续自动回复（全局有效）
2026-03-29 18:35:51 | INFO | main | [SOAK] Legacy UIA 流水线启动 session_id=3eaa1af1
[监听] 当前：访客用账号；等待未读或新消息。
2026-03-29 18:35:53 | INFO | main | [SOAK] 已运行 20.1 分钟，已处理 0 条消息
[监听] 当前：访客用账号；等待未读或新消息。
2026-03-29 18:35:56 | WARNING | reply_sender | 未找到可通过点探测校验的聊天主输入框（策略 A 几何 / A2 宽松 / B 发送左侧 / C 坐标激活 均失败）；请关闭「商品搜索」浮层并保持接待中心窗口在前台
2026-03-29 18:35:56 | ERROR | reply_sender | 发送异常: [Errno 22] Invalid argument
Traceback (most recent call last):
  File "D:\MyProject\kaas-platform\rpa-qianniu\app\reply_sender.py", line 371, in send_reply
    log.warning(
    ~~~~~~~~~~~^
        "未找到可通过点探测校验的聊天主输入框（策略 A 几何 / A2 宽松 / B 发送左侧 / C 坐标激活 均失败）；"
        ^^^^^^^^^^^^^^^^^^^^^^^^^^^^^^^^^^^^^^^^^^^^^^^^^^^^^^^^^^^^^^^^^^^^^^^^^^^^^^^^^^^^^^^^^^^^^^^^^^
        "请关闭「商品搜索」浮层并保持接待中心窗口在前台"
        ^^^^^^^^^^^^^^^^^^^^^^^^^^^^^^^^^^^^^^^^^^^^^^^^
    )
    ^
  File "C:\Program Files\WindowsApps\PythonSoftwareFoundation.Python.3.13_3.13.3312.0_x64__qbz5n2kfra8p0\Lib\logging\__init__.py", line 1532, in warning
    self._log(WARNING, msg, args, **kwargs)
    ~~~~~~~~~^^^^^^^^^^^^^^^^^^^^^^^^^^^^^^
  File "C:\Program Files\WindowsApps\PythonSoftwareFoundation.Python.3.13_3.13.3312.0_x64__qbz5n2kfra8p0\Lib\logging\__init__.py", line 1665, in _log
    self.handle(record)
    ~~~~~~~~~~~^^^^^^^^
  File "C:\Program Files\WindowsApps\PythonSoftwareFoundation.Python.3.13_3.13.3312.0_x64__qbz5n2kfra8p0\Lib\logging\__init__.py", line 1681, in handle
    self.callHandlers(record)
    ~~~~~~~~~~~~~~~~~^^^^^^^^
  File "C:\Program Files\WindowsApps\PythonSoftwareFoundation.Python.3.13_3.13.3312.0_x64__qbz5n2kfra8p0\Lib\logging\__init__.py", line 1737, in callHandlers
    hdlr.handle(record)
    ~~~~~~~~~~~^^^^^^^^
  File "C:\Program Files\WindowsApps\PythonSoftwareFoundation.Python.3.13_3.13.3312.0_x64__qbz5n2kfra8p0\Lib\logging\__init__.py", line 1027, in handle
    self.emit(record)
    ~~~~~~~~~^^^^^^^^
  File "D:\MyProject\kaas-platform\rpa-qianniu\app\logger.py", line 130, in emit
    self.flush()
    ~~~~~~~~~~^^
  File "C:\Program Files\WindowsApps\PythonSoftwareFoundation.Python.3.13_3.13.3312.0_x64__qbz5n2kfra8p0\Lib\logging\__init__.py", line 1137, in flush
    self.stream.flush()
    ~~~~~~~~~~~~~~~~~^^
  File "D:\MyProject\kaas-platform\rpa-qianniu\app\logger.py", line 39, in flush
    self._original.flush()
    ~~~~~~~~~~~~~~~~~~~~^^
OSError: [Errno 22] Invalid argument
2026-03-29 18:35:56 | ERROR | main | 主循环异常: [Errno 22] Invalid argument
Traceback (most recent call last):
  File "D:\MyProject\kaas-platform\rpa-qianniu\app\reply_sender.py", line 371, in send_reply
    log.warning(
    ~~~~~~~~~~~^
        "未找到可通过点探测校验的聊天主输入框（策略 A 几何 / A2 宽松 / B 发送左侧 / C 坐标激活 均失败）；"
        ^^^^^^^^^^^^^^^^^^^^^^^^^^^^^^^^^^^^^^^^^^^^^^^^^^^^^^^^^^^^^^^^^^^^^^^^^^^^^^^^^^^^^^^^^^^^^^^^^^
        "请关闭「商品搜索」浮层并保持接待中心窗口在前台"
        ^^^^^^^^^^^^^^^^^^^^^^^^^^^^^^^^^^^^^^^^^^^^^^^^
    )
    ^
  File "C:\Program Files\WindowsApps\PythonSoftwareFoundation.Python.3.13_3.13.3312.0_x64__qbz5n2kfra8p0\Lib\logging\__init__.py", line 1532, in warning
    self._log(WARNING, msg, args, **kwargs)
    ~~~~~~~~~^^^^^^^^^^^^^^^^^^^^^^^^^^^^^^
  File "C:\Program Files\WindowsApps\PythonSoftwareFoundation.Python.3.13_3.13.3312.0_x64__qbz5n2kfra8p0\Lib\logging\__init__.py", line 1665, in _log
    self.handle(record)
    ~~~~~~~~~~~^^^^^^^^
  File "C:\Program Files\WindowsApps\PythonSoftwareFoundation.Python.3.13_3.13.3312.0_x64__qbz5n2kfra8p0\Lib\logging\__init__.py", line 1681, in handle
    self.callHandlers(record)
    ~~~~~~~~~~~~~~~~~^^^^^^^^
  File "C:\Program Files\WindowsApps\PythonSoftwareFoundation.Python.3.13_3.13.3312.0_x64__qbz5n2kfra8p0\Lib\logging\__init__.py", line 1737, in callHandlers
    hdlr.handle(record)
    ~~~~~~~~~~~^^^^^^^^
  File "C:\Program Files\WindowsApps\PythonSoftwareFoundation.Python.3.13_3.13.3312.0_x64__qbz5n2kfra8p0\Lib\logging\__init__.py", line 1027, in handle
    self.emit(record)
    ~~~~~~~~~^^^^^^^^
  File "D:\MyProject\kaas-platform\rpa-qianniu\app\logger.py", line 130, in emit
    self.flush()
    ~~~~~~~~~~^^
  File "C:\Program Files\WindowsApps\PythonSoftwareFoundation.Python.3.13_3.13.3312.0_x64__qbz5n2kfra8p0\Lib\logging\__init__.py", line 1137, in flush
    self.stream.flush()
    ~~~~~~~~~~~~~~~~~^^
  File "D:\MyProject\kaas-platform\rpa-qianniu\app\logger.py", line 39, in flush
    self._original.flush()
    ~~~~~~~~~~~~~~~~~~~~^^
OSError: [Errno 22] Invalid argument

During handling of the above exception, another exception occurred:

Traceback (most recent call last):
  File "D:\MyProject\kaas-platform\rpa-qianniu\app\main.py", line 912, in _run_legacy_uia
    ok = send_reply(win, reply, chat_panel=panel)
  File "D:\MyProject\kaas-platform\rpa-qianniu\app\reply_sender.py", line 444, in send_reply
    log.exception("发送异常: %s", exc)
    ~~~~~~~~~~~~~^^^^^^^^^^^^^^^^^^^^^
  File "C:\Program Files\WindowsApps\PythonSoftwareFoundation.Python.3.13_3.13.3312.0_x64__qbz5n2kfra8p0\Lib\logging\__init__.py", line 1555, in exception
    self.error(msg, *args, exc_info=exc_info, **kwargs)
    ~~~~~~~~~~^^^^^^^^^^^^^^^^^^^^^^^^^^^^^^^^^^^^^^^^^
  File "C:\Program Files\WindowsApps\PythonSoftwareFoundation.Python.3.13_3.13.3312.0_x64__qbz5n2kfra8p0\Lib\logging\__init__.py", line 1549, in error
    self._log(ERROR, msg, args, **kwargs)
    ~~~~~~~~~^^^^^^^^^^^^^^^^^^^^^^^^^^^^
  File "C:\Program Files\WindowsApps\PythonSoftwareFoundation.Python.3.13_3.13.3312.0_x64__qbz5n2kfra8p0\Lib\logging\__init__.py", line 1665, in _log
    self.handle(record)
    ~~~~~~~~~~~^^^^^^^^
  File "C:\Program Files\WindowsApps\PythonSoftwareFoundation.Python.3.13_3.13.3312.0_x64__qbz5n2kfra8p0\Lib\logging\__init__.py", line 1681, in handle
    self.callHandlers(record)
    ~~~~~~~~~~~~~~~~~^^^^^^^^
  File "C:\Program Files\WindowsApps\PythonSoftwareFoundation.Python.3.13_3.13.3312.0_x64__qbz5n2kfra8p0\Lib\logging\__init__.py", line 1737, in callHandlers
    hdlr.handle(record)
    ~~~~~~~~~~~^^^^^^^^
  File "C:\Program Files\WindowsApps\PythonSoftwareFoundation.Python.3.13_3.13.3312.0_x64__qbz5n2kfra8p0\Lib\logging\__init__.py", line 1027, in handle
    self.emit(record)
    ~~~~~~~~~^^^^^^^^
  File "D:\MyProject\kaas-platform\rpa-qianniu\app\logger.py", line 130, in emit
    self.flush()
    ~~~~~~~~~~^^
  File "C:\Program Files\WindowsApps\PythonSoftwareFoundation.Python.3.13_3.13.3312.0_x64__qbz5n2kfra8p0\Lib\logging\__init__.py", line 1137, in flush
    self.stream.flush()
    ~~~~~~~~~~~~~~~~~^^
  File "D:\MyProject\kaas-platform\rpa-qianniu\app\logger.py", line 39, in flush
    self._original.flush()
    ~~~~~~~~~~~~~~~~~~~~^^
OSError: [Errno 22] Invalid argument
2026-03-29 18:35:56 | INFO | main | [SOAK] Legacy UIA 流水线结束 session_id=28f0be1a，总运行 1.1 分钟，处理 0 条消息
[监听] 当前：访客用账号；等待未读或新消息。
[监听] 当前：访客用账号；等待未读或新消息。
2026-03-29 18:36:15 | INFO | main | 左侧列表未识别未读，改用当前已打开会话兜底 buyer=访客用账号
[收到] 买家ID: 访客用账号 | 消息: AI一键总结
2026-03-29 18:36:15 | INFO | main | 收到消息 buyer=访客用账号 text=AI一键总结
[AI回复] 【测试回复】这是修复后的测试消息~ | 耗时: 0ms
2026-03-29 18:36:15 | INFO | main | AI 回复 buyer=访客用账号 ms=0
[监听] 当前：访客用账号；等待未读或新消息。
[监听] 当前：访客用账号；等待未读或新消息。
[监听] 当前：访客用账号；等待未读或新消息。
[监听] 当前：访客用账号；等待未读或新消息。
[监听] 当前：访客用账号；等待未读或新消息。
[监听] 当前：访客用账号；等待未读或新消息。
2026-03-29 18:36:46 | WARNING | reply_sender | 未找到可通过点探测校验的聊天主输入框（策略 A 几何 / A2 宽松 / B 发送左侧 / C 坐标激活 均失败）；请关闭「商品搜索」浮层并保持接待中心窗口在前台
[发送失败] 未写入或未清空输入框，未记入去重，将自动重试；请保持「接待中心」在前台并避免遮挡输入区。
2026-03-29 18:36:46 | WARNING | main | 发送失败，不入去重集，下次可重试
[监听] 当前：访客用账号；等待未读或新消息。
[监听] 当前：访客用账号；等待未读或新消息。
[监听] 当前：访客用账号；等待未读或新消息。
[监听] 当前：访客用账号；等待未读或新消息。
[监听] 当前：访客用账号；等待未读或新消息。
[WARN] 残留锁文件 (PID=19380 与当前解释器不一致，可能为 PID 复用)，自动清理。
[INIT] 已获取锁 (PID=27272)
2026-03-29 18:37:08 | INFO | ui_selectors | 已加载 UI 选择器: config/selectors.json
正在定位千牛主窗口（带重试）…
[定位] 第 1 次：已匹配窗口「radiobalabala-接待中心」
2026-03-29 18:37:08 | INFO | main | 定位尝试 1：匹配窗口 radiobalabala-接待中心
千牛窗口已定位，开始监听 | 标题: radiobalabala-接待中心
2026-03-29 18:37:08 | INFO | main | 千牛窗口已定位: radiobalabala-接待中心
[桩模式] 已关闭对 FastGPT 的调用，回复固定为：'【测试回复】这是修复后的测试消息~'（.env 设 AI_STUB_MODE=false 可恢复）
2026-03-29 18:37:08 | INFO | main | AI 桩模式开启 stub_reply=【测试回复】这是修复后的测试消息~
快捷键：按 F12 暂停/继续自动回复（全局有效）
2026-03-29 18:37:08 | INFO | main | [SOAK] Legacy UIA 流水线启动 session_id=ee323371
[监听] 当前：访客用账号；等待未读或新消息。
[监听] 当前：访客用账号；等待未读或新消息。
[监听] 当前：访客用账号；等待未读或新消息。
[监听] 当前：访客用账号；等待未读或新消息。
[监听] 当前：访客用账号；等待未读或新消息。
[监听] 当前：访客用账号；等待未读或新消息。
[监听] 当前：访客用账号；等待未读或新消息。
2026-03-29 18:37:39 | INFO | main | [SOAK] 已运行 5.4 分钟，已处理 0 条消息
[监听] 当前：访客用账号；等待未读或新消息。
[监听] 当前：访客用账号；等待未读或新消息。
[监听] 当前：访客用账号；等待未读或新消息。
[监听] 当前：访客用账号；等待未读或新消息。
[监听] 当前：访客用账号；等待未读或新消息。
[监听] 当前：访客用账号；等待未读或新消息。
[监听] 当前：访客用账号；等待未读或新消息。
[监听] 当前：访客用账号；等待未读或新消息。
2026-03-29 18:38:21 | INFO | main | [SOAK] 已运行 119.5 分钟，已处理 0 条消息
[监听] 当前：访客用账号；等待未读或新消息。
[监听] 当前：访客用账号；等待未读或新消息。
[监听] 当前：访客用账号；等待未读或新消息。
[监听] 当前：访客用账号；等待未读或新消息。
[监听] 当前：访客用账号；等待未读或新消息。
[监听] 当前：访客用账号；等待未读或新消息。
[监听] 当前：访客用账号；等待未读或新消息。
[监听] 当前：访客用账号；等待未读或新消息。
2026-03-29 18:39:00 | INFO | main | [SOAK] 已运行 134.4 分钟，已处理 0 条消息
2026-03-29 18:39:03 | INFO | main | [SOAK] 已运行 5.3 分钟，已处理 0 条消息
2026-03-29 18:39:03 | ERROR | main | 主循环异常: [Errno 22] Invalid argument
Traceback (most recent call last):
  File "D:\MyProject\kaas-platform\rpa-qianniu\app\main.py", line 725, in _run_legacy_uia
    log.info("[SOAK] 已运行 %.1f 分钟，已处理 %d 条消息", elapsed_total / 60, processed_count)
    ~~~~~~~~^^^^^^^^^^^^^^^^^^^^^^^^^^^^^^^^^^^^^^^^^^^^^^^^^^^^^^^^^^^^^^^^^^^^^^^^^^^^^^^^^^
  File "C:\Program Files\WindowsApps\PythonSoftwareFoundation.Python.3.13_3.13.3312.0_x64__qbz5n2kfra8p0\Lib\logging\__init__.py", line 1520, in info
    self._log(INFO, msg, args, **kwargs)
    ~~~~~~~~~^^^^^^^^^^^^^^^^^^^^^^^^^^^
  File "C:\Program Files\WindowsApps\PythonSoftwareFoundation.Python.3.13_3.13.3312.0_x64__qbz5n2kfra8p0\Lib\logging\__init__.py", line 1665, in _log
    self.handle(record)
    ~~~~~~~~~~~^^^^^^^^
  File "C:\Program Files\WindowsApps\PythonSoftwareFoundation.Python.3.13_3.13.3312.0_x64__qbz5n2kfra8p0\Lib\logging\__init__.py", line 1681, in handle
    self.callHandlers(record)
    ~~~~~~~~~~~~~~~~~^^^^^^^^
  File "C:\Program Files\WindowsApps\PythonSoftwareFoundation.Python.3.13_3.13.3312.0_x64__qbz5n2kfra8p0\Lib\logging\__init__.py", line 1737, in callHandlers
    hdlr.handle(record)
    ~~~~~~~~~~~^^^^^^^^
  File "C:\Program Files\WindowsApps\PythonSoftwareFoundation.Python.3.13_3.13.3312.0_x64__qbz5n2kfra8p0\Lib\logging\__init__.py", line 1027, in handle
    self.emit(record)
    ~~~~~~~~~^^^^^^^^
  File "D:\MyProject\kaas-platform\rpa-qianniu\app\logger.py", line 130, in emit
    self.flush()
    ~~~~~~~~~~^^
  File "C:\Program Files\WindowsApps\PythonSoftwareFoundation.Python.3.13_3.13.3312.0_x64__qbz5n2kfra8p0\Lib\logging\__init__.py", line 1137, in flush
    self.stream.flush()
    ~~~~~~~~~~~~~~~~~^^
  File "D:\MyProject\kaas-platform\rpa-qianniu\app\logger.py", line 39, in flush
    self._original.flush()
    ~~~~~~~~~~~~~~~~~~~~^^
OSError: [Errno 22] Invalid argument
2026-03-29 18:39:03 | INFO | main | [SOAK] Legacy UIA 流水线结束 session_id=1de55068，总运行 5.3 分钟，处理 0 条消息
2026-03-29 18:39:03 | CRITICAL | uncaught | 未捕获异常
Traceback (most recent call last):
  File "D:\MyProject\kaas-platform\rpa-qianniu\app\main.py", line 725, in _run_legacy_uia
    log.info("[SOAK] 已运行 %.1f 分钟，已处理 %d 条消息", elapsed_total / 60, processed_count)
    ~~~~~~~~^^^^^^^^^^^^^^^^^^^^^^^^^^^^^^^^^^^^^^^^^^^^^^^^^^^^^^^^^^^^^^^^^^^^^^^^^^^^^^^^^^
  File "C:\Program Files\WindowsApps\PythonSoftwareFoundation.Python.3.13_3.13.3312.0_x64__qbz5n2kfra8p0\Lib\logging\__init__.py", line 1520, in info
    self._log(INFO, msg, args, **kwargs)
    ~~~~~~~~~^^^^^^^^^^^^^^^^^^^^^^^^^^^
  File "C:\Program Files\WindowsApps\PythonSoftwareFoundation.Python.3.13_3.13.3312.0_x64__qbz5n2kfra8p0\Lib\logging\__init__.py", line 1665, in _log
    self.handle(record)
    ~~~~~~~~~~~^^^^^^^^
  File "C:\Program Files\WindowsApps\PythonSoftwareFoundation.Python.3.13_3.13.3312.0_x64__qbz5n2kfra8p0\Lib\logging\__init__.py", line 1681, in handle
    self.callHandlers(record)
    ~~~~~~~~~~~~~~~~~^^^^^^^^
  File "C:\Program Files\WindowsApps\PythonSoftwareFoundation.Python.3.13_3.13.3312.0_x64__qbz5n2kfra8p0\Lib\logging\__init__.py", line 1737, in callHandlers
    hdlr.handle(record)
    ~~~~~~~~~~~^^^^^^^^
  File "C:\Program Files\WindowsApps\PythonSoftwareFoundation.Python.3.13_3.13.3312.0_x64__qbz5n2kfra8p0\Lib\logging\__init__.py", line 1027, in handle
    self.emit(record)
    ~~~~~~~~~^^^^^^^^
  File "D:\MyProject\kaas-platform\rpa-qianniu\app\logger.py", line 130, in emit
    self.flush()
    ~~~~~~~~~~^^
  File "C:\Program Files\WindowsApps\PythonSoftwareFoundation.Python.3.13_3.13.3312.0_x64__qbz5n2kfra8p0\Lib\logging\__init__.py", line 1137, in flush
    self.stream.flush()
    ~~~~~~~~~~~~~~~~~^^
  File "D:\MyProject\kaas-platform\rpa-qianniu\app\logger.py", line 39, in flush
    self._original.flush()
    ~~~~~~~~~~~~~~~~~~~~^^
OSError: [Errno 22] Invalid argument

During handling of the above exception, another exception occurred:

Traceback (most recent call last):
  File "D:\MyProject\kaas-platform\rpa-qianniu\app\main.py", line 979, in _run_legacy_uia
    log.exception("主循环异常: %s", exc)
    ~~~~~~~~~~~~~^^^^^^^^^^^^^^^^^^^^^^^
  File "C:\Program Files\WindowsApps\PythonSoftwareFoundation.Python.3.13_3.13.3312.0_x64__qbz5n2kfra8p0\Lib\logging\__init__.py", line 1555, in exception
    self.error(msg, *args, exc_info=exc_info, **kwargs)
    ~~~~~~~~~~^^^^^^^^^^^^^^^^^^^^^^^^^^^^^^^^^^^^^^^^^
  File "C:\Program Files\WindowsApps\PythonSoftwareFoundation.Python.3.13_3.13.3312.0_x64__qbz5n2kfra8p0\Lib\logging\__init__.py", line 1549, in error
    self._log(ERROR, msg, args, **kwargs)
    ~~~~~~~~~^^^^^^^^^^^^^^^^^^^^^^^^^^^^
  File "C:\Program Files\WindowsApps\PythonSoftwareFoundation.Python.3.13_3.13.3312.0_x64__qbz5n2kfra8p0\Lib\logging\__init__.py", line 1665, in _log
    self.handle(record)
    ~~~~~~~~~~~^^^^^^^^
  File "C:\Program Files\WindowsApps\PythonSoftwareFoundation.Python.3.13_3.13.3312.0_x64__qbz5n2kfra8p0\Lib\logging\__init__.py", line 1681, in handle
    self.callHandlers(record)
    ~~~~~~~~~~~~~~~~~^^^^^^^^
  File "C:\Program Files\WindowsApps\PythonSoftwareFoundation.Python.3.13_3.13.3312.0_x64__qbz5n2kfra8p0\Lib\logging\__init__.py", line 1737, in callHandlers
    hdlr.handle(record)
    ~~~~~~~~~~~^^^^^^^^
  File "C:\Program Files\WindowsApps\PythonSoftwareFoundation.Python.3.13_3.13.3312.0_x64__qbz5n2kfra8p0\Lib\logging\__init__.py", line 1027, in handle
    self.emit(record)
    ~~~~~~~~~^^^^^^^^
  File "D:\MyProject\kaas-platform\rpa-qianniu\app\logger.py", line 130, in emit
    self.flush()
    ~~~~~~~~~~^^
  File "C:\Program Files\WindowsApps\PythonSoftwareFoundation.Python.3.13_3.13.3312.0_x64__qbz5n2kfra8p0\Lib\logging\__init__.py", line 1137, in flush
    self.stream.flush()
    ~~~~~~~~~~~~~~~~~^^
  File "D:\MyProject\kaas-platform\rpa-qianniu\app\logger.py", line 39, in flush
    self._original.flush()
    ~~~~~~~~~~~~~~~~~~~~^^
OSError: [Errno 22] Invalid argument

During handling of the above exception, another exception occurred:

Traceback (most recent call last):
  File "<frozen runpy>", line 198, in _run_module_as_main
  File "<frozen runpy>", line 88, in _run_code
  File "D:\MyProject\kaas-platform\rpa-qianniu\app\main.py", line 1056, in <module>
    main()
    ~~~~^^
  File "D:\MyProject\kaas-platform\rpa-qianniu\app\main.py", line 1052, in main
    run()
    ~~~^^
  File "D:\MyProject\kaas-platform\rpa-qianniu\app\main.py", line 1005, in run
    _run_legacy_uia(state)
    ~~~~~~~~~~~~~~~^^^^^^^
  File "D:\MyProject\kaas-platform\rpa-qianniu\app\main.py", line 985, in _run_legacy_uia
    log.info("[SOAK] Legacy UIA 流水线结束 session_id=%s，总运行 %.1f 分钟，处理 %d 条消息", session_id, elapsed_total, processed_count)
    ~~~~~~~~^^^^^^^^^^^^^^^^^^^^^^^^^^^^^^^^^^^^^^^^^^^^^^^^^^^^^^^^^^^^^^^^^^^^^^^^^^^^^^^^^^^^^^^^^^^^^^^^^^^^^^^^^^^^^^^^^^^^^^^^^^^^
  File "C:\Program Files\WindowsApps\PythonSoftwareFoundation.Python.3.13_3.13.3312.0_x64__qbz5n2kfra8p0\Lib\logging\__init__.py", line 1520, in info
    self._log(INFO, msg, args, **kwargs)
    ~~~~~~~~~^^^^^^^^^^^^^^^^^^^^^^^^^^^
  File "C:\Program Files\WindowsApps\PythonSoftwareFoundation.Python.3.13_3.13.3312.0_x64__qbz5n2kfra8p0\Lib\logging\__init__.py", line 1665, in _log
    self.handle(record)
    ~~~~~~~~~~~^^^^^^^^
  File "C:\Program Files\WindowsApps\PythonSoftwareFoundation.Python.3.13_3.13.3312.0_x64__qbz5n2kfra8p0\Lib\logging\__init__.py", line 1681, in handle
    self.callHandlers(record)
    ~~~~~~~~~~~~~~~~~^^^^^^^^
  File "C:\Program Files\WindowsApps\PythonSoftwareFoundation.Python.3.13_3.13.3312.0_x64__qbz5n2kfra8p0\Lib\logging\__init__.py", line 1737, in callHandlers
    hdlr.handle(record)
    ~~~~~~~~~~~^^^^^^^^
  File "C:\Program Files\WindowsApps\PythonSoftwareFoundation.Python.3.13_3.13.3312.0_x64__qbz5n2kfra8p0\Lib\logging\__init__.py", line 1027, in handle
    self.emit(record)
    ~~~~~~~~~^^^^^^^^
  File "D:\MyProject\kaas-platform\rpa-qianniu\app\logger.py", line 130, in emit
    self.flush()
    ~~~~~~~~~~^^
  File "C:\Program Files\WindowsApps\PythonSoftwareFoundation.Python.3.13_3.13.3312.0_x64__qbz5n2kfra8p0\Lib\logging\__init__.py", line 1137, in flush
    self.stream.flush()
    ~~~~~~~~~~~~~~~~~^^
  File "D:\MyProject\kaas-platform\rpa-qianniu\app\logger.py", line 39, in flush
    self._original.flush()
    ~~~~~~~~~~~~~~~~~~~~^^
OSError: [Errno 22] Invalid argument
[监听] 当前：访客用账号；等待未读或新消息。
[监听] 当前：访客用账号；等待未读或新消息。
[监听] 当前：访客用账号；等待未读或新消息。
[监听] 当前：访客用账号；等待未读或新消息。
[监听] 当前：访客用账号；等待未读或新消息。
[监听] 当前：访客用账号；等待未读或新消息。
[监听] 当前：访客用账号；等待未读或新消息。
[监听] 当前：访客用账号；等待未读或新消息。
[WARN] 残留锁文件 (PID=27272 与当前解释器不一致，可能为 PID 复用)，自动清理。
[INIT] 已获取锁 (PID=23532)
2026-03-29 18:39:40 | INFO | ui_selectors | 已加载 UI 选择器: config/selectors.json
正在定位千牛主窗口（带重试）…
[定位] 第 1 次：已匹配窗口「radiobalabala-接待中心」
2026-03-29 18:39:40 | INFO | main | 定位尝试 1：匹配窗口 radiobalabala-接待中心
千牛窗口已定位，开始监听 | 标题: radiobalabala-接待中心
2026-03-29 18:39:40 | INFO | main | 千牛窗口已定位: radiobalabala-接待中心
[桩模式] 已关闭对 FastGPT 的调用，回复固定为：'【测试回复】这是修复后的测试消息~'（.env 设 AI_STUB_MODE=false 可恢复）
2026-03-29 18:39:40 | INFO | main | AI 桩模式开启 stub_reply=【测试回复】这是修复后的测试消息~
快捷键：按 F12 暂停/继续自动回复（全局有效）
2026-03-29 18:39:40 | INFO | main | [SOAK] Legacy UIA 流水线启动 session_id=eafe2229
[监听] 当前：访客用账号；等待未读或新消息。
[监听] 当前：访客用账号；等待未读或新消息。
[监听] 当前：访客用账号；等待未读或新消息。
[监听] 当前：访客用账号；等待未读或新消息。
[监听] 当前：访客用账号；等待未读或新消息。
[监听] 当前：访客用账号；等待未读或新消息。
[监听] 当前：访客用账号；等待未读或新消息。
[监听] 当前：访客用账号；等待未读或新消息。
[监听] 当前：访客用账号；等待未读或新消息。
[监听] 当前：访客用账号；等待未读或新消息。
2026-03-29 18:40:33 | INFO | main | [SOAK] 已运行 10.9 分钟，已处理 0 条消息
[监听] 当前：访客用账号；等待未读或新消息。
[监听] 当前：访客用账号；等待未读或新消息。
[监听] 当前：访客用账号；等待未读或新消息。
[监听] 当前：访客用账号；等待未读或新消息。
[监听] 当前：访客用账号；等待未读或新消息。
[监听] 当前：访客用账号；等待未读或新消息。
[监听] 当前：访客用账号；等待未读或新消息。
[监听] 当前：访客用账号；等待未读或新消息。
2026-03-29 18:41:02 | INFO | main | [SOAK] 已运行 5.2 分钟，已处理 0 条消息
2026-03-29 18:41:02 | ERROR | main | 主循环异常: [Errno 22] Invalid argument
Traceback (most recent call last):
  File "D:\MyProject\kaas-platform\rpa-qianniu\app\main.py", line 725, in _run_legacy_uia
    log.info("[SOAK] 已运行 %.1f 分钟，已处理 %d 条消息", elapsed_total / 60, processed_count)
    ~~~~~~~~^^^^^^^^^^^^^^^^^^^^^^^^^^^^^^^^^^^^^^^^^^^^^^^^^^^^^^^^^^^^^^^^^^^^^^^^^^^^^^^^^^
  File "C:\Program Files\WindowsApps\PythonSoftwareFoundation.Python.3.13_3.13.3312.0_x64__qbz5n2kfra8p0\Lib\logging\__init__.py", line 1520, in info
    self._log(INFO, msg, args, **kwargs)
    ~~~~~~~~~^^^^^^^^^^^^^^^^^^^^^^^^^^^
  File "C:\Program Files\WindowsApps\PythonSoftwareFoundation.Python.3.13_3.13.3312.0_x64__qbz5n2kfra8p0\Lib\logging\__init__.py", line 1665, in _log
    self.handle(record)
    ~~~~~~~~~~~^^^^^^^^
  File "C:\Program Files\WindowsApps\PythonSoftwareFoundation.Python.3.13_3.13.3312.0_x64__qbz5n2kfra8p0\Lib\logging\__init__.py", line 1681, in handle
    self.callHandlers(record)
    ~~~~~~~~~~~~~~~~~^^^^^^^^
  File "C:\Program Files\WindowsApps\PythonSoftwareFoundation.Python.3.13_3.13.3312.0_x64__qbz5n2kfra8p0\Lib\logging\__init__.py", line 1737, in callHandlers
    hdlr.handle(record)
    ~~~~~~~~~~~^^^^^^^^
  File "C:\Program Files\WindowsApps\PythonSoftwareFoundation.Python.3.13_3.13.3312.0_x64__qbz5n2kfra8p0\Lib\logging\__init__.py", line 1027, in handle
    self.emit(record)
    ~~~~~~~~~^^^^^^^^
  File "D:\MyProject\kaas-platform\rpa-qianniu\app\logger.py", line 130, in emit
    self.flush()
    ~~~~~~~~~~^^
  File "C:\Program Files\WindowsApps\PythonSoftwareFoundation.Python.3.13_3.13.3312.0_x64__qbz5n2kfra8p0\Lib\logging\__init__.py", line 1137, in flush
    self.stream.flush()
    ~~~~~~~~~~~~~~~~~^^
  File "D:\MyProject\kaas-platform\rpa-qianniu\app\logger.py", line 39, in flush
    self._original.flush()
    ~~~~~~~~~~~~~~~~~~~~^^
OSError: [Errno 22] Invalid argument
2026-03-29 18:41:02 | INFO | main | [SOAK] Legacy UIA 流水线结束 session_id=3eaa1af1，总运行 5.2 分钟，处理 0 条消息
2026-03-29 18:41:02 | CRITICAL | uncaught | 未捕获异常
Traceback (most recent call last):
  File "D:\MyProject\kaas-platform\rpa-qianniu\app\main.py", line 725, in _run_legacy_uia
    log.info("[SOAK] 已运行 %.1f 分钟，已处理 %d 条消息", elapsed_total / 60, processed_count)
    ~~~~~~~~^^^^^^^^^^^^^^^^^^^^^^^^^^^^^^^^^^^^^^^^^^^^^^^^^^^^^^^^^^^^^^^^^^^^^^^^^^^^^^^^^^
  File "C:\Program Files\WindowsApps\PythonSoftwareFoundation.Python.3.13_3.13.3312.0_x64__qbz5n2kfra8p0\Lib\logging\__init__.py", line 1520, in info
    self._log(INFO, msg, args, **kwargs)
    ~~~~~~~~~^^^^^^^^^^^^^^^^^^^^^^^^^^^
  File "C:\Program Files\WindowsApps\PythonSoftwareFoundation.Python.3.13_3.13.3312.0_x64__qbz5n2kfra8p0\Lib\logging\__init__.py", line 1665, in _log
    self.handle(record)
    ~~~~~~~~~~~^^^^^^^^
  File "C:\Program Files\WindowsApps\PythonSoftwareFoundation.Python.3.13_3.13.3312.0_x64__qbz5n2kfra8p0\Lib\logging\__init__.py", line 1681, in handle
    self.callHandlers(record)
    ~~~~~~~~~~~~~~~~~^^^^^^^^
  File "C:\Program Files\WindowsApps\PythonSoftwareFoundation.Python.3.13_3.13.3312.0_x64__qbz5n2kfra8p0\Lib\logging\__init__.py", line 1737, in callHandlers
    hdlr.handle(record)
    ~~~~~~~~~~~^^^^^^^^
  File "C:\Program Files\WindowsApps\PythonSoftwareFoundation.Python.3.13_3.13.3312.0_x64__qbz5n2kfra8p0\Lib\logging\__init__.py", line 1027, in handle
    self.emit(record)
    ~~~~~~~~~^^^^^^^^
  File "D:\MyProject\kaas-platform\rpa-qianniu\app\logger.py", line 130, in emit
    self.flush()
    ~~~~~~~~~~^^
  File "C:\Program Files\WindowsApps\PythonSoftwareFoundation.Python.3.13_3.13.3312.0_x64__qbz5n2kfra8p0\Lib\logging\__init__.py", line 1137, in flush
    self.stream.flush()
    ~~~~~~~~~~~~~~~~~^^
  File "D:\MyProject\kaas-platform\rpa-qianniu\app\logger.py", line 39, in flush
    self._original.flush()
    ~~~~~~~~~~~~~~~~~~~~^^
OSError: [Errno 22] Invalid argument

During handling of the above exception, another exception occurred:

Traceback (most recent call last):
  File "D:\MyProject\kaas-platform\rpa-qianniu\app\main.py", line 979, in _run_legacy_uia
    log.exception("主循环异常: %s", exc)
    ~~~~~~~~~~~~~^^^^^^^^^^^^^^^^^^^^^^^
  File "C:\Program Files\WindowsApps\PythonSoftwareFoundation.Python.3.13_3.13.3312.0_x64__qbz5n2kfra8p0\Lib\logging\__init__.py", line 1555, in exception
    self.error(msg, *args, exc_info=exc_info, **kwargs)
    ~~~~~~~~~~^^^^^^^^^^^^^^^^^^^^^^^^^^^^^^^^^^^^^^^^^
  File "C:\Program Files\WindowsApps\PythonSoftwareFoundation.Python.3.13_3.13.3312.0_x64__qbz5n2kfra8p0\Lib\logging\__init__.py", line 1549, in error
    self._log(ERROR, msg, args, **kwargs)
    ~~~~~~~~~^^^^^^^^^^^^^^^^^^^^^^^^^^^^
  File "C:\Program Files\WindowsApps\PythonSoftwareFoundation.Python.3.13_3.13.3312.0_x64__qbz5n2kfra8p0\Lib\logging\__init__.py", line 1665, in _log
    self.handle(record)
    ~~~~~~~~~~~^^^^^^^^
  File "C:\Program Files\WindowsApps\PythonSoftwareFoundation.Python.3.13_3.13.3312.0_x64__qbz5n2kfra8p0\Lib\logging\__init__.py", line 1681, in handle
    self.callHandlers(record)
    ~~~~~~~~~~~~~~~~~^^^^^^^^
  File "C:\Program Files\WindowsApps\PythonSoftwareFoundation.Python.3.13_3.13.3312.0_x64__qbz5n2kfra8p0\Lib\logging\__init__.py", line 1737, in callHandlers
    hdlr.handle(record)
    ~~~~~~~~~~~^^^^^^^^
  File "C:\Program Files\WindowsApps\PythonSoftwareFoundation.Python.3.13_3.13.3312.0_x64__qbz5n2kfra8p0\Lib\logging\__init__.py", line 1027, in handle
    self.emit(record)
    ~~~~~~~~~^^^^^^^^
  File "D:\MyProject\kaas-platform\rpa-qianniu\app\logger.py", line 130, in emit
    self.flush()
    ~~~~~~~~~~^^
  File "C:\Program Files\WindowsApps\PythonSoftwareFoundation.Python.3.13_3.13.3312.0_x64__qbz5n2kfra8p0\Lib\logging\__init__.py", line 1137, in flush
    self.stream.flush()
    ~~~~~~~~~~~~~~~~~^^
  File "D:\MyProject\kaas-platform\rpa-qianniu\app\logger.py", line 39, in flush
    self._original.flush()
    ~~~~~~~~~~~~~~~~~~~~^^
OSError: [Errno 22] Invalid argument

During handling of the above exception, another exception occurred:

Traceback (most recent call last):
  File "<frozen runpy>", line 198, in _run_module_as_main
  File "<frozen runpy>", line 88, in _run_code
  File "D:\MyProject\kaas-platform\rpa-qianniu\app\main.py", line 1056, in <module>
    main()
    ~~~~^^
  File "D:\MyProject\kaas-platform\rpa-qianniu\app\main.py", line 1052, in main
    run()
    ~~~^^
  File "D:\MyProject\kaas-platform\rpa-qianniu\app\main.py", line 1005, in run
    _run_legacy_uia(state)
    ~~~~~~~~~~~~~~~^^^^^^^
  File "D:\MyProject\kaas-platform\rpa-qianniu\app\main.py", line 985, in _run_legacy_uia
    log.info("[SOAK] Legacy UIA 流水线结束 session_id=%s，总运行 %.1f 分钟，处理 %d 条消息", session_id, elapsed_total, processed_count)
    ~~~~~~~~^^^^^^^^^^^^^^^^^^^^^^^^^^^^^^^^^^^^^^^^^^^^^^^^^^^^^^^^^^^^^^^^^^^^^^^^^^^^^^^^^^^^^^^^^^^^^^^^^^^^^^^^^^^^^^^^^^^^^^^^^^^^
  File "C:\Program Files\WindowsApps\PythonSoftwareFoundation.Python.3.13_3.13.3312.0_x64__qbz5n2kfra8p0\Lib\logging\__init__.py", line 1520, in info
    self._log(INFO, msg, args, **kwargs)
    ~~~~~~~~~^^^^^^^^^^^^^^^^^^^^^^^^^^^
  File "C:\Program Files\WindowsApps\PythonSoftwareFoundation.Python.3.13_3.13.3312.0_x64__qbz5n2kfra8p0\Lib\logging\__init__.py", line 1665, in _log
    self.handle(record)
    ~~~~~~~~~~~^^^^^^^^
  File "C:\Program Files\WindowsApps\PythonSoftwareFoundation.Python.3.13_3.13.3312.0_x64__qbz5n2kfra8p0\Lib\logging\__init__.py", line 1681, in handle
    self.callHandlers(record)
    ~~~~~~~~~~~~~~~~~^^^^^^^^
  File "C:\Program Files\WindowsApps\PythonSoftwareFoundation.Python.3.13_3.13.3312.0_x64__qbz5n2kfra8p0\Lib\logging\__init__.py", line 1737, in callHandlers
    hdlr.handle(record)
    ~~~~~~~~~~~^^^^^^^^
  File "C:\Program Files\WindowsApps\PythonSoftwareFoundation.Python.3.13_3.13.3312.0_x64__qbz5n2kfra8p0\Lib\logging\__init__.py", line 1027, in handle
    self.emit(record)
    ~~~~~~~~~^^^^^^^^
  File "D:\MyProject\kaas-platform\rpa-qianniu\app\logger.py", line 130, in emit
    self.flush()
    ~~~~~~~~~~^^
  File "C:\Program Files\WindowsApps\PythonSoftwareFoundation.Python.3.13_3.13.3312.0_x64__qbz5n2kfra8p0\Lib\logging\__init__.py", line 1137, in flush
    self.stream.flush()
    ~~~~~~~~~~~~~~~~~^^
  File "D:\MyProject\kaas-platform\rpa-qianniu\app\logger.py", line 39, in flush
    self._original.flush()
    ~~~~~~~~~~~~~~~~~~~~^^
OSError: [Errno 22] Invalid argument
[监听] 当前：访客用账号；等待未读或新消息。
[监听] 当前：访客用账号；等待未读或新消息。
[监听] 当前：访客用账号；等待未读或新消息。
[监听] 当前：访客用账号；等待未读或新消息。
[监听] 当前：访客用账号；等待未读或新消息。
[WARN] 残留锁文件 (PID=23532 与当前解释器不一致，可能为 PID 复用)，自动清理。
[INIT] 已获取锁 (PID=3180)
2026-03-29 18:41:15 | INFO | ui_selectors | 已加载 UI 选择器: config/selectors.json
正在定位千牛主窗口（带重试）…
[定位] 第 1 次：已匹配窗口「radiobalabala-接待中心」
2026-03-29 18:41:15 | INFO | main | 定位尝试 1：匹配窗口 radiobalabala-接待中心
千牛窗口已定位，开始监听 | 标题: radiobalabala-接待中心
2026-03-29 18:41:15 | INFO | main | 千牛窗口已定位: radiobalabala-接待中心
[桩模式] 已关闭对 FastGPT 的调用，回复固定为：'【测试回复】这是修复后的测试消息~'（.env 设 AI_STUB_MODE=false 可恢复）
2026-03-29 18:41:15 | INFO | main | AI 桩模式开启 stub_reply=【测试回复】这是修复后的测试消息~
快捷键：按 F12 暂停/继续自动回复（全局有效）
2026-03-29 18:41:15 | INFO | main | [SOAK] Legacy UIA 流水线启动 session_id=9aadf38b
[监听] 当前：访客用账号；等待未读或新消息。
2026-03-29 18:41:16 | INFO | main | [SOAK] 已运行 25.5 分钟，已处理 0 条消息
[监听] 当前：访客用账号；等待未读或新消息。
[监听] 当前：访客用账号；等待未读或新消息。
[监听] 当前：访客用账号；等待未读或新消息。
[监听] 当前：访客用账号；等待未读或新消息。
[监听] 当前：访客用账号；等待未读或新消息。
[监听] 当前：访客用账号；等待未读或新消息。
[监听] 当前：访客用账号；等待未读或新消息。
[监听] 当前：访客用账号；等待未读或新消息。
[监听] 当前：访客用账号；等待未读或新消息。
[监听] 当前：访客用账号；等待未读或新消息。
[监听] 当前：访客用账号；等待未读或新消息。
[监听] 当前：访客用账号；等待未读或新消息。
2026-03-29 18:42:16 | INFO | main | [SOAK] 已运行 5.1 分钟，已处理 0 条消息
2026-03-29 18:42:16 | ERROR | main | 主循环异常: [Errno 22] Invalid argument
Traceback (most recent call last):
  File "D:\MyProject\kaas-platform\rpa-qianniu\app\main.py", line 725, in _run_legacy_uia
    log.info("[SOAK] 已运行 %.1f 分钟，已处理 %d 条消息", elapsed_total / 60, processed_count)
    ~~~~~~~~^^^^^^^^^^^^^^^^^^^^^^^^^^^^^^^^^^^^^^^^^^^^^^^^^^^^^^^^^^^^^^^^^^^^^^^^^^^^^^^^^^
  File "C:\Program Files\WindowsApps\PythonSoftwareFoundation.Python.3.13_3.13.3312.0_x64__qbz5n2kfra8p0\Lib\logging\__init__.py", line 1520, in info
    self._log(INFO, msg, args, **kwargs)
    ~~~~~~~~~^^^^^^^^^^^^^^^^^^^^^^^^^^^
  File "C:\Program Files\WindowsApps\PythonSoftwareFoundation.Python.3.13_3.13.3312.0_x64__qbz5n2kfra8p0\Lib\logging\__init__.py", line 1665, in _log
    self.handle(record)
    ~~~~~~~~~~~^^^^^^^^
  File "C:\Program Files\WindowsApps\PythonSoftwareFoundation.Python.3.13_3.13.3312.0_x64__qbz5n2kfra8p0\Lib\logging\__init__.py", line 1681, in handle
    self.callHandlers(record)
    ~~~~~~~~~~~~~~~~~^^^^^^^^
  File "C:\Program Files\WindowsApps\PythonSoftwareFoundation.Python.3.13_3.13.3312.0_x64__qbz5n2kfra8p0\Lib\logging\__init__.py", line 1737, in callHandlers
    hdlr.handle(record)
    ~~~~~~~~~~~^^^^^^^^
  File "C:\Program Files\WindowsApps\PythonSoftwareFoundation.Python.3.13_3.13.3312.0_x64__qbz5n2kfra8p0\Lib\logging\__init__.py", line 1027, in handle
    self.emit(record)
    ~~~~~~~~~^^^^^^^^
  File "D:\MyProject\kaas-platform\rpa-qianniu\app\logger.py", line 130, in emit
    self.flush()
    ~~~~~~~~~~^^
  File "C:\Program Files\WindowsApps\PythonSoftwareFoundation.Python.3.13_3.13.3312.0_x64__qbz5n2kfra8p0\Lib\logging\__init__.py", line 1137, in flush
    self.stream.flush()
    ~~~~~~~~~~~~~~~~~^^
  File "D:\MyProject\kaas-platform\rpa-qianniu\app\logger.py", line 39, in flush
    self._original.flush()
    ~~~~~~~~~~~~~~~~~~~~^^
OSError: [Errno 22] Invalid argument
2026-03-29 18:42:16 | INFO | main | [SOAK] Legacy UIA 流水线结束 session_id=ee323371，总运行 5.1 分钟，处理 0 条消息
2026-03-29 18:42:16 | CRITICAL | uncaught | 未捕获异常
Traceback (most recent call last):
  File "D:\MyProject\kaas-platform\rpa-qianniu\app\main.py", line 725, in _run_legacy_uia
    log.info("[SOAK] 已运行 %.1f 分钟，已处理 %d 条消息", elapsed_total / 60, processed_count)
    ~~~~~~~~^^^^^^^^^^^^^^^^^^^^^^^^^^^^^^^^^^^^^^^^^^^^^^^^^^^^^^^^^^^^^^^^^^^^^^^^^^^^^^^^^^
  File "C:\Program Files\WindowsApps\PythonSoftwareFoundation.Python.3.13_3.13.3312.0_x64__qbz5n2kfra8p0\Lib\logging\__init__.py", line 1520, in info
    self._log(INFO, msg, args, **kwargs)
    ~~~~~~~~~^^^^^^^^^^^^^^^^^^^^^^^^^^^
  File "C:\Program Files\WindowsApps\PythonSoftwareFoundation.Python.3.13_3.13.3312.0_x64__qbz5n2kfra8p0\Lib\logging\__init__.py", line 1665, in _log
    self.handle(record)
    ~~~~~~~~~~~^^^^^^^^
  File "C:\Program Files\WindowsApps\PythonSoftwareFoundation.Python.3.13_3.13.3312.0_x64__qbz5n2kfra8p0\Lib\logging\__init__.py", line 1681, in handle
    self.callHandlers(record)
    ~~~~~~~~~~~~~~~~~^^^^^^^^
  File "C:\Program Files\WindowsApps\PythonSoftwareFoundation.Python.3.13_3.13.3312.0_x64__qbz5n2kfra8p0\Lib\logging\__init__.py", line 1737, in callHandlers
    hdlr.handle(record)
    ~~~~~~~~~~~^^^^^^^^
  File "C:\Program Files\WindowsApps\PythonSoftwareFoundation.Python.3.13_3.13.3312.0_x64__qbz5n2kfra8p0\Lib\logging\__init__.py", line 1027, in handle
    self.emit(record)
    ~~~~~~~~~^^^^^^^^
  File "D:\MyProject\kaas-platform\rpa-qianniu\app\logger.py", line 130, in emit
    self.flush()
    ~~~~~~~~~~^^
  File "C:\Program Files\WindowsApps\PythonSoftwareFoundation.Python.3.13_3.13.3312.0_x64__qbz5n2kfra8p0\Lib\logging\__init__.py", line 1137, in flush
    self.stream.flush()
    ~~~~~~~~~~~~~~~~~^^
  File "D:\MyProject\kaas-platform\rpa-qianniu\app\logger.py", line 39, in flush
    self._original.flush()
    ~~~~~~~~~~~~~~~~~~~~^^
OSError: [Errno 22] Invalid argument

During handling of the above exception, another exception occurred:

Traceback (most recent call last):
  File "D:\MyProject\kaas-platform\rpa-qianniu\app\main.py", line 979, in _run_legacy_uia
    log.exception("主循环异常: %s", exc)
    ~~~~~~~~~~~~~^^^^^^^^^^^^^^^^^^^^^^^
  File "C:\Program Files\WindowsApps\PythonSoftwareFoundation.Python.3.13_3.13.3312.0_x64__qbz5n2kfra8p0\Lib\logging\__init__.py", line 1555, in exception
    self.error(msg, *args, exc_info=exc_info, **kwargs)
    ~~~~~~~~~~^^^^^^^^^^^^^^^^^^^^^^^^^^^^^^^^^^^^^^^^^
  File "C:\Program Files\WindowsApps\PythonSoftwareFoundation.Python.3.13_3.13.3312.0_x64__qbz5n2kfra8p0\Lib\logging\__init__.py", line 1549, in error
    self._log(ERROR, msg, args, **kwargs)
    ~~~~~~~~~^^^^^^^^^^^^^^^^^^^^^^^^^^^^
  File "C:\Program Files\WindowsApps\PythonSoftwareFoundation.Python.3.13_3.13.3312.0_x64__qbz5n2kfra8p0\Lib\logging\__init__.py", line 1665, in _log
    self.handle(record)
    ~~~~~~~~~~~^^^^^^^^
  File "C:\Program Files\WindowsApps\PythonSoftwareFoundation.Python.3.13_3.13.3312.0_x64__qbz5n2kfra8p0\Lib\logging\__init__.py", line 1681, in handle
    self.callHandlers(record)
    ~~~~~~~~~~~~~~~~~^^^^^^^^
  File "C:\Program Files\WindowsApps\PythonSoftwareFoundation.Python.3.13_3.13.3312.0_x64__qbz5n2kfra8p0\Lib\logging\__init__.py", line 1737, in callHandlers
    hdlr.handle(record)
    ~~~~~~~~~~~^^^^^^^^
  File "C:\Program Files\WindowsApps\PythonSoftwareFoundation.Python.3.13_3.13.3312.0_x64__qbz5n2kfra8p0\Lib\logging\__init__.py", line 1027, in handle
    self.emit(record)
    ~~~~~~~~~^^^^^^^^
  File "D:\MyProject\kaas-platform\rpa-qianniu\app\logger.py", line 130, in emit
    self.flush()
    ~~~~~~~~~~^^
  File "C:\Program Files\WindowsApps\PythonSoftwareFoundation.Python.3.13_3.13.3312.0_x64__qbz5n2kfra8p0\Lib\logging\__init__.py", line 1137, in flush
    self.stream.flush()
    ~~~~~~~~~~~~~~~~~^^
  File "D:\MyProject\kaas-platform\rpa-qianniu\app\logger.py", line 39, in flush
    self._original.flush()
    ~~~~~~~~~~~~~~~~~~~~^^
OSError: [Errno 22] Invalid argument

During handling of the above exception, another exception occurred:

Traceback (most recent call last):
  File "<frozen runpy>", line 198, in _run_module_as_main
  File "<frozen runpy>", line 88, in _run_code
  File "D:\MyProject\kaas-platform\rpa-qianniu\app\main.py", line 1056, in <module>
    main()
    ~~~~^^
  File "D:\MyProject\kaas-platform\rpa-qianniu\app\main.py", line 1052, in main
    run()
    ~~~^^
  File "D:\MyProject\kaas-platform\rpa-qianniu\app\main.py", line 1005, in run
    _run_legacy_uia(state)
    ~~~~~~~~~~~~~~~^^^^^^^
  File "D:\MyProject\kaas-platform\rpa-qianniu\app\main.py", line 985, in _run_legacy_uia
    log.info("[SOAK] Legacy UIA 流水线结束 session_id=%s，总运行 %.1f 分钟，处理 %d 条消息", session_id, elapsed_total, processed_count)
    ~~~~~~~~^^^^^^^^^^^^^^^^^^^^^^^^^^^^^^^^^^^^^^^^^^^^^^^^^^^^^^^^^^^^^^^^^^^^^^^^^^^^^^^^^^^^^^^^^^^^^^^^^^^^^^^^^^^^^^^^^^^^^^^^^^^^
  File "C:\Program Files\WindowsApps\PythonSoftwareFoundation.Python.3.13_3.13.3312.0_x64__qbz5n2kfra8p0\Lib\logging\__init__.py", line 1520, in info
    self._log(INFO, msg, args, **kwargs)
    ~~~~~~~~~^^^^^^^^^^^^^^^^^^^^^^^^^^^
  File "C:\Program Files\WindowsApps\PythonSoftwareFoundation.Python.3.13_3.13.3312.0_x64__qbz5n2kfra8p0\Lib\logging\__init__.py", line 1665, in _log
    self.handle(record)
    ~~~~~~~~~~~^^^^^^^^
  File "C:\Program Files\WindowsApps\PythonSoftwareFoundation.Python.3.13_3.13.3312.0_x64__qbz5n2kfra8p0\Lib\logging\__init__.py", line 1681, in handle
    self.callHandlers(record)
    ~~~~~~~~~~~~~~~~~^^^^^^^^
  File "C:\Program Files\WindowsApps\PythonSoftwareFoundation.Python.3.13_3.13.3312.0_x64__qbz5n2kfra8p0\Lib\logging\__init__.py", line 1737, in callHandlers
    hdlr.handle(record)
    ~~~~~~~~~~~^^^^^^^^
  File "C:\Program Files\WindowsApps\PythonSoftwareFoundation.Python.3.13_3.13.3312.0_x64__qbz5n2kfra8p0\Lib\logging\__init__.py", line 1027, in handle
    self.emit(record)
    ~~~~~~~~~^^^^^^^^
  File "D:\MyProject\kaas-platform\rpa-qianniu\app\logger.py", line 130, in emit
    self.flush()
    ~~~~~~~~~~^^
  File "C:\Program Files\WindowsApps\PythonSoftwareFoundation.Python.3.13_3.13.3312.0_x64__qbz5n2kfra8p0\Lib\logging\__init__.py", line 1137, in flush
    self.stream.flush()
    ~~~~~~~~~~~~~~~~~^^
  File "D:\MyProject\kaas-platform\rpa-qianniu\app\logger.py", line 39, in flush
    self._original.flush()
    ~~~~~~~~~~~~~~~~~~~~^^
OSError: [Errno 22] Invalid argument
[监听] 当前：访客用账号；等待未读或新消息。
[监听] 当前：访客用账号；等待未读或新消息。
[监听] 当前：访客用账号；等待未读或新消息。
[监听] 当前：访客用账号；等待未读或新消息。
[监听] 当前：访客用账号；等待未读或新消息。
[监听] 当前：访客用账号；等待未读或新消息。
[监听] 当前：访客用账号；等待未读或新消息。
[WARN] 残留锁文件 (PID=3180 与当前解释器不一致，可能为 PID 复用)，自动清理。
[INIT] 已获取锁 (PID=27612)
2026-03-29 18:42:50 | INFO | ui_selectors | 已加载 UI 选择器: config/selectors.json
正在定位千牛主窗口（带重试）…
[定位] 第 1 次：已匹配窗口「radiobalabala-接待中心」
2026-03-29 18:42:50 | INFO | main | 定位尝试 1：匹配窗口 radiobalabala-接待中心
千牛窗口已定位，开始监听 | 标题: radiobalabala-接待中心
2026-03-29 18:42:50 | INFO | main | 千牛窗口已定位: radiobalabala-接待中心
[桩模式] 已关闭对 FastGPT 的调用，回复固定为：'【测试回复】这是修复后的测试消息~'（.env 设 AI_STUB_MODE=false 可恢复）
2026-03-29 18:42:50 | INFO | main | AI 桩模式开启 stub_reply=【测试回复】这是修复后的测试消息~
快捷键：按 F12 暂停/继续自动回复（全局有效）
2026-03-29 18:42:51 | INFO | main | [SOAK] Legacy UIA 流水线启动 session_id=c514672b
[监听] 当前：访客用账号；等待未读或新消息。
[监听] 当前：访客用账号；等待未读或新消息。
[监听] 当前：访客用账号；等待未读或新消息。
2026-03-29 18:43:13 | INFO | main | [SOAK] 已运行 11.0 分钟，已处理 0 条消息
[监听] 当前：访客用账号；等待未读或新消息。
[监听] 当前：访客用账号；等待未读或新消息。
[监听] 当前：访客用账号；等待未读或新消息。
[监听] 当前：访客用账号；等待未读或新消息。
[监听] 当前：访客用账号；等待未读或新消息。
[监听] 当前：访客用账号；等待未读或新消息。
[监听] 当前：访客用账号；等待未读或新消息。
[监听] 当前：访客用账号；等待未读或新消息。
2026-03-29 18:43:45 | INFO | main | [SOAK] 已运行 124.9 分钟，已处理 0 条消息
[监听] 当前：访客用账号；等待未读或新消息。
[监听] 当前：访客用账号；等待未读或新消息。
[监听] 当前：访客用账号；等待未读或新消息。
[监听] 当前：访客用账号；等待未读或新消息。
[监听] 当前：访客用账号；等待未读或新消息。
[监听] 当前：访客用账号；等待未读或新消息。
[监听] 当前：访客用账号；等待未读或新消息。
[监听] 当前：访客用账号；等待未读或新消息。
2026-03-29 18:44:16 | INFO | main | [SOAK] 已运行 139.7 分钟，已处理 0 条消息
[监听] 当前：访客用账号；等待未读或新消息。
[监听] 当前：访客用账号；等待未读或新消息。
[监听] 当前：访客用账号；等待未读或新消息。
[监听] 当前：访客用账号；等待未读或新消息。
[监听] 当前：访客用账号；等待未读或新消息。
[监听] 当前：访客用账号；等待未读或新消息。
[监听] 当前：访客用账号；等待未读或新消息。
[监听] 当前：访客用账号；等待未读或新消息。
[监听] 当前：访客用账号；等待未读或新消息。
[监听] 当前：访客用账号；等待未读或新消息。
[监听] 当前：访客用账号；等待未读或新消息。
[监听] 当前：访客用账号；等待未读或新消息。
[监听] 当前：访客用账号；等待未读或新消息。
2026-03-29 18:45:25 | INFO | main | [SOAK] 已运行 5.7 分钟，已处理 0 条消息
2026-03-29 18:45:25 | ERROR | main | 主循环异常: [Errno 22] Invalid argument
Traceback (most recent call last):
  File "D:\MyProject\kaas-platform\rpa-qianniu\app\main.py", line 725, in _run_legacy_uia
    log.info("[SOAK] 已运行 %.1f 分钟，已处理 %d 条消息", elapsed_total / 60, processed_count)
    ~~~~~~~~^^^^^^^^^^^^^^^^^^^^^^^^^^^^^^^^^^^^^^^^^^^^^^^^^^^^^^^^^^^^^^^^^^^^^^^^^^^^^^^^^^
  File "C:\Program Files\WindowsApps\PythonSoftwareFoundation.Python.3.13_3.13.3312.0_x64__qbz5n2kfra8p0\Lib\logging\__init__.py", line 1520, in info
    self._log(INFO, msg, args, **kwargs)
    ~~~~~~~~~^^^^^^^^^^^^^^^^^^^^^^^^^^^
  File "C:\Program Files\WindowsApps\PythonSoftwareFoundation.Python.3.13_3.13.3312.0_x64__qbz5n2kfra8p0\Lib\logging\__init__.py", line 1665, in _log
    self.handle(record)
    ~~~~~~~~~~~^^^^^^^^
  File "C:\Program Files\WindowsApps\PythonSoftwareFoundation.Python.3.13_3.13.3312.0_x64__qbz5n2kfra8p0\Lib\logging\__init__.py", line 1681, in handle
    self.callHandlers(record)
    ~~~~~~~~~~~~~~~~~^^^^^^^^
  File "C:\Program Files\WindowsApps\PythonSoftwareFoundation.Python.3.13_3.13.3312.0_x64__qbz5n2kfra8p0\Lib\logging\__init__.py", line 1737, in callHandlers
    hdlr.handle(record)
    ~~~~~~~~~~~^^^^^^^^
  File "C:\Program Files\WindowsApps\PythonSoftwareFoundation.Python.3.13_3.13.3312.0_x64__qbz5n2kfra8p0\Lib\logging\__init__.py", line 1027, in handle
    self.emit(record)
    ~~~~~~~~~^^^^^^^^
  File "D:\MyProject\kaas-platform\rpa-qianniu\app\logger.py", line 130, in emit
    self.flush()
    ~~~~~~~~~~^^
  File "C:\Program Files\WindowsApps\PythonSoftwareFoundation.Python.3.13_3.13.3312.0_x64__qbz5n2kfra8p0\Lib\logging\__init__.py", line 1137, in flush
    self.stream.flush()
    ~~~~~~~~~~~~~~~~~^^
  File "D:\MyProject\kaas-platform\rpa-qianniu\app\logger.py", line 39, in flush
    self._original.flush()
    ~~~~~~~~~~~~~~~~~~~~^^
OSError: [Errno 22] Invalid argument
2026-03-29 18:45:25 | INFO | main | [SOAK] Legacy UIA 流水线结束 session_id=eafe2229，总运行 5.7 分钟，处理 0 条消息
2026-03-29 18:45:25 | CRITICAL | uncaught | 未捕获异常
Traceback (most recent call last):
  File "D:\MyProject\kaas-platform\rpa-qianniu\app\main.py", line 725, in _run_legacy_uia
    log.info("[SOAK] 已运行 %.1f 分钟，已处理 %d 条消息", elapsed_total / 60, processed_count)
    ~~~~~~~~^^^^^^^^^^^^^^^^^^^^^^^^^^^^^^^^^^^^^^^^^^^^^^^^^^^^^^^^^^^^^^^^^^^^^^^^^^^^^^^^^^
  File "C:\Program Files\WindowsApps\PythonSoftwareFoundation.Python.3.13_3.13.3312.0_x64__qbz5n2kfra8p0\Lib\logging\__init__.py", line 1520, in info
    self._log(INFO, msg, args, **kwargs)
    ~~~~~~~~~^^^^^^^^^^^^^^^^^^^^^^^^^^^
  File "C:\Program Files\WindowsApps\PythonSoftwareFoundation.Python.3.13_3.13.3312.0_x64__qbz5n2kfra8p0\Lib\logging\__init__.py", line 1665, in _log
    self.handle(record)
    ~~~~~~~~~~~^^^^^^^^
  File "C:\Program Files\WindowsApps\PythonSoftwareFoundation.Python.3.13_3.13.3312.0_x64__qbz5n2kfra8p0\Lib\logging\__init__.py", line 1681, in handle
    self.callHandlers(record)
    ~~~~~~~~~~~~~~~~~^^^^^^^^
  File "C:\Program Files\WindowsApps\PythonSoftwareFoundation.Python.3.13_3.13.3312.0_x64__qbz5n2kfra8p0\Lib\logging\__init__.py", line 1737, in callHandlers
    hdlr.handle(record)
    ~~~~~~~~~~~^^^^^^^^
  File "C:\Program Files\WindowsApps\PythonSoftwareFoundation.Python.3.13_3.13.3312.0_x64__qbz5n2kfra8p0\Lib\logging\__init__.py", line 1027, in handle
    self.emit(record)
    ~~~~~~~~~^^^^^^^^
  File "D:\MyProject\kaas-platform\rpa-qianniu\app\logger.py", line 130, in emit
    self.flush()
    ~~~~~~~~~~^^
  File "C:\Program Files\WindowsApps\PythonSoftwareFoundation.Python.3.13_3.13.3312.0_x64__qbz5n2kfra8p0\Lib\logging\__init__.py", line 1137, in flush
    self.stream.flush()
    ~~~~~~~~~~~~~~~~~^^
  File "D:\MyProject\kaas-platform\rpa-qianniu\app\logger.py", line 39, in flush
    self._original.flush()
    ~~~~~~~~~~~~~~~~~~~~^^
OSError: [Errno 22] Invalid argument

During handling of the above exception, another exception occurred:

Traceback (most recent call last):
  File "D:\MyProject\kaas-platform\rpa-qianniu\app\main.py", line 979, in _run_legacy_uia
    log.exception("主循环异常: %s", exc)
    ~~~~~~~~~~~~~^^^^^^^^^^^^^^^^^^^^^^^
  File "C:\Program Files\WindowsApps\PythonSoftwareFoundation.Python.3.13_3.13.3312.0_x64__qbz5n2kfra8p0\Lib\logging\__init__.py", line 1555, in exception
    self.error(msg, *args, exc_info=exc_info, **kwargs)
    ~~~~~~~~~~^^^^^^^^^^^^^^^^^^^^^^^^^^^^^^^^^^^^^^^^^
  File "C:\Program Files\WindowsApps\PythonSoftwareFoundation.Python.3.13_3.13.3312.0_x64__qbz5n2kfra8p0\Lib\logging\__init__.py", line 1549, in error
    self._log(ERROR, msg, args, **kwargs)
    ~~~~~~~~~^^^^^^^^^^^^^^^^^^^^^^^^^^^^
  File "C:\Program Files\WindowsApps\PythonSoftwareFoundation.Python.3.13_3.13.3312.0_x64__qbz5n2kfra8p0\Lib\logging\__init__.py", line 1665, in _log
    self.handle(record)
    ~~~~~~~~~~~^^^^^^^^
  File "C:\Program Files\WindowsApps\PythonSoftwareFoundation.Python.3.13_3.13.3312.0_x64__qbz5n2kfra8p0\Lib\logging\__init__.py", line 1681, in handle
    self.callHandlers(record)
    ~~~~~~~~~~~~~~~~~^^^^^^^^
  File "C:\Program Files\WindowsApps\PythonSoftwareFoundation.Python.3.13_3.13.3312.0_x64__qbz5n2kfra8p0\Lib\logging\__init__.py", line 1737, in callHandlers
    hdlr.handle(record)
    ~~~~~~~~~~~^^^^^^^^
  File "C:\Program Files\WindowsApps\PythonSoftwareFoundation.Python.3.13_3.13.3312.0_x64__qbz5n2kfra8p0\Lib\logging\__init__.py", line 1027, in handle
    self.emit(record)
    ~~~~~~~~~^^^^^^^^
  File "D:\MyProject\kaas-platform\rpa-qianniu\app\logger.py", line 130, in emit
    self.flush()
    ~~~~~~~~~~^^
  File "C:\Program Files\WindowsApps\PythonSoftwareFoundation.Python.3.13_3.13.3312.0_x64__qbz5n2kfra8p0\Lib\logging\__init__.py", line 1137, in flush
    self.stream.flush()
    ~~~~~~~~~~~~~~~~~^^
  File "D:\MyProject\kaas-platform\rpa-qianniu\app\logger.py", line 39, in flush
    self._original.flush()
    ~~~~~~~~~~~~~~~~~~~~^^
OSError: [Errno 22] Invalid argument

During handling of the above exception, another exception occurred:

Traceback (most recent call last):
  File "<frozen runpy>", line 198, in _run_module_as_main
  File "<frozen runpy>", line 88, in _run_code
  File "D:\MyProject\kaas-platform\rpa-qianniu\app\main.py", line 1056, in <module>
    main()
    ~~~~^^
  File "D:\MyProject\kaas-platform\rpa-qianniu\app\main.py", line 1052, in main
    run()
    ~~~^^
  File "D:\MyProject\kaas-platform\rpa-qianniu\app\main.py", line 1005, in run
    _run_legacy_uia(state)
    ~~~~~~~~~~~~~~~^^^^^^^
  File "D:\MyProject\kaas-platform\rpa-qianniu\app\main.py", line 985, in _run_legacy_uia
    log.info("[SOAK] Legacy UIA 流水线结束 session_id=%s，总运行 %.1f 分钟，处理 %d 条消息", session_id, elapsed_total, processed_count)
    ~~~~~~~~^^^^^^^^^^^^^^^^^^^^^^^^^^^^^^^^^^^^^^^^^^^^^^^^^^^^^^^^^^^^^^^^^^^^^^^^^^^^^^^^^^^^^^^^^^^^^^^^^^^^^^^^^^^^^^^^^^^^^^^^^^^^
  File "C:\Program Files\WindowsApps\PythonSoftwareFoundation.Python.3.13_3.13.3312.0_x64__qbz5n2kfra8p0\Lib\logging\__init__.py", line 1520, in info
    self._log(INFO, msg, args, **kwargs)
    ~~~~~~~~~^^^^^^^^^^^^^^^^^^^^^^^^^^^
  File "C:\Program Files\WindowsApps\PythonSoftwareFoundation.Python.3.13_3.13.3312.0_x64__qbz5n2kfra8p0\Lib\logging\__init__.py", line 1665, in _log
    self.handle(record)
    ~~~~~~~~~~~^^^^^^^^
  File "C:\Program Files\WindowsApps\PythonSoftwareFoundation.Python.3.13_3.13.3312.0_x64__qbz5n2kfra8p0\Lib\logging\__init__.py", line 1681, in handle
    self.callHandlers(record)
    ~~~~~~~~~~~~~~~~~^^^^^^^^
  File "C:\Program Files\WindowsApps\PythonSoftwareFoundation.Python.3.13_3.13.3312.0_x64__qbz5n2kfra8p0\Lib\logging\__init__.py", line 1737, in callHandlers
    hdlr.handle(record)
    ~~~~~~~~~~~^^^^^^^^
  File "C:\Program Files\WindowsApps\PythonSoftwareFoundation.Python.3.13_3.13.3312.0_x64__qbz5n2kfra8p0\Lib\logging\__init__.py", line 1027, in handle
    self.emit(record)
    ~~~~~~~~~^^^^^^^^
  File "D:\MyProject\kaas-platform\rpa-qianniu\app\logger.py", line 130, in emit
    self.flush()
    ~~~~~~~~~~^^
  File "C:\Program Files\WindowsApps\PythonSoftwareFoundation.Python.3.13_3.13.3312.0_x64__qbz5n2kfra8p0\Lib\logging\__init__.py", line 1137, in flush
    self.stream.flush()
    ~~~~~~~~~~~~~~~~~^^
  File "D:\MyProject\kaas-platform\rpa-qianniu\app\logger.py", line 39, in flush
    self._original.flush()
    ~~~~~~~~~~~~~~~~~~~~^^
OSError: [Errno 22] Invalid argument
[监听] 当前：访客用账号；等待未读或新消息。
[监听] 当前：访客用账号；等待未读或新消息。
[监听] 当前：访客用账号；等待未读或新消息。
[监听] 当前：访客用账号；等待未读或新消息。
[监听] 当前：访客用账号；等待未读或新消息。
[监听] 当前：访客用账号；等待未读或新消息。
[监听] 当前：访客用账号；等待未读或新消息。
[监听] 当前：访客用账号；等待未读或新消息。
2026-03-29 18:46:04 | INFO | main | [SOAK] 已运行 16.4 分钟，已处理 0 条消息
[监听] 当前：访客用账号；等待未读或新消息。
[监听] 当前：访客用账号；等待未读或新消息。
[监听] 当前：访客用账号；等待未读或新消息。
2026-03-29 18:46:23 | INFO | main | [SOAK] 已运行 30.6 分钟，已处理 0 条消息
[监听] 当前：访客用账号；等待未读或新消息。
[监听] 当前：访客用账号；等待未读或新消息。
[监听] 当前：访客用账号；等待未读或新消息。
[监听] 当前：访客用账号；等待未读或新消息。
[监听] 当前：访客用账号；等待未读或新消息。
[监听] 当前：访客用账号；等待未读或新消息。
2026-03-29 18:46:43 | INFO | main | [SOAK] 已运行 5.5 分钟，已处理 0 条消息
[监听] 当前：访客用账号；等待未读或新消息。
[监听] 当前：访客用账号；等待未读或新消息。
[监听] 当前：访客用账号；等待未读或新消息。
[监听] 当前：访客用账号；等待未读或新消息。
[监听] 当前：访客用账号；等待未读或新消息。
[监听] 当前：访客用账号；等待未读或新消息。
[监听] 当前：访客用账号；等待未读或新消息。
[监听] 当前：访客用账号；等待未读或新消息。
[监听] 当前：访客用账号；等待未读或新消息。
[监听] 当前：访客用账号；等待未读或新消息。
[监听] 当前：访客用账号；等待未读或新消息。
[监听] 当前：访客用账号；等待未读或新消息。
[监听] 当前：访客用账号；等待未读或新消息。
[监听] 当前：访客用账号；等待未读或新消息。
[监听] 当前：访客用账号；等待未读或新消息。
2026-03-29 18:47:59 | INFO | main | [SOAK] 已运行 5.1 分钟，已处理 0 条消息
[监听] 当前：访客用账号；等待未读或新消息。
[监听] 当前：访客用账号；等待未读或新消息。
[监听] 当前：访客用账号；等待未读或新消息。
[监听] 当前：访客用账号；等待未读或新消息。
[监听] 当前：访客用账号；等待未读或新消息。
[监听] 当前：访客用账号；等待未读或新消息。
[监听] 当前：访客用账号；等待未读或新消息。
[监听] 当前：访客用账号；等待未读或新消息。
2026-03-29 18:48:38 | INFO | main | [SOAK] 已运行 16.4 分钟，已处理 0 条消息
[监听] 当前：访客用账号；等待未读或新消息。
[监听] 当前：访客用账号；等待未读或新消息。
2026-03-29 18:49:00 | INFO | main | [SOAK] 已运行 130.2 分钟，已处理 0 条消息
[监听] 当前：访客用账号；等待未读或新消息。
[监听] 当前：访客用账号；等待未读或新消息。
[监听] 当前：访客用账号；等待未读或新消息。
[监听] 当前：访客用账号；等待未读或新消息。
[监听] 当前：访客用账号；等待未读或新消息。
[监听] 当前：访客用账号；等待未读或新消息。
[监听] 当前：访客用账号；等待未读或新消息。
2026-03-29 18:49:32 | INFO | main | [SOAK] 已运行 144.9 分钟，已处理 0 条消息
[监听] 当前：访客用账号；等待未读或新消息。
[监听] 当前：访客用账号；等待未读或新消息。
[监听] 当前：访客用账号；等待未读或新消息。
[监听] 当前：访客用账号；等待未读或新消息。
[监听] 当前：访客用账号；等待未读或新消息。
[监听] 当前：访客用账号；等待未读或新消息。
[监听] 当前：访客用账号；等待未读或新消息。
[监听] 当前：访客用账号；等待未读或新消息。
[监听] 当前：访客用账号；等待未读或新消息。
[监听] 当前：访客用账号；等待未读或新消息。
[监听] 当前：访客用账号；等待未读或新消息。
[监听] 当前：访客用账号；等待未读或新消息。
[监听] 当前：访客用账号；等待未读或新消息。
[监听] 当前：访客用账号；等待未读或新消息。
[监听] 当前：访客用账号；等待未读或新消息。
[监听] 当前：访客用账号；等待未读或新消息。
[监听] 当前：访客用账号；等待未读或新消息。
[监听] 当前：访客用账号；等待未读或新消息。
[监听] 当前：访客用账号；等待未读或新消息。
[监听] 当前：访客用账号；等待未读或新消息。
[监听] 当前：访客用账号；等待未读或新消息。
[监听] 当前：访客用账号；等待未读或新消息。
[监听] 当前：访客用账号；等待未读或新消息。
[监听] 当前：访客用账号；等待未读或新消息。
2026-03-29 18:51:18 | INFO | main | [SOAK] 已运行 21.7 分钟，已处理 0 条消息
[监听] 当前：访客用账号；等待未读或新消息。
[监听] 当前：访客用账号；等待未读或新消息。
[监听] 当前：访客用账号；等待未读或新消息。
[监听] 当前：访客用账号；等待未读或新消息。
[监听] 当前：访客用账号；等待未读或新消息。
[监听] 当前：访客用账号；等待未读或新消息。
[监听] 当前：访客用账号；等待未读或新消息。
2026-03-29 18:51:45 | INFO | main | [SOAK] 已运行 35.9 分钟，已处理 0 条消息
[监听] 当前：访客用账号；等待未读或新消息。
[监听] 当前：访客用账号；等待未读或新消息。
2026-03-29 18:51:54 | INFO | main | [SOAK] 已运行 10.6 分钟，已处理 0 条消息
[监听] 当前：访客用账号；等待未读或新消息。
[监听] 当前：访客用账号；等待未读或新消息。
[监听] 当前：访客用账号；等待未读或新消息。
[监听] 当前：访客用账号；等待未读或新消息。
[监听] 当前：访客用账号；等待未读或新消息。
[监听] 当前：访客用账号；等待未读或新消息。
[监听] 当前：访客用账号；等待未读或新消息。
[监听] 当前：访客用账号；等待未读或新消息。
[监听] 当前：访客用账号；等待未读或新消息。
[监听] 当前：访客用账号；等待未读或新消息。
[监听] 当前：访客用账号；等待未读或新消息。
[监听] 当前：访客用账号；等待未读或新消息。
[监听] 当前：访客用账号；等待未读或新消息。
[监听] 当前：访客用账号；等待未读或新消息。
[监听] 当前：访客用账号；等待未读或新消息。
[监听] 当前：访客用账号；等待未读或新消息。
2026-03-29 18:53:14 | INFO | main | [SOAK] 已运行 10.4 分钟，已处理 0 条消息
[监听] 当前：访客用账号；等待未读或新消息。
[监听] 当前：访客用账号；等待未读或新消息。
[监听] 当前：访客用账号；等待未读或新消息。
[监听] 当前：访客用账号；等待未读或新消息。
[监听] 当前：访客用账号；等待未读或新消息。
[监听] 当前：访客用账号；等待未读或新消息。
[监听] 当前：访客用账号；等待未读或新消息。
[监听] 当前：访客用账号；等待未读或新消息。
2026-03-29 18:53:51 | INFO | main | [SOAK] 已运行 21.6 分钟，已处理 0 条消息
[监听] 当前：访客用账号；等待未读或新消息。
[监听] 当前：访客用账号；等待未读或新消息。
[监听] 当前：访客用账号；等待未读或新消息。
[监听] 当前：访客用账号；等待未读或新消息。
[监听] 当前：访客用账号；等待未读或新消息。
[监听] 当前：访客用账号；等待未读或新消息。
[监听] 当前：访客用账号；等待未读或新消息。
2026-03-29 18:54:23 | INFO | main | [SOAK] 已运行 135.5 分钟，已处理 0 条消息
[监听] 当前：访客用账号；等待未读或新消息。
[监听] 当前：访客用账号；等待未读或新消息。
[监听] 当前：访客用账号；等待未读或新消息。
[监听] 当前：访客用账号；等待未读或新消息。
[监听] 当前：访客用账号；等待未读或新消息。
[监听] 当前：访客用账号；等待未读或新消息。
2026-03-29 18:54:57 | INFO | main | [SOAK] 已运行 150.3 分钟，已处理 0 条消息
[监听] 当前：访客用账号；等待未读或新消息。
[监听] 当前：访客用账号；等待未读或新消息。
[监听] 当前：访客用账号；等待未读或新消息。
[监听] 当前：访客用账号；等待未读或新消息。
[监听] 当前：访客用账号；等待未读或新消息。
[监听] 当前：访客用账号；等待未读或新消息。
[监听] 当前：访客用账号；等待未读或新消息。
[监听] 当前：访客用账号；等待未读或新消息。
[监听] 当前：访客用账号；等待未读或新消息。
[监听] 当前：访客用账号；等待未读或新消息。
[监听] 当前：访客用账号；等待未读或新消息。
[监听] 当前：访客用账号；等待未读或新消息。
[监听] 当前：访客用账号；等待未读或新消息。
[监听] 当前：访客用账号；等待未读或新消息。
[监听] 当前：访客用账号；等待未读或新消息。
[监听] 当前：访客用账号；等待未读或新消息。
[监听] 当前：访客用账号；等待未读或新消息。
[WARN] 残留锁文件 (PID=27612 已不存在)，自动清理。
[INIT] 已获取锁 (PID=22024)
2026-03-29 18:56:12 | INFO | ui_selectors | 已加载 UI 选择器: config/selectors.json
正在定位千牛主窗口（带重试）…
[定位] 第 1 次：已匹配窗口「radiobalabala-接待中心」
2026-03-29 18:56:12 | INFO | main | 定位尝试 1：匹配窗口 radiobalabala-接待中心
千牛窗口已定位，开始监听 | 标题: radiobalabala-接待中心
2026-03-29 18:56:12 | INFO | main | 千牛窗口已定位: radiobalabala-接待中心
[桩模式] 已关闭对 FastGPT 的调用，回复固定为：'【测试回复】这是修复后的测试消息~'（.env 设 AI_STUB_MODE=false 可恢复）
2026-03-29 18:56:12 | INFO | main | AI 桩模式开启 stub_reply=【测试回复】这是修复后的测试消息~
快捷键：按 F12 暂停/继续自动回复（全局有效）
2026-03-29 18:56:12 | INFO | main | [SOAK] Legacy UIA 流水线启动 session_id=b4c00862
[监听] 当前：访客用账号；等待未读或新消息。
[监听] 当前：访客用账号；等待未读或新消息。
[监听] 当前：访客用账号；等待未读或新消息。
[监听] 当前：访客用账号；等待未读或新消息。
[监听] 当前：访客用账号；等待未读或新消息。
[监听] 当前：访客用账号；等待未读或新消息。
[监听] 当前：访客用账号；等待未读或新消息。
[监听] 当前：访客用账号；等待未读或新消息。
[监听] 当前：访客用账号；等待未读或新消息。
[监听] 当前：访客用账号；等待未读或新消息。
[监听] 当前：访客用账号；等待未读或新消息。
[监听] 当前：访客用账号；等待未读或新消息。
[监听] 当前：访客用账号；等待未读或新消息。
[监听] 当前：访客用账号；等待未读或新消息。
[监听] 当前：访客用账号；等待未读或新消息。
[监听] 当前：访客用账号；等待未读或新消息。
[监听] 当前：访客用账号；等待未读或新消息。
[监听] 当前：访客用账号；等待未读或新消息。
[监听] 当前：访客用账号；等待未读或新消息。
[监听] 当前：访客用账号；等待未读或新消息。
[监听] 当前：访客用账号；等待未读或新消息。
2026-03-29 18:59:33 | INFO | main | [SOAK] 已运行 140.7 分钟，已处理 0 条消息
[监听] 当前：访客用账号；等待未读或新消息。
[监听] 当前：访客用账号；等待未读或新消息。
[监听] 当前：访客用账号；等待未读或新消息。
2026-03-29 19:00:06 | INFO | main | [SOAK] 已运行 155.5 分钟，已处理 0 条消息
[监听] 当前：访客用账号；等待未读或新消息。
[监听] 当前：访客用账号；等待未读或新消息。
[监听] 当前：访客用账号；等待未读或新消息。
[监听] 当前：访客用账号；等待未读或新消息。
[监听] 当前：访客用账号；等待未读或新消息。
[监听] 当前：访客用账号；等待未读或新消息。
[监听] 当前：访客用账号；等待未读或新消息。
[监听] 当前：访客用账号；等待未读或新消息。
2026-03-29 19:01:21 | INFO | main | [SOAK] 已运行 5.2 分钟，已处理 0 条消息
[监听] 当前：访客用账号；等待未读或新消息。
[监听] 当前：访客用账号；等待未读或新消息。
[监听] 当前：访客用账号；等待未读或新消息。
[监听] 当前：访客用账号；等待未读或新消息。
[监听] 当前：访客用账号；等待未读或新消息。
[监听] 当前：访客用账号；等待未读或新消息。
[监听] 当前：访客用账号；等待未读或新消息。
[监听] 当前：访客用账号；等待未读或新消息。
[监听] 当前：访客用账号；等待未读或新消息。
[监听] 当前：访客用账号；等待未读或新消息。
[监听] 当前：访客用账号；等待未读或新消息。
[监听] 当前：访客用账号；等待未读或新消息。
[监听] 当前：访客用账号；等待未读或新消息。
[监听] 当前：访客用账号；等待未读或新消息。
[监听] 当前：访客用账号；等待未读或新消息。
[监听] 当前：访客用账号；等待未读或新消息。
[监听] 当前：访客用账号；等待未读或新消息。
[监听] 当前：访客用账号；等待未读或新消息。
[监听] 当前：访客用账号；等待未读或新消息。
[监听] 当前：访客用账号；等待未读或新消息。
2026-03-29 19:04:42 | INFO | main | [SOAK] 已运行 145.9 分钟，已处理 0 条消息
[监听] 当前：访客用账号；等待未读或新消息。
[监听] 当前：访客用账号；等待未读或新消息。
[监听] 当前：访客用账号；等待未读或新消息。
2026-03-29 19:05:14 | INFO | main | [SOAK] 已运行 160.6 分钟，已处理 0 条消息
[监听] 当前：访客用账号；等待未读或新消息。
[监听] 当前：访客用账号；等待未读或新消息。
[监听] 当前：访客用账号；等待未读或新消息。
[监听] 当前：访客用账号；等待未读或新消息。
[监听] 当前：访客用账号；等待未读或新消息。
[监听] 当前：访客用账号；等待未读或新消息。
[监听] 当前：访客用账号；等待未读或新消息。
[监听] 当前：访客用账号；等待未读或新消息。
2026-03-29 19:06:31 | INFO | main | [SOAK] 已运行 10.3 分钟，已处理 0 条消息
[监听] 当前：访客用账号；等待未读或新消息。
[监听] 当前：访客用账号；等待未读或新消息。
[监听] 当前：访客用账号；等待未读或新消息。
[监听] 当前：访客用账号；等待未读或新消息。
[监听] 当前：访客用账号；等待未读或新消息。
[监听] 当前：访客用账号；等待未读或新消息。
[监听] 当前：访客用账号；等待未读或新消息。
[监听] 等待左侧未读或新消息。
[监听] 等待左侧未读或新消息。
[监听] 等待左侧未读或新消息。
[监听] 等待左侧未读或新消息。
[监听] 等待左侧未读或新消息。
[监听] 等待左侧未读或新消息。
[监听] 等待左侧未读或新消息。
[监听] 等待左侧未读或新消息。
2026-03-29 19:09:43 | INFO | main | [SOAK] 已运行 150.9 分钟，已处理 0 条消息
2026-03-29 19:09:43 | ERROR | main | 主循环异常: [Errno 22] Invalid argument
Traceback (most recent call last):
  File "D:\MyProject\kaas-platform\rpa-qianniu\app\main.py", line 725, in _run_legacy_uia
    log.info("[SOAK] 已运行 %.1f 分钟，已处理 %d 条消息", elapsed_total / 60, processed_count)
    ~~~~~~~~^^^^^^^^^^^^^^^^^^^^^^^^^^^^^^^^^^^^^^^^^^^^^^^^^^^^^^^^^^^^^^^^^^^^^^^^^^^^^^^^^^
  File "C:\Program Files\WindowsApps\PythonSoftwareFoundation.Python.3.13_3.13.3312.0_x64__qbz5n2kfra8p0\Lib\logging\__init__.py", line 1520, in info
    self._log(INFO, msg, args, **kwargs)
    ~~~~~~~~~^^^^^^^^^^^^^^^^^^^^^^^^^^^
  File "C:\Program Files\WindowsApps\PythonSoftwareFoundation.Python.3.13_3.13.3312.0_x64__qbz5n2kfra8p0\Lib\logging\__init__.py", line 1665, in _log
    self.handle(record)
    ~~~~~~~~~~~^^^^^^^^
  File "C:\Program Files\WindowsApps\PythonSoftwareFoundation.Python.3.13_3.13.3312.0_x64__qbz5n2kfra8p0\Lib\logging\__init__.py", line 1681, in handle
    self.callHandlers(record)
    ~~~~~~~~~~~~~~~~~^^^^^^^^
  File "C:\Program Files\WindowsApps\PythonSoftwareFoundation.Python.3.13_3.13.3312.0_x64__qbz5n2kfra8p0\Lib\logging\__init__.py", line 1737, in callHandlers
    hdlr.handle(record)
    ~~~~~~~~~~~^^^^^^^^
  File "C:\Program Files\WindowsApps\PythonSoftwareFoundation.Python.3.13_3.13.3312.0_x64__qbz5n2kfra8p0\Lib\logging\__init__.py", line 1027, in handle
    self.emit(record)
    ~~~~~~~~~^^^^^^^^
  File "D:\MyProject\kaas-platform\rpa-qianniu\app\logger.py", line 130, in emit
    self.flush()
    ~~~~~~~~~~^^
  File "C:\Program Files\WindowsApps\PythonSoftwareFoundation.Python.3.13_3.13.3312.0_x64__qbz5n2kfra8p0\Lib\logging\__init__.py", line 1137, in flush
    self.stream.flush()
    ~~~~~~~~~~~~~~~~~^^
  File "D:\MyProject\kaas-platform\rpa-qianniu\app\logger.py", line 39, in flush
    self._original.flush()
    ~~~~~~~~~~~~~~~~~~~~^^
OSError: [Errno 22] Invalid argument
2026-03-29 19:09:43 | INFO | main | [SOAK] Legacy UIA 流水线结束 session_id=a2fdf906，总运行 150.9 分钟，处理 0 条消息
2026-03-29 19:09:43 | CRITICAL | uncaught | 未捕获异常
Traceback (most recent call last):
  File "D:\MyProject\kaas-platform\rpa-qianniu\app\main.py", line 725, in _run_legacy_uia
    log.info("[SOAK] 已运行 %.1f 分钟，已处理 %d 条消息", elapsed_total / 60, processed_count)
    ~~~~~~~~^^^^^^^^^^^^^^^^^^^^^^^^^^^^^^^^^^^^^^^^^^^^^^^^^^^^^^^^^^^^^^^^^^^^^^^^^^^^^^^^^^
  File "C:\Program Files\WindowsApps\PythonSoftwareFoundation.Python.3.13_3.13.3312.0_x64__qbz5n2kfra8p0\Lib\logging\__init__.py", line 1520, in info
    self._log(INFO, msg, args, **kwargs)
    ~~~~~~~~~^^^^^^^^^^^^^^^^^^^^^^^^^^^
  File "C:\Program Files\WindowsApps\PythonSoftwareFoundation.Python.3.13_3.13.3312.0_x64__qbz5n2kfra8p0\Lib\logging\__init__.py", line 1665, in _log
    self.handle(record)
    ~~~~~~~~~~~^^^^^^^^
  File "C:\Program Files\WindowsApps\PythonSoftwareFoundation.Python.3.13_3.13.3312.0_x64__qbz5n2kfra8p0\Lib\logging\__init__.py", line 1681, in handle
    self.callHandlers(record)
    ~~~~~~~~~~~~~~~~~^^^^^^^^
  File "C:\Program Files\WindowsApps\PythonSoftwareFoundation.Python.3.13_3.13.3312.0_x64__qbz5n2kfra8p0\Lib\logging\__init__.py", line 1737, in callHandlers
    hdlr.handle(record)
    ~~~~~~~~~~~^^^^^^^^
  File "C:\Program Files\WindowsApps\PythonSoftwareFoundation.Python.3.13_3.13.3312.0_x64__qbz5n2kfra8p0\Lib\logging\__init__.py", line 1027, in handle
    self.emit(record)
    ~~~~~~~~~^^^^^^^^
  File "D:\MyProject\kaas-platform\rpa-qianniu\app\logger.py", line 130, in emit
    self.flush()
    ~~~~~~~~~~^^
  File "C:\Program Files\WindowsApps\PythonSoftwareFoundation.Python.3.13_3.13.3312.0_x64__qbz5n2kfra8p0\Lib\logging\__init__.py", line 1137, in flush
    self.stream.flush()
    ~~~~~~~~~~~~~~~~~^^
  File "D:\MyProject\kaas-platform\rpa-qianniu\app\logger.py", line 39, in flush
    self._original.flush()
    ~~~~~~~~~~~~~~~~~~~~^^
OSError: [Errno 22] Invalid argument

During handling of the above exception, another exception occurred:

Traceback (most recent call last):
  File "D:\MyProject\kaas-platform\rpa-qianniu\app\main.py", line 979, in _run_legacy_uia
    # 更新 round_counters（多轮对话计数）
  File "C:\Program Files\WindowsApps\PythonSoftwareFoundation.Python.3.13_3.13.3312.0_x64__qbz5n2kfra8p0\Lib\logging\__init__.py", line 1555, in exception
    self.error(msg, *args, exc_info=exc_info, **kwargs)
    ~~~~~~~~~~^^^^^^^^^^^^^^^^^^^^^^^^^^^^^^^^^^^^^^^^^
  File "C:\Program Files\WindowsApps\PythonSoftwareFoundation.Python.3.13_3.13.3312.0_x64__qbz5n2kfra8p0\Lib\logging\__init__.py", line 1549, in error
    self._log(ERROR, msg, args, **kwargs)
    ~~~~~~~~~^^^^^^^^^^^^^^^^^^^^^^^^^^^^
  File "C:\Program Files\WindowsApps\PythonSoftwareFoundation.Python.3.13_3.13.3312.0_x64__qbz5n2kfra8p0\Lib\logging\__init__.py", line 1665, in _log
    self.handle(record)
    ~~~~~~~~~~~^^^^^^^^
  File "C:\Program Files\WindowsApps\PythonSoftwareFoundation.Python.3.13_3.13.3312.0_x64__qbz5n2kfra8p0\Lib\logging\__init__.py", line 1681, in handle
    self.callHandlers(record)
    ~~~~~~~~~~~~~~~~~^^^^^^^^
  File "C:\Program Files\WindowsApps\PythonSoftwareFoundation.Python.3.13_3.13.3312.0_x64__qbz5n2kfra8p0\Lib\logging\__init__.py", line 1737, in callHandlers
    hdlr.handle(record)
    ~~~~~~~~~~~^^^^^^^^
  File "C:\Program Files\WindowsApps\PythonSoftwareFoundation.Python.3.13_3.13.3312.0_x64__qbz5n2kfra8p0\Lib\logging\__init__.py", line 1027, in handle
    self.emit(record)
    ~~~~~~~~~^^^^^^^^
  File "D:\MyProject\kaas-platform\rpa-qianniu\app\logger.py", line 130, in emit
    self.flush()
    ~~~~~~~~~~^^
  File "C:\Program Files\WindowsApps\PythonSoftwareFoundation.Python.3.13_3.13.3312.0_x64__qbz5n2kfra8p0\Lib\logging\__init__.py", line 1137, in flush
    self.stream.flush()
    ~~~~~~~~~~~~~~~~~^^
  File "D:\MyProject\kaas-platform\rpa-qianniu\app\logger.py", line 39, in flush
    self._original.flush()
    ~~~~~~~~~~~~~~~~~~~~^^
OSError: [Errno 22] Invalid argument

During handling of the above exception, another exception occurred:

Traceback (most recent call last):
  File "<frozen runpy>", line 198, in _run_module_as_main
  File "<frozen runpy>", line 88, in _run_code
  File "D:\MyProject\kaas-platform\rpa-qianniu\app\main.py", line 1056, in <module>
    adapter = QianniuAdapter(config)
    ^^^^^^
  File "D:\MyProject\kaas-platform\rpa-qianniu\app\main.py", line 1052, in main
    poll_interval_sec=settings.poll_interval_sec,
    ^^^^^
  File "D:\MyProject\kaas-platform\rpa-qianniu\app\main.py", line 1005, in run
    except Exception as exc:
    ^^^^^^^^^^^^^^
  File "D:\MyProject\kaas-platform\rpa-qianniu\app\main.py", line 985, in _run_legacy_uia
    print(
  File "C:\Program Files\WindowsApps\PythonSoftwareFoundation.Python.3.13_3.13.3312.0_x64__qbz5n2kfra8p0\Lib\logging\__init__.py", line 1520, in info
    self._log(INFO, msg, args, **kwargs)
    ~~~~~~~~~^^^^^^^^^^^^^^^^^^^^^^^^^^^
  File "C:\Program Files\WindowsApps\PythonSoftwareFoundation.Python.3.13_3.13.3312.0_x64__qbz5n2kfra8p0\Lib\logging\__init__.py", line 1665, in _log
    self.handle(record)
    ~~~~~~~~~~~^^^^^^^^
  File "C:\Program Files\WindowsApps\PythonSoftwareFoundation.Python.3.13_3.13.3312.0_x64__qbz5n2kfra8p0\Lib\logging\__init__.py", line 1681, in handle
    self.callHandlers(record)
    ~~~~~~~~~~~~~~~~~^^^^^^^^
  File "C:\Program Files\WindowsApps\PythonSoftwareFoundation.Python.3.13_3.13.3312.0_x64__qbz5n2kfra8p0\Lib\logging\__init__.py", line 1737, in callHandlers
    hdlr.handle(record)
    ~~~~~~~~~~~^^^^^^^^
  File "C:\Program Files\WindowsApps\PythonSoftwareFoundation.Python.3.13_3.13.3312.0_x64__qbz5n2kfra8p0\Lib\logging\__init__.py", line 1027, in handle
    self.emit(record)
    ~~~~~~~~~^^^^^^^^
  File "D:\MyProject\kaas-platform\rpa-qianniu\app\logger.py", line 130, in emit
    self.flush()
    ~~~~~~~~~~^^
  File "C:\Program Files\WindowsApps\PythonSoftwareFoundation.Python.3.13_3.13.3312.0_x64__qbz5n2kfra8p0\Lib\logging\__init__.py", line 1137, in flush
    self.stream.flush()
    ~~~~~~~~~~~~~~~~~^^
  File "D:\MyProject\kaas-platform\rpa-qianniu\app\logger.py", line 39, in flush
    self._original.flush()
    ~~~~~~~~~~~~~~~~~~~~^^
OSError: [Errno 22] Invalid argument
[监听] 等待左侧未读或新消息。
2026-03-29 19:10:15 | INFO | main | [SOAK] 已运行 165.6 分钟，已处理 0 条消息
2026-03-29 19:10:15 | ERROR | main | 主循环异常: [Errno 22] Invalid argument
Traceback (most recent call last):
  File "D:\MyProject\kaas-platform\rpa-qianniu\app\main.py", line 725, in _run_legacy_uia
    log.info("[SOAK] 已运行 %.1f 分钟，已处理 %d 条消息", elapsed_total / 60, processed_count)
    ~~~~~~~~^^^^^^^^^^^^^^^^^^^^^^^^^^^^^^^^^^^^^^^^^^^^^^^^^^^^^^^^^^^^^^^^^^^^^^^^^^^^^^^^^^
  File "C:\Program Files\WindowsApps\PythonSoftwareFoundation.Python.3.13_3.13.3312.0_x64__qbz5n2kfra8p0\Lib\logging\__init__.py", line 1520, in info
    self._log(INFO, msg, args, **kwargs)
    ~~~~~~~~~^^^^^^^^^^^^^^^^^^^^^^^^^^^
  File "C:\Program Files\WindowsApps\PythonSoftwareFoundation.Python.3.13_3.13.3312.0_x64__qbz5n2kfra8p0\Lib\logging\__init__.py", line 1665, in _log
    self.handle(record)
    ~~~~~~~~~~~^^^^^^^^
  File "C:\Program Files\WindowsApps\PythonSoftwareFoundation.Python.3.13_3.13.3312.0_x64__qbz5n2kfra8p0\Lib\logging\__init__.py", line 1681, in handle
    self.callHandlers(record)
    ~~~~~~~~~~~~~~~~~^^^^^^^^
  File "C:\Program Files\WindowsApps\PythonSoftwareFoundation.Python.3.13_3.13.3312.0_x64__qbz5n2kfra8p0\Lib\logging\__init__.py", line 1737, in callHandlers
    hdlr.handle(record)
    ~~~~~~~~~~~^^^^^^^^
  File "C:\Program Files\WindowsApps\PythonSoftwareFoundation.Python.3.13_3.13.3312.0_x64__qbz5n2kfra8p0\Lib\logging\__init__.py", line 1027, in handle
    self.emit(record)
    ~~~~~~~~~^^^^^^^^
  File "D:\MyProject\kaas-platform\rpa-qianniu\app\logger.py", line 130, in emit
    self.flush()
    ~~~~~~~~~~^^
  File "C:\Program Files\WindowsApps\PythonSoftwareFoundation.Python.3.13_3.13.3312.0_x64__qbz5n2kfra8p0\Lib\logging\__init__.py", line 1137, in flush
    self.stream.flush()
    ~~~~~~~~~~~~~~~~~^^
  File "D:\MyProject\kaas-platform\rpa-qianniu\app\logger.py", line 39, in flush
    self._original.flush()
    ~~~~~~~~~~~~~~~~~~~~^^
OSError: [Errno 22] Invalid argument
2026-03-29 19:10:15 | INFO | main | [SOAK] Legacy UIA 流水线结束 session_id=326b9a81，总运行 165.6 分钟，处理 0 条消息
2026-03-29 19:10:15 | CRITICAL | uncaught | 未捕获异常
Traceback (most recent call last):
  File "D:\MyProject\kaas-platform\rpa-qianniu\app\main.py", line 725, in _run_legacy_uia
    log.info("[SOAK] 已运行 %.1f 分钟，已处理 %d 条消息", elapsed_total / 60, processed_count)
    ~~~~~~~~^^^^^^^^^^^^^^^^^^^^^^^^^^^^^^^^^^^^^^^^^^^^^^^^^^^^^^^^^^^^^^^^^^^^^^^^^^^^^^^^^^
  File "C:\Program Files\WindowsApps\PythonSoftwareFoundation.Python.3.13_3.13.3312.0_x64__qbz5n2kfra8p0\Lib\logging\__init__.py", line 1520, in info
    self._log(INFO, msg, args, **kwargs)
    ~~~~~~~~~^^^^^^^^^^^^^^^^^^^^^^^^^^^
  File "C:\Program Files\WindowsApps\PythonSoftwareFoundation.Python.3.13_3.13.3312.0_x64__qbz5n2kfra8p0\Lib\logging\__init__.py", line 1665, in _log
    self.handle(record)
    ~~~~~~~~~~~^^^^^^^^
  File "C:\Program Files\WindowsApps\PythonSoftwareFoundation.Python.3.13_3.13.3312.0_x64__qbz5n2kfra8p0\Lib\logging\__init__.py", line 1681, in handle
    self.callHandlers(record)
    ~~~~~~~~~~~~~~~~~^^^^^^^^
  File "C:\Program Files\WindowsApps\PythonSoftwareFoundation.Python.3.13_3.13.3312.0_x64__qbz5n2kfra8p0\Lib\logging\__init__.py", line 1737, in callHandlers
    hdlr.handle(record)
    ~~~~~~~~~~~^^^^^^^^
  File "C:\Program Files\WindowsApps\PythonSoftwareFoundation.Python.3.13_3.13.3312.0_x64__qbz5n2kfra8p0\Lib\logging\__init__.py", line 1027, in handle
    self.emit(record)
    ~~~~~~~~~^^^^^^^^
  File "D:\MyProject\kaas-platform\rpa-qianniu\app\logger.py", line 130, in emit
    self.flush()
    ~~~~~~~~~~^^
  File "C:\Program Files\WindowsApps\PythonSoftwareFoundation.Python.3.13_3.13.3312.0_x64__qbz5n2kfra8p0\Lib\logging\__init__.py", line 1137, in flush
    self.stream.flush()
    ~~~~~~~~~~~~~~~~~^^
  File "D:\MyProject\kaas-platform\rpa-qianniu\app\logger.py", line 39, in flush
    self._original.flush()
    ~~~~~~~~~~~~~~~~~~~~^^
OSError: [Errno 22] Invalid argument

During handling of the above exception, another exception occurred:

Traceback (most recent call last):
  File "D:\MyProject\kaas-platform\rpa-qianniu\app\main.py", line 979, in _run_legacy_uia
    # 更新 round_counters（多轮对话计数）
  File "C:\Program Files\WindowsApps\PythonSoftwareFoundation.Python.3.13_3.13.3312.0_x64__qbz5n2kfra8p0\Lib\logging\__init__.py", line 1555, in exception
    self.error(msg, *args, exc_info=exc_info, **kwargs)
    ~~~~~~~~~~^^^^^^^^^^^^^^^^^^^^^^^^^^^^^^^^^^^^^^^^^
  File "C:\Program Files\WindowsApps\PythonSoftwareFoundation.Python.3.13_3.13.3312.0_x64__qbz5n2kfra8p0\Lib\logging\__init__.py", line 1549, in error
    self._log(ERROR, msg, args, **kwargs)
    ~~~~~~~~~^^^^^^^^^^^^^^^^^^^^^^^^^^^^
  File "C:\Program Files\WindowsApps\PythonSoftwareFoundation.Python.3.13_3.13.3312.0_x64__qbz5n2kfra8p0\Lib\logging\__init__.py", line 1665, in _log
    self.handle(record)
    ~~~~~~~~~~~^^^^^^^^
  File "C:\Program Files\WindowsApps\PythonSoftwareFoundation.Python.3.13_3.13.3312.0_x64__qbz5n2kfra8p0\Lib\logging\__init__.py", line 1681, in handle
    self.callHandlers(record)
    ~~~~~~~~~~~~~~~~~^^^^^^^^
  File "C:\Program Files\WindowsApps\PythonSoftwareFoundation.Python.3.13_3.13.3312.0_x64__qbz5n2kfra8p0\Lib\logging\__init__.py", line 1737, in callHandlers
    hdlr.handle(record)
    ~~~~~~~~~~~^^^^^^^^
  File "C:\Program Files\WindowsApps\PythonSoftwareFoundation.Python.3.13_3.13.3312.0_x64__qbz5n2kfra8p0\Lib\logging\__init__.py", line 1027, in handle
    self.emit(record)
    ~~~~~~~~~^^^^^^^^
  File "D:\MyProject\kaas-platform\rpa-qianniu\app\logger.py", line 130, in emit
    self.flush()
    ~~~~~~~~~~^^
  File "C:\Program Files\WindowsApps\PythonSoftwareFoundation.Python.3.13_3.13.3312.0_x64__qbz5n2kfra8p0\Lib\logging\__init__.py", line 1137, in flush
    self.stream.flush()
    ~~~~~~~~~~~~~~~~~^^
  File "D:\MyProject\kaas-platform\rpa-qianniu\app\logger.py", line 39, in flush
    self._original.flush()
    ~~~~~~~~~~~~~~~~~~~~^^
OSError: [Errno 22] Invalid argument

During handling of the above exception, another exception occurred:

Traceback (most recent call last):
  File "<frozen runpy>", line 198, in _run_module_as_main
  File "<frozen runpy>", line 88, in _run_code
  File "D:\MyProject\kaas-platform\rpa-qianniu\app\main.py", line 1056, in <module>
    adapter = QianniuAdapter(config)
    ^^^^^^
  File "D:\MyProject\kaas-platform\rpa-qianniu\app\main.py", line 1052, in main
    poll_interval_sec=settings.poll_interval_sec,
    ^^^^^
  File "D:\MyProject\kaas-platform\rpa-qianniu\app\main.py", line 1005, in run
    except Exception as exc:
    ^^^^^^^^^^^^^^
  File "D:\MyProject\kaas-platform\rpa-qianniu\app\main.py", line 985, in _run_legacy_uia
    print(
  File "C:\Program Files\WindowsApps\PythonSoftwareFoundation.Python.3.13_3.13.3312.0_x64__qbz5n2kfra8p0\Lib\logging\__init__.py", line 1520, in info
    self._log(INFO, msg, args, **kwargs)
    ~~~~~~~~~^^^^^^^^^^^^^^^^^^^^^^^^^^^
  File "C:\Program Files\WindowsApps\PythonSoftwareFoundation.Python.3.13_3.13.3312.0_x64__qbz5n2kfra8p0\Lib\logging\__init__.py", line 1665, in _log
    self.handle(record)
    ~~~~~~~~~~~^^^^^^^^
  File "C:\Program Files\WindowsApps\PythonSoftwareFoundation.Python.3.13_3.13.3312.0_x64__qbz5n2kfra8p0\Lib\logging\__init__.py", line 1681, in handle
    self.callHandlers(record)
    ~~~~~~~~~~~~~~~~~^^^^^^^^
  File "C:\Program Files\WindowsApps\PythonSoftwareFoundation.Python.3.13_3.13.3312.0_x64__qbz5n2kfra8p0\Lib\logging\__init__.py", line 1737, in callHandlers
    hdlr.handle(record)
    ~~~~~~~~~~~^^^^^^^^
  File "C:\Program Files\WindowsApps\PythonSoftwareFoundation.Python.3.13_3.13.3312.0_x64__qbz5n2kfra8p0\Lib\logging\__init__.py", line 1027, in handle
    self.emit(record)
    ~~~~~~~~~^^^^^^^^
  File "D:\MyProject\kaas-platform\rpa-qianniu\app\logger.py", line 130, in emit
    self.flush()
    ~~~~~~~~~~^^
  File "C:\Program Files\WindowsApps\PythonSoftwareFoundation.Python.3.13_3.13.3312.0_x64__qbz5n2kfra8p0\Lib\logging\__init__.py", line 1137, in flush
    self.stream.flush()
    ~~~~~~~~~~~~~~~~~^^
  File "D:\MyProject\kaas-platform\rpa-qianniu\app\logger.py", line 39, in flush
    self._original.flush()
    ~~~~~~~~~~~~~~~~~~~~^^
OSError: [Errno 22] Invalid argument
